$date
	Sat Sep 12 23:49:14 2026
$end
$version
	Icarus Verilog
$end
$timescale
	1ps
$end
$scope module sync_fifo $end
$var wire 1 ! clk $end
$var wire 1 " full $end
$var wire 1 # rd_en $end
$var wire 1 $ rst_n $end
$var wire 8 % wr_data [7:0] $end
$var wire 1 & wr_en $end
$var wire 4 ' wr_addr [3:0] $end
$var wire 4 ( rd_addr [3:0] $end
$var wire 1 ) empty $end
$var parameter 32 * ADDR_WIDTH $end
$var parameter 32 + DATA_WIDTH $end
$var parameter 32 , DEPTH $end
$var reg 8 - rd_data [7:0] $end
$var reg 5 . rd_ptr [4:0] $end
$var reg 5 / wr_ptr [4:0] $end
$upscope $end
$enddefinitions $end
$comment Show the parameter values. $end
$dumpall
b10000 ,
b1000 +
b100 *
$end
#0
$dumpvars
b0 /
b0 .
b0 -
1)
b0 (
b0 '
0&
b0 %
0$
0#
0"
1!
$end
#5000
0!
#10000
1$
1!
#15000
0!
#20000
1&
1!
#25000
0!
#30000
b1 %
b1 '
0)
b1 /
1!
#35000
0!
#40000
b10 %
b10 '
b10 /
1!
#45000
0!
#50000
b0 %
0$
0&
b11 '
b11 /
1!
#55000
0!
#60000
b0 '
1)
b0 /
1!
#65000
0!
#70000
1$
1!
#75000
0!
#80000
1!
#80001
0$
#85001
0!
#90001
1!
#95001
0!
#100001
1$
1!
#105001
0!
#110001
b10100101 %
1&
1!
#115001
0!
#120001
1#
0&
b1 '
0)
b1 /
1!
#125001
0!
#130001
0#
b1 (
1)
b1 .
b10100101 -
1!
#130002
b0 %
0$
#135002
0!
#140002
b0 '
b0 (
b0 /
b0 -
1)
b0 .
1!
#145002
0!
#150002
1$
1!
#155002
0!
#160002
1&
1!
#165002
0!
#170002
b1 %
b1 '
0)
b1 /
1!
#175002
0!
#180002
b10 %
b10 '
b10 /
1!
#185002
0!
#190002
b11 %
b11 '
b11 /
1!
#195002
0!
#200002
b100 %
b100 '
b100 /
1!
#205002
0!
#210002
b101 %
b101 '
b101 /
1!
#215002
0!
#220002
b110 %
b110 '
b110 /
1!
#225002
0!
#230002
b111 %
b111 '
b111 /
1!
#235002
0!
#240002
b1000 %
b1000 '
b1000 /
1!
#245002
0!
#250002
b1001 %
b1001 '
b1001 /
1!
#255002
0!
#260002
b1010 %
b1010 '
b1010 /
1!
#265002
0!
#270002
b1011 %
b1011 '
b1011 /
1!
#275002
0!
#280002
b1100 %
b1100 '
b1100 /
1!
#285002
0!
#290002
b1101 %
b1101 '
b1101 /
1!
#295002
0!
#300002
b1110 %
b1110 '
b1110 /
1!
#305002
0!
#310002
b1111 %
b1111 '
b1111 /
1!
#315002
0!
#320002
0&
1"
b0 '
b10000 /
1!
#320003
b0 %
0$
#325003
0!
#330003
0"
1)
b0 /
1!
#335003
0!
#340003
1$
1!
#345003
0!
#350003
1&
1!
#355003
0!
#360003
b1 %
b1 '
0)
b1 /
1!
#365003
0!
#370003
b10 %
b10 '
b10 /
1!
#375003
0!
#380003
b11 %
b11 '
b11 /
1!
#385003
0!
#390003
b100 %
b100 '
b100 /
1!
#395003
0!
#400003
b101 %
b101 '
b101 /
1!
#405003
0!
#410003
b110 %
b110 '
b110 /
1!
#415003
0!
#420003
b111 %
b111 '
b111 /
1!
#425003
0!
#430003
b1000 %
b1000 '
b1000 /
1!
#435003
0!
#440003
b1001 %
b1001 '
b1001 /
1!
#445003
0!
#450003
b1010 %
b1010 '
b1010 /
1!
#455003
0!
#460003
b1011 %
b1011 '
b1011 /
1!
#465003
0!
#470003
b1100 %
b1100 '
b1100 /
1!
#475003
0!
#480003
b1101 %
b1101 '
b1101 /
1!
#485003
0!
#490003
b1110 %
b1110 '
b1110 /
1!
#495003
0!
#500003
b1111 %
b1111 '
b1111 /
1!
#505003
0!
#510003
b11111111 %
1"
b0 '
b10000 /
1!
#515003
0!
#520003
1#
0&
1!
#525003
0!
#530003
0#
0"
b1 (
b1 .
1!
#530004
b0 %
0$
#535004
0!
#540004
0"
b0 (
1)
b0 /
b0 .
1!
#545004
0!
#550004
1$
1!
#555004
0!
#560004
1#
1!
#565004
0!
#570004
b111100 %
1&
0#
1!
#575004
0!
#580004
1#
0&
b1 '
0)
b1 /
1!
#585004
0!
#590004
0#
b1 (
1)
b1 .
b111100 -
1!
#590005
b0 %
0$
#595005
0!
#600005
b0 '
b0 (
b0 /
b0 -
1)
b0 .
1!
#605005
0!
#610005
1$
1!
#615005
0!
#620005
b10001 %
1&
1!
#625005
0!
#630005
1#
b100010 %
b1 '
0)
b1 /
1!
#635005
0!
#640005
1#
0&
b10 '
b1 (
b10 /
0)
b1 .
b10001 -
1!
#645005
0!
#650005
0#
b10 (
1)
b10 .
b100010 -
1!
#650006
b0 %
0$
#655006
0!
#660006
b0 '
b0 (
b0 /
b0 -
1)
b0 .
1!
#665006
0!
#670006
1$
1!
#675006
0!
#680006
1&
1!
#685006
0!
#690006
b1 %
b1 '
0)
b1 /
1!
#695006
0!
#700006
b10 %
b10 '
b10 /
1!
#705006
0!
#710006
b11 %
b11 '
b11 /
1!
#715006
0!
#720006
b100 %
b100 '
b100 /
1!
#725006
0!
#730006
b101 %
b101 '
b101 /
1!
#735006
0!
#740006
b110 %
b110 '
b110 /
1!
#745006
0!
#750006
b111 %
b111 '
b111 /
1!
#755006
0!
#760006
b0 %
0$
0&
b1000 '
b1000 /
1!
#765006
0!
#770006
b0 '
1)
b0 /
1!
#775006
0!
#780006
1$
1!
#785006
0!
#790006
b1111110 %
1&
1!
#795006
0!
#800006
1#
0&
b1 '
0)
b1 /
1!
#805006
0!
#810006
0#
b1 (
1)
b1 .
b1111110 -
1!
#810007
b0 %
0$
#815007
0!
#820007
b0 '
b0 (
b0 /
b0 -
1)
b0 .
1!
#825007
0!
#830007
1$
1!
#835007
0!
#840007
1&
1!
#845007
0!
#850007
1#
b1 %
b1 '
0)
b1 /
1!
#855007
0!
#860007
b10 %
b10 '
b1 (
b10 /
0)
b1 .
1!
#865007
0!
#870007
b11 %
b10 (
b11 '
b10 .
b1 -
b11 /
1!
#875007
0!
#880007
b100 %
b100 '
b11 (
b100 /
0)
b11 .
b10 -
1!
#885007
0!
#890007
b101 %
b100 (
b101 '
b100 .
b11 -
b101 /
1!
#895007
0!
#900007
b110 %
b110 '
b101 (
b110 /
0)
b101 .
b100 -
1!
#905007
0!
#910007
b111 %
b110 (
b111 '
b110 .
b101 -
b111 /
1!
#915007
0!
#920007
b1000 %
b1000 '
b111 (
b1000 /
0)
b111 .
b110 -
1!
#925007
0!
#930007
b1001 %
b1000 (
b1001 '
b1000 .
b111 -
b1001 /
1!
#935007
0!
#940007
b1010 %
b1010 '
b1001 (
b1010 /
0)
b1001 .
b1000 -
1!
#945007
0!
#950007
b1011 %
b1010 (
b1011 '
b1010 .
b1001 -
b1011 /
1!
#955007
0!
#960007
b1100 %
b1100 '
b1011 (
b1100 /
0)
b1011 .
b1010 -
1!
#965007
0!
#970007
b1101 %
b1100 (
b1101 '
b1100 .
b1011 -
b1101 /
1!
#975007
0!
#980007
b1110 %
b1110 '
b1101 (
b1110 /
0)
b1101 .
b1100 -
1!
#985007
0!
#990007
b1111 %
b1110 (
b1111 '
b1110 .
b1101 -
b1111 /
1!
#995007
0!
#1000007
b10000 %
b0 '
b1111 (
b10000 /
0)
b1111 .
b1110 -
1!
#1005007
0!
#1010007
b10001 %
b0 (
b1 '
b10000 .
b1111 -
b10001 /
1!
#1015007
0!
#1020007
b10010 %
b10 '
b1 (
b10010 /
0)
b10001 .
b10000 -
1!
#1025007
0!
#1030007
b10011 %
b10 (
b11 '
b10010 .
b10001 -
b10011 /
1!
#1035007
0!
#1040007
b10100 %
b100 '
b11 (
b10100 /
0)
b10011 .
b10010 -
1!
#1045007
0!
#1050007
b10101 %
b100 (
b101 '
b10100 .
b10011 -
b10101 /
1!
#1055007
0!
#1060007
b10110 %
b110 '
b101 (
b10110 /
0)
b10101 .
b10100 -
1!
#1065007
0!
#1070007
b10111 %
b110 (
b111 '
b10110 .
b10101 -
b10111 /
1!
#1075007
0!
#1080007
b11000 %
b1000 '
b111 (
b11000 /
0)
b10111 .
b10110 -
1!
#1085007
0!
#1090007
b11001 %
b1000 (
b1001 '
b11000 .
b10111 -
b11001 /
1!
#1095007
0!
#1100007
b11010 %
b1010 '
b1001 (
b11010 /
0)
b11001 .
b11000 -
1!
#1105007
0!
#1110007
b11011 %
b1010 (
b1011 '
b11010 .
b11001 -
b11011 /
1!
#1115007
0!
#1120007
b11100 %
b1100 '
b1011 (
b11100 /
0)
b11011 .
b11010 -
1!
#1125007
0!
#1130007
b11101 %
b1100 (
b1101 '
b11100 .
b11011 -
b11101 /
1!
#1135007
0!
#1140007
b11110 %
b1110 '
b1101 (
b11110 /
0)
b11101 .
b11100 -
1!
#1145007
0!
#1150007
b11111 %
b1110 (
b1111 '
b11110 .
b11101 -
b11111 /
1!
#1155007
0!
#1160007
b100000 %
b0 '
b1111 (
b0 /
0)
b11111 .
b11110 -
1!
#1165007
0!
#1170007
b100001 %
b0 (
b1 '
b0 .
b11111 -
b1 /
1!
#1175007
0!
#1180007
b100010 %
b10 '
b1 (
b10 /
0)
b1 .
b100000 -
1!
#1185007
0!
#1190007
b100011 %
b10 (
b11 '
b10 .
b100001 -
b11 /
1!
#1195007
0!
#1200007
b100100 %
b100 '
b11 (
b100 /
0)
b11 .
b100010 -
1!
#1205007
0!
#1210007
b100101 %
b100 (
b101 '
b100 .
b100011 -
b101 /
1!
#1215007
0!
#1220007
b100110 %
b110 '
b101 (
b110 /
0)
b101 .
b100100 -
1!
#1225007
0!
#1230007
b100111 %
b110 (
b111 '
b110 .
b100101 -
b111 /
1!
#1235007
0!
#1240007
b101000 %
b1000 '
b111 (
b1000 /
0)
b111 .
b100110 -
1!
#1245007
0!
#1250007
b101001 %
b1000 (
b1001 '
b1000 .
b100111 -
b1001 /
1!
#1255007
0!
#1260007
b101010 %
b1010 '
b1001 (
b1010 /
0)
b1001 .
b101000 -
1!
#1265007
0!
#1270007
b101011 %
b1010 (
b1011 '
b1010 .
b101001 -
b1011 /
1!
#1275007
0!
#1280007
b101100 %
b1100 '
b1011 (
b1100 /
0)
b1011 .
b101010 -
1!
#1285007
0!
#1290007
b101101 %
b1100 (
b1101 '
b1100 .
b101011 -
b1101 /
1!
#1295007
0!
#1300007
b101110 %
b1110 '
b1101 (
b1110 /
0)
b1101 .
b101100 -
1!
#1305007
0!
#1310007
b101111 %
b1110 (
b1111 '
b1110 .
b101101 -
b1111 /
1!
#1315007
0!
#1320007
b110000 %
b0 '
b1111 (
b10000 /
0)
b1111 .
b101110 -
1!
#1325007
0!
#1330007
b110001 %
b0 (
b1 '
b10000 .
b101111 -
b10001 /
1!
#1335007
0!
#1340007
b110010 %
b10 '
b1 (
b10010 /
0)
b10001 .
b110000 -
1!
#1345007
0!
#1350007
b110011 %
b10 (
b11 '
b10010 .
b110001 -
b10011 /
1!
#1355007
0!
#1360007
b110100 %
b100 '
b11 (
b10100 /
0)
b10011 .
b110010 -
1!
#1365007
0!
#1370007
b110101 %
b100 (
b101 '
b10100 .
b110011 -
b10101 /
1!
#1375007
0!
#1380007
b110110 %
b110 '
b101 (
b10110 /
0)
b10101 .
b110100 -
1!
#1385007
0!
#1390007
b110111 %
b110 (
b111 '
b10110 .
b110101 -
b10111 /
1!
#1395007
0!
#1400007
b111000 %
b1000 '
b111 (
b11000 /
0)
b10111 .
b110110 -
1!
#1405007
0!
#1410007
b111001 %
b1000 (
b1001 '
b11000 .
b110111 -
b11001 /
1!
#1415007
0!
#1420007
b111010 %
b1010 '
b1001 (
b11010 /
0)
b11001 .
b111000 -
1!
#1425007
0!
#1430007
b111011 %
b1010 (
b1011 '
b11010 .
b111001 -
b11011 /
1!
#1435007
0!
#1440007
b111100 %
b1100 '
b1011 (
b11100 /
0)
b11011 .
b111010 -
1!
#1445007
0!
#1450007
b111101 %
b1100 (
b1101 '
b11100 .
b111011 -
b11101 /
1!
#1455007
0!
#1460007
b111110 %
b1110 '
b1101 (
b11110 /
0)
b11101 .
b111100 -
1!
#1465007
0!
#1470007
b111111 %
b1110 (
b1111 '
b11110 .
b111101 -
b11111 /
1!
#1475007
0!
#1480007
b1000000 %
b0 '
b1111 (
b0 /
0)
b11111 .
b111110 -
1!
#1485007
0!
#1490007
0#
0&
b0 (
b1 '
b0 .
b111111 -
b1 /
1!
#1490008
b0 %
0$
#1495008
0!
#1500008
b0 '
1)
b0 /
b0 -
1!
#1505008
0!
#1510008
1$
1!
#1515008
0!
#1520008
1&
1!
#1525008
0!
#1530008
b1 %
b1 '
0)
b1 /
1!
#1535008
0!
#1540008
b10 %
b10 '
b10 /
1!
#1545008
0!
#1550008
b11 %
b11 '
b11 /
1!
#1555008
0!
#1560008
b100 %
b100 '
b100 /
1!
#1565008
0!
#1570008
b101 %
b101 '
b101 /
1!
#1575008
0!
#1580008
b110 %
b110 '
b110 /
1!
#1585008
0!
#1590008
b111 %
b111 '
b111 /
1!
#1595008
0!
#1600008
b1000 %
b1000 '
b1000 /
1!
#1605008
0!
#1610008
b1001 %
b1001 '
b1001 /
1!
#1615008
0!
#1620008
b1010 %
b1010 '
b1010 /
1!
#1625008
0!
#1630008
b1011 %
b1011 '
b1011 /
1!
#1635008
0!
#1640008
b1100 %
b1100 '
b1100 /
1!
#1645008
0!
#1650008
b1101 %
b1101 '
b1101 /
1!
#1655008
0!
#1660008
b1110 %
b1110 '
b1110 /
1!
#1665008
0!
#1670008
b1111 %
b1111 '
b1111 /
1!
#1675008
0!
#1680008
b10101010 %
1"
b0 '
b10000 /
1!
#1685008
0!
#1690008
1#
0&
1!
#1695008
0!
#1700008
0"
b1 (
b1 .
1!
#1705008
0!
#1710008
b10 (
b10 .
b1 -
1!
#1715008
0!
#1720008
b11 (
b11 .
b10 -
1!
#1725008
0!
#1730008
b100 (
b100 .
b11 -
1!
#1735008
0!
#1740008
b101 (
b101 .
b100 -
1!
#1745008
0!
#1750008
b110 (
b110 .
b101 -
1!
#1755008
0!
#1760008
b111 (
b111 .
b110 -
1!
#1765008
0!
#1770008
b1000 (
b1000 .
b111 -
1!
#1775008
0!
#1780008
b1001 (
b1001 .
b1000 -
1!
#1785008
0!
#1790008
b1010 (
b1010 .
b1001 -
1!
#1795008
0!
#1800008
b1011 (
b1011 .
b1010 -
1!
#1805008
0!
#1810008
b1100 (
b1100 .
b1011 -
1!
#1815008
0!
#1820008
b1101 (
b1101 .
b1100 -
1!
#1825008
0!
#1830008
b1110 (
b1110 .
b1101 -
1!
#1835008
0!
#1840008
b1111 (
b1111 .
b1110 -
1!
#1845008
0!
#1850008
0#
b0 (
1)
b10000 .
b1111 -
1!
#1850009
b0 %
0$
#1855009
0!
#1860009
b0 /
b0 -
1)
b0 .
1!
#1865009
0!
#1870009
1$
1!
#1875009
0!
#1880009
1#
b1110010 %
1&
1!
#1885009
0!
#1890009
0#
b101100 %
b1 '
0)
b1 /
1!
#1895009
0!
#1900009
1#
b1110111 %
b10 '
b10 /
1!
#1905009
0!
#1910009
b11010110 %
b1 (
b11 '
b1 .
b1110010 -
b11 /
1!
#1915009
0!
#1920009
0#
b0 %
0&
b100 '
b10 (
b100 /
b10 .
b101100 -
1!
#1925009
0!
#1930009
0$
1!
#1935009
0!
#1940009
1#
1$
b0 '
b0 (
1)
b0 /
b0 -
b0 .
1!
#1945009
0!
#1950009
1!
#1955009
0!
#1960009
0#
b10000111 %
1&
1!
#1965009
0!
#1970009
b0 %
0&
b1 '
0)
b1 /
1!
#1975009
0!
#1980009
b10111001 %
1&
1!
#1985009
0!
#1990009
1#
b0 %
0&
b10 '
b10 /
1!
#1995009
0!
#2000009
b1110111 %
1&
b1 (
b1 .
b10000111 -
1!
#2005009
0!
#2010009
b10111010 %
b10 (
b11 '
b10 .
b10111001 -
b11 /
1!
#2015009
0!
#2020009
0#
b100100 %
b100 '
b11 (
b100 /
0)
b11 .
b1110111 -
1!
#2025009
0!
#2030009
b1010011 %
b101 '
b101 /
1!
#2035009
0!
#2040009
b1110000 %
b110 '
b110 /
1!
#2045009
0!
#2050009
b0 %
0&
b111 '
b111 /
1!
#2055009
0!
#2060009
1#
b10001001 %
1&
1!
#2065009
0!
#2070009
0#
b0 %
0&
b100 (
b1000 '
b100 .
b10111010 -
b1000 /
1!
#2075009
0!
#2080009
1#
b11101010 %
1&
1!
#2085009
0!
#2090009
0#
b10000110 %
b101 (
b1001 '
b101 .
b100100 -
b1001 /
1!
#2095009
0!
#2100009
b10111001 %
b1010 '
b1010 /
1!
#2105009
0!
#2110009
b0 %
0&
b1011 '
b1011 /
1!
#2115009
0!
#2120009
1#
b1010001 %
1&
1!
#2125009
0!
#2130009
b11000011 %
b110 (
b1100 '
b110 .
b1010011 -
b1100 /
1!
#2135009
0!
#2140009
b101 %
b1101 '
b111 (
b1101 /
b111 .
b1110000 -
1!
#2145009
0!
#2150009
0#
b10001000 %
b1000 (
b1110 '
b1000 .
b10001001 -
b1110 /
1!
#2155009
0!
#2160009
1#
b1010000 %
b1111 '
b1111 /
1!
#2165009
0!
#2170009
0#
b0 %
0&
b1001 (
b0 '
b1001 .
b11101010 -
b10000 /
1!
#2175009
0!
#2180009
1#
1!
#2185009
0!
#2190009
b1010 (
b1010 .
b10000110 -
1!
#2195009
0!
#2200009
b1011 (
b1011 .
b10111001 -
1!
#2205009
0!
#2210009
0#
b1100 (
b1100 .
b1010001 -
1!
#2215009
0!
#2220009
1#
b1001 %
1&
1!
#2225009
0!
#2230009
0#
b10011101 %
b1101 (
b1 '
b1101 .
b11000011 -
b10001 /
1!
#2235009
0!
#2240009
b101000 %
b10 '
b10010 /
1!
#2245009
0!
#2250009
1#
b1000000 %
b11 '
b10011 /
1!
#2255009
0!
#2260009
0#
b10000111 %
b100 '
b1110 (
b10100 /
b1110 .
b101 -
1!
#2265009
0!
#2270009
b0 %
0&
b101 '
b10101 /
1!
#2275009
0!
#2280009
1!
#2285009
0!
#2290009
b10111111 %
1&
1!
#2295009
0!
#2300009
1#
b0 %
0&
b110 '
b10110 /
1!
#2305009
0!
#2310009
0#
b1110101 %
1&
b1111 (
b1111 .
b10001000 -
1!
#2315009
0!
#2320009
b11110 %
b111 '
b10111 /
1!
#2325009
0!
#2330009
b0 %
0&
b1000 '
b11000 /
1!
#2335009
0!
#2340009
b1101101 %
1&
1!
#2345009
0!
#2350009
b0 %
0&
b1001 '
b11001 /
1!
#2355009
0!
#2360009
1#
b11010000 %
1&
1!
#2365009
0!
#2370009
b11011000 %
b0 (
b1010 '
b10000 .
b1010000 -
b11010 /
1!
#2375009
0!
#2380009
b0 %
0&
b1011 '
b1 (
b11011 /
b10001 .
b1001 -
1!
#2385009
0!
#2390009
b10 (
b10010 .
b10011101 -
1!
#2395009
0!
#2400009
b11 (
b10011 .
b101000 -
1!
#2405009
0!
#2410009
b100 (
b10100 .
b1000000 -
1!
#2415009
0!
#2420009
0#
b100110 %
1&
b101 (
b10101 .
b10000111 -
1!
#2425009
0!
#2430009
b0 %
0&
b1100 '
b11100 /
1!
#2435009
0!
#2440009
1!
#2445009
0!
#2450009
1!
#2455009
0!
#2460009
1#
b11001101 %
1&
1!
#2465009
0!
#2470009
b11000111 %
b110 (
b1101 '
b10110 .
b10111111 -
b11101 /
1!
#2475009
0!
#2480009
b0 %
0&
b1110 '
b111 (
b11110 /
b10111 .
b1110101 -
1!
#2485009
0!
#2490009
0#
b1000 (
b11000 .
b11110 -
1!
#2495009
0!
#2500009
1#
1!
#2505009
0!
#2510009
0#
b1001 (
b11001 .
b1101101 -
1!
#2515009
0!
#2520009
1#
1!
#2525009
0!
#2530009
0#
b1010 (
b11010 .
b11010000 -
1!
#2535009
0!
#2540009
1#
1!
#2545009
0!
#2550009
0#
b1011 (
b11011 .
b11011000 -
1!
#2555009
0!
#2560009
b1111110 %
1&
1!
#2565009
0!
#2570009
1#
b10100001 %
b1111 '
b11111 /
1!
#2575009
0!
#2580009
0#
b1111010 %
b0 '
b1100 (
b0 /
b11100 .
b100110 -
1!
#2585009
0!
#2590009
b11101010 %
b1 '
b1 /
1!
#2595009
0!
#2600009
1#
b0 %
0&
b10 '
b10 /
1!
#2605009
0!
#2610009
0#
b1101 (
b11101 .
b11001101 -
1!
#2615009
0!
#2620009
1#
b10110010 %
1&
1!
#2625009
0!
#2630009
b0 %
0&
b1110 (
b11 '
b11110 .
b11000111 -
b11 /
1!
#2635009
0!
#2640009
0#
b1111 (
b11111 .
b1111110 -
1!
#2645009
0!
#2650009
1!
#2655009
0!
#2660009
0$
1!
#2665009
0!
#2670009
b1000100 %
1&
1$
b0 (
b0 '
b0 -
1)
b0 .
b0 /
1!
#2675009
0!
#2680009
b0 %
0&
b1 '
0)
b1 /
1!
#2685009
0!
#2690009
1#
b10101111 %
1&
1!
#2695009
0!
#2700009
b0 %
0&
b10 '
b1 (
b10 /
0)
b1 .
b1000100 -
1!
#2705009
0!
#2710009
0#
b10 (
1)
b10 .
b10101111 -
1!
#2715009
0!
#2720009
1#
b1 %
1&
1!
#2725009
0!
#2730009
0#
b1010010 %
b11 '
0)
b11 /
1!
#2735009
0!
#2740009
1#
b0 %
0&
b100 '
b100 /
1!
#2745009
0!
#2750009
0#
0$
b11 (
b11 .
b1 -
1!
#2755009
0!
#2760009
1$
b0 '
b0 (
1)
b0 /
b0 -
b0 .
1!
#2765009
0!
#2770009
1!
#2775009
0!
#2780009
1#
b10100 %
1&
1!
#2785009
0!
#2790009
b110100 %
b1 '
0)
b1 /
1!
#2795009
0!
#2800009
0#
b0 %
0&
b10 '
b1 (
b10 /
0)
b1 .
b10100 -
1!
#2805009
0!
#2810009
1!
#2815009
0!
#2820009
b1011010 %
1&
1!
#2825009
0!
#2830009
b10101010 %
b11 '
b11 /
1!
#2835009
0!
#2840009
b1111111 %
b100 '
b100 /
1!
#2845009
0!
#2850009
1#
b0 %
0&
b101 '
b101 /
1!
#2855009
0!
#2860009
b10 (
b10 .
b110100 -
1!
#2865009
0!
#2870009
b1110100 %
1&
b11 (
b11 .
b1011010 -
1!
#2875009
0!
#2880009
b0 %
0&
b110 '
b100 (
b110 /
b100 .
b10101010 -
1!
#2885009
0!
#2890009
0#
b10110011 %
1&
b101 (
b101 .
b1111111 -
1!
#2895009
0!
#2900009
b10101001 %
b111 '
b111 /
1!
#2905009
0!
#2910009
b1011011 %
b1000 '
b1000 /
1!
#2915009
0!
#2920009
1#
b0 %
0&
b1001 '
b1001 /
1!
#2925009
0!
#2930009
0#
b11011111 %
1&
b110 (
b110 .
b1110100 -
1!
#2935009
0!
#2940009
1#
b0 %
0&
b1010 '
b1010 /
1!
#2945009
0!
#2950009
0#
1&
b111 (
b111 .
b10110011 -
1!
#2955009
0!
#2960009
0&
b1011 '
b1011 /
1!
#2965009
0!
#2970009
1#
1!
#2975009
0!
#2980009
0#
b1000 (
b1000 .
b10101001 -
1!
#2985009
0!
#2990009
1#
1!
#2995009
0!
#3000009
0#
b1001 (
b1001 .
b1011011 -
1!
#3005009
0!
#3010009
1!
#3015009
0!
#3020009
1#
1!
#3025009
0!
#3030009
0#
b11001111 %
1&
b1010 (
b1010 .
b11011111 -
1!
#3035009
0!
#3040009
1#
b11011100 %
b1100 '
b1100 /
1!
#3045009
0!
#3050009
b0 %
0&
b1011 (
b1101 '
b1011 .
b0 -
b1101 /
1!
#3055009
0!
#3060009
0#
b1100 (
b1100 .
b11001111 -
1!
#3065009
0!
#3070009
1!
#3075009
0!
#3080009
b10101011 %
1&
1!
#3085009
0!
#3090009
1#
b0 %
0&
b1110 '
b1110 /
1!
#3095009
0!
#3100009
b1101 (
b1101 .
b11011100 -
1!
#3105009
0!
#3110009
0#
b1110 (
1)
b1110 .
b10101011 -
1!
#3115009
0!
#3120009
b1100011 %
1&
1!
#3125009
0!
#3130009
1#
b1001011 %
b1111 '
0)
b1111 /
1!
#3135009
0!
#3140009
0#
b110110 %
b0 '
b1111 (
b10000 /
0)
b1111 .
b1100011 -
1!
#3145009
0!
#3150009
b11101101 %
b1 '
b10001 /
1!
#3155009
0!
#3160009
b11101001 %
b10 '
b10010 /
1!
#3165009
0!
#3170009
b10100010 %
b11 '
b10011 /
1!
#3175009
0!
#3180009
b0 %
0&
b100 '
b10100 /
1!
#3185009
0!
#3190009
1!
#3195009
0!
#3200009
1!
#3205009
0!
#3210009
1#
b10001101 %
1&
1!
#3215009
0!
#3220009
0#
b0 %
0&
b101 '
b0 (
b10101 /
b10000 .
b1001011 -
1!
#3225009
0!
#3230009
1#
b10001011 %
1&
1!
#3235009
0!
#3240009
b0 %
0&
b110 '
b1 (
b10110 /
b10001 .
b110110 -
1!
#3245009
0!
#3250009
b1101101 %
1&
b10 (
b10010 .
b11101101 -
1!
#3255009
0!
#3260009
0#
b11010100 %
b111 '
b11 (
b10111 /
b10011 .
b11101001 -
1!
#3265009
0!
#3270009
1#
b0 %
0&
b1000 '
b11000 /
1!
#3275009
0!
#3280009
b100 (
b10100 .
b10100010 -
1!
#3285009
0!
#3290009
b101 (
b10101 .
b10001101 -
1!
#3295009
0!
#3300009
b11010110 %
1&
b110 (
b10110 .
b10001011 -
1!
#3305009
0!
#3310009
0#
b0 %
0&
b111 (
b1001 '
b10111 .
b1101101 -
b11001 /
1!
#3315009
0!
#3320009
1#
b11111000 %
1&
1!
#3325009
0!
#3330009
0#
b11001111 %
b1000 (
b1010 '
b11000 .
b11010100 -
b11010 /
1!
#3335009
0!
#3340009
b0 %
0&
b1011 '
b11011 /
1!
#3345009
0!
#3350009
1!
#3355009
0!
#3360009
1#
1!
#3365009
0!
#3370009
b1001 (
b11001 .
b11010110 -
1!
#3375009
0!
#3380009
b10101100 %
1&
b1010 (
b11010 .
b11111000 -
1!
#3385009
0!
#3390009
0#
b11010111 %
b1011 (
b1100 '
b11011 .
b11001111 -
b11100 /
1!
#3395009
0!
#3400009
1#
b11010 %
b1101 '
b11101 /
1!
#3405009
0!
#3410009
0#
b10100 %
b1100 (
b1110 '
b11100 .
b10101100 -
b11110 /
1!
#3415009
0!
#3420009
1#
b0 %
0&
b1111 '
b11111 /
1!
#3425009
0!
#3430009
b111010 %
1&
b1101 (
b11101 .
b11010111 -
1!
#3435009
0!
#3440009
0#
b10111100 %
b0 '
b1110 (
b0 /
b11110 .
b11010 -
1!
#3445009
0!
#3450009
b0 %
0&
b1 '
b1 /
1!
#3455009
0!
#3460009
1!
#3465009
0!
#3470009
1#
b11000000 %
1&
1!
#3475009
0!
#3480009
b0 %
0&
b10 '
b1111 (
b10 /
b11111 .
b10100 -
1!
#3485009
0!
#3490009
b0 (
b0 .
b111010 -
1!
#3495009
0!
#3500009
0#
b1 (
b1 .
b10111100 -
1!
#3505009
0!
#3510009
1!
#3515009
0!
#3520009
1#
b10101110 %
1&
1!
#3525009
0!
#3530009
0#
0&
0$
b10 (
b11 '
b10 .
b11000000 -
b11 /
1!
#3535009
0!
#3540009
1#
b10111001 %
1&
1$
b0 '
b0 (
1)
b0 /
b0 -
b0 .
1!
#3545009
0!
#3550009
0#
b0 %
0&
b1 '
0)
b1 /
1!
#3555009
0!
#3560009
1!
#3565009
0!
#3570009
1!
#3575009
0!
#3580009
b10001001 %
1&
1!
#3585009
0!
#3590009
b10001110 %
b10 '
b10 /
1!
#3595009
0!
#3600009
1#
b11000010 %
b11 '
b11 /
1!
#3605009
0!
#3610009
b11111001 %
b1 (
b100 '
b1 .
b10111001 -
b100 /
1!
#3615009
0!
#3620009
b0 %
0&
b101 '
b10 (
b101 /
b10 .
b10001001 -
1!
#3625009
0!
#3630009
b11 (
b11 .
b10001110 -
1!
#3635009
0!
#3640009
0#
0$
b100 (
b100 .
b11000010 -
1!
#3645009
0!
#3650009
b11111010 %
1&
1$
b0 (
b0 '
b0 -
1)
b0 .
b0 /
1!
#3655009
0!
#3660009
1#
b11111011 %
b1 '
0)
b1 /
1!
#3665009
0!
#3670009
b11001111 %
b1 (
b10 '
b1 .
b11111010 -
b10 /
1!
#3675009
0!
#3680009
0#
b11110010 %
b11 '
b10 (
b11 /
0)
b10 .
b11111011 -
1!
#3685009
0!
#3690009
b10101001 %
b100 '
b100 /
1!
#3695009
0!
#3700009
1#
b1110110 %
b101 '
b101 /
1!
#3705009
0!
#3710009
b1011110 %
b11 (
b110 '
b11 .
b11001111 -
b110 /
1!
#3715009
0!
#3720009
b0 %
0&
b111 '
b100 (
b111 /
b100 .
b11110010 -
1!
#3725009
0!
#3730009
0#
b101 (
b101 .
b10101001 -
1!
#3735009
0!
#3740009
1#
1!
#3745009
0!
#3750009
0#
b1000000 %
1&
b110 (
b110 .
b1110110 -
1!
#3755009
0!
#3760009
b0 %
0&
b1000 '
b1000 /
1!
#3765009
0!
#3770009
b11111011 %
1&
1!
#3775009
0!
#3780009
1#
b11110101 %
b1001 '
b1001 /
1!
#3785009
0!
#3790009
b11110100 %
b111 (
b1010 '
b111 .
b1011110 -
b1010 /
1!
#3795009
0!
#3800009
b11011 %
b1011 '
b1000 (
b1011 /
b1000 .
b1000000 -
1!
#3805009
0!
#3810009
0#
b0 %
0&
b1001 (
b1100 '
b1001 .
b11111011 -
b1100 /
1!
#3815009
0!
#3820009
b11010101 %
1&
1!
#3825009
0!
#3830009
1#
b0 %
0&
b1101 '
b1101 /
1!
#3835009
0!
#3840009
b11011011 %
1&
b1010 (
b1010 .
b11110101 -
1!
#3845009
0!
#3850009
0#
b0 %
0&
b1011 (
b1110 '
b1011 .
b11110100 -
b1110 /
1!
#3855009
0!
#3860009
1#
1!
#3865009
0!
#3870009
b1100 (
b1100 .
b11011 -
1!
#3875009
0!
#3880009
b11100110 %
1&
b1101 (
b1101 .
b11010101 -
1!
#3885009
0!
#3890009
b10010011 %
b1110 (
b1111 '
b1110 .
b11011011 -
b1111 /
1!
#3895009
0!
#3900009
b0 %
0&
b0 '
b1111 (
b10000 /
0)
b1111 .
b11100110 -
1!
#3905009
0!
#3910009
0#
b0 (
1)
b10000 .
b10010011 -
1!
#3915009
0!
#3920009
1!
#3925009
0!
#3930009
1!
#3935009
0!
#3940009
1#
1!
#3945009
0!
#3950009
0#
b10010011 %
1&
1!
#3955009
0!
#3960009
1#
b11001110 %
b1 '
0)
b10001 /
1!
#3965009
0!
#3970009
b0 %
0&
b1 (
b10 '
b10001 .
b10010 /
1!
#3975009
0!
#3980009
b10100101 %
1&
b10 (
1)
b10010 .
b11001110 -
1!
#3985009
0!
#3990009
b1010 %
b11 '
0)
b10011 /
1!
#3995009
0!
#4000009
b0 %
0&
b100 '
b11 (
b10100 /
0)
b10011 .
b10100101 -
1!
#4005009
0!
#4010009
b100 (
1)
b10100 .
b1010 -
1!
#4015009
0!
#4020009
1!
#4025009
0!
#4030009
1!
#4035009
0!
#4040009
b110101 %
1&
1!
#4045009
0!
#4050009
0#
b10010011 %
b101 '
0)
b10101 /
1!
#4055009
0!
#4060009
b10010 %
b110 '
b10110 /
1!
#4065009
0!
#4070009
1#
b11001110 %
b111 '
b10111 /
1!
#4075009
0!
#4080009
b0 %
0&
b1000 '
b101 (
b11000 /
b10101 .
b110101 -
1!
#4085009
0!
#4090009
b10111001 %
1&
b110 (
b10110 .
b10010011 -
1!
#4095009
0!
#4100009
b11010 %
b1001 '
b111 (
b11001 /
b10111 .
b10010 -
1!
#4105009
0!
#4110009
0#
b0 %
0&
b1000 (
b1010 '
b11000 .
b11001110 -
b11010 /
1!
#4115009
0!
#4120009
1#
1!
#4125009
0!
#4130009
b1001 (
b11001 .
b10111001 -
1!
#4135009
0!
#4140009
0#
b1010 (
1)
b11010 .
b11010 -
1!
#4145009
0!
#4150009
1!
#4155009
0!
#4160009
b11111111 %
1&
1!
#4165009
0!
#4170009
b11010100 %
b1011 '
0)
b11011 /
1!
#4175009
0!
#4180009
1#
b0 %
0&
b1100 '
b11100 /
1!
#4185009
0!
#4190009
0#
b1000101 %
1&
b1011 (
b11011 .
b11111111 -
1!
#4195009
0!
#4200009
b11010100 %
b1101 '
b11101 /
1!
#4205009
0!
#4210009
1#
b0 %
0&
b1110 '
b11110 /
1!
#4215009
0!
#4220009
0#
0$
b1100 (
b11100 .
b11010100 -
1!
#4225009
0!
#4230009
1$
b0 (
b0 '
b0 -
1)
b0 .
b0 /
1!
#4235009
0!
#4240009
1#
1!
#4245009
0!
#4250009
0#
b11000001 %
1&
1!
#4255009
0!
#4260009
1#
b1111010 %
b1 '
0)
b1 /
1!
#4265009
0!
#4270009
0#
b10110 %
b1 (
b10 '
b1 .
b11000001 -
b10 /
1!
#4275009
0!
#4280009
b11000011 %
b11 '
b11 /
1!
#4285009
0!
#4290009
b0 %
0&
b100 '
b100 /
1!
#4295009
0!
#4300009
1#
b10101001 %
1&
1!
#4305009
0!
#4310009
b0 %
0&
b10 (
b101 '
b10 .
b1111010 -
b101 /
1!
#4315009
0!
#4320009
0#
b11010001 %
1&
b11 (
b11 .
b10110 -
1!
#4325009
0!
#4330009
1#
b0 %
0&
b110 '
b110 /
1!
#4335009
0!
#4340009
0#
b11001011 %
1&
b100 (
b100 .
b11000011 -
1!
#4345009
0!
#4350009
b0 %
0&
b111 '
b111 /
1!
#4355009
0!
#4360009
1#
b11111001 %
1&
1!
#4365009
0!
#4370009
b10010011 %
b101 (
b1000 '
b101 .
b10101001 -
b1000 /
1!
#4375009
0!
#4380009
b0 %
0&
b1001 '
b110 (
b1001 /
b110 .
b11010001 -
1!
#4385009
0!
#4390009
0#
b111 (
b111 .
b11001011 -
1!
#4395009
0!
#4400009
1!
#4405009
0!
#4410009
1#
1!
#4415009
0!
#4420009
0#
b1011100 %
1&
b1000 (
b1000 .
b11111001 -
1!
#4425009
0!
#4430009
b1111011 %
b1010 '
b1010 /
1!
#4435009
0!
#4440009
1#
b0 %
0&
b1011 '
b1011 /
1!
#4445009
0!
#4450009
0#
b11101110 %
1&
b1001 (
b1001 .
b10010011 -
1!
#4455009
0!
#4460009
1#
b0 %
0&
b1100 '
b1100 /
1!
#4465009
0!
#4470009
0#
b11011001 %
1&
b1010 (
b1010 .
b1011100 -
1!
#4475009
0!
#4480009
1#
b11000100 %
b1101 '
b1101 /
1!
#4485009
0!
#4490009
b10110111 %
b1011 (
b1110 '
b1011 .
b1111011 -
b1110 /
1!
#4495009
0!
#4500009
b0 %
0&
b1111 '
b1100 (
b1111 /
b1100 .
b11101110 -
1!
#4505009
0!
#4510009
b1101 (
b1101 .
b11011001 -
1!
#4515009
0!
#4520009
0#
b1110 (
b1110 .
b11000100 -
1!
#4525009
0!
#4530009
1#
1!
#4535009
0!
#4540009
0#
b10110100 %
1&
b1111 (
1)
b1111 .
b10110111 -
1!
#4545009
0!
#4550009
1#
b1000110 %
b0 '
0)
b10000 /
1!
#4555009
0!
#4560009
0#
b0 %
0&
b1 '
b0 (
b10001 /
0)
b10000 .
b10110100 -
1!
#4565009
0!
#4570009
b1000011 %
1&
1!
#4575009
0!
#4580009
b1011001 %
b10 '
b10010 /
1!
#4585009
0!
#4590009
b0 %
0&
b11 '
b10011 /
1!
#4595009
0!
#4600009
1#
1!
#4605009
0!
#4610009
0#
b1 (
b10001 .
b1000110 -
1!
#4615009
0!
#4620009
b111010 %
1&
1!
#4625009
0!
#4630009
b1110011 %
b100 '
b10100 /
1!
#4635009
0!
#4640009
b0 %
0&
b101 '
b10101 /
1!
#4645009
0!
#4650009
1#
1!
#4655009
0!
#4660009
0#
b11101000 %
1&
b10 (
b10010 .
b1000011 -
1!
#4665009
0!
#4670009
1#
b0 %
0&
b110 '
b10110 /
1!
#4675009
0!
#4680009
b11 (
b10011 .
b1011001 -
1!
#4685009
0!
#4690009
0#
b10100111 %
1&
b100 (
b10100 .
b111010 -
1!
#4695009
0!
#4700009
1#
b11101101 %
b111 '
b10111 /
1!
#4705009
0!
#4710009
b1000111 %
b101 (
b1000 '
b10101 .
b1110011 -
b11000 /
1!
#4715009
0!
#4720009
0#
b111011 %
b1001 '
b110 (
b11001 /
b10110 .
b11101000 -
1!
#4725009
0!
#4730009
1#
b0 %
0&
b1010 '
b11010 /
1!
#4735009
0!
#4740009
0#
b111 (
b10111 .
b10100111 -
1!
#4745009
0!
#4750009
b1001111 %
1&
1!
#4755009
0!
#4760009
b0 %
0&
b1011 '
b11011 /
1!
#4765009
0!
#4770009
1#
1!
#4775009
0!
#4780009
b1111000 %
1&
b1000 (
b11000 .
b11101101 -
1!
#4785009
0!
#4790009
0#
b10110111 %
b1001 (
b1100 '
b11001 .
b1000111 -
b11100 /
1!
#4795009
0!
#4800009
b11101000 %
b1101 '
b11101 /
1!
#4805009
0!
#4810009
b1010 %
b1110 '
b11110 /
1!
#4815009
0!
#4820009
b1101001 %
b1111 '
b11111 /
1!
#4825009
0!
#4830009
1#
b0 %
0&
b0 '
b0 /
1!
#4835009
0!
#4840009
b1010 (
b11010 .
b111011 -
1!
#4845009
0!
#4850009
b1011 (
b11011 .
b1001111 -
1!
#4855009
0!
#4860009
b10000000 %
1&
b1100 (
b11100 .
b1111000 -
1!
#4865009
0!
#4870009
0#
b1000011 %
b1101 (
b1 '
b11101 .
b10110111 -
b1 /
1!
#4875009
0!
#4880009
0&
0$
b10 '
b10 /
1!
#4885009
0!
#4890009
1#
b1011001 %
1&
1$
b0 (
b0 '
b0 -
1)
b0 .
b0 /
1!
#4895009
0!
#4900009
b111010 %
b1 '
0)
b1 /
1!
#4905009
0!
#4910009
0#
b110111 %
b1 (
b10 '
b1 .
b1011001 -
b10 /
1!
#4915009
0!
#4920009
b10011010 %
b11 '
b11 /
1!
#4925009
0!
#4930009
1#
b0 %
0&
b100 '
b100 /
1!
#4935009
0!
#4940009
0#
b11111011 %
1&
b10 (
b10 .
b111010 -
1!
#4945009
0!
#4950009
b10100100 %
b101 '
b101 /
1!
#4955009
0!
#4960009
1#
b10100110 %
b110 '
b110 /
1!
#4965009
0!
#4970009
b0 %
0&
b11 (
b111 '
b11 .
b110111 -
b111 /
1!
#4975009
0!
#4980009
0#
b111010 %
1&
b100 (
b100 .
b10011010 -
1!
#4985009
0!
#4990009
b0 %
0&
b1000 '
b1000 /
1!
#4995009
0!
#5000009
1#
b1110100 %
1&
1!
#5005009
0!
#5010009
b0 %
0&
b101 (
b1001 '
b101 .
b11111011 -
b1001 /
1!
#5015009
0!
#5020009
b10000010 %
1&
b110 (
b110 .
b10100100 -
1!
#5025009
0!
#5030009
0#
b100010 %
b111 (
b1010 '
b111 .
b10100110 -
b1010 /
1!
#5035009
0!
#5040009
1#
b10111110 %
b1011 '
b1011 /
1!
#5045009
0!
#5050009
0#
b0 %
0&
b1000 (
b1100 '
b1000 .
b111010 -
b1100 /
1!
#5055009
0!
#5060009
1#
b10110101 %
1&
1!
#5065009
0!
#5070009
b0 %
0&
b1001 (
b1101 '
b1001 .
b1110100 -
b1101 /
1!
#5075009
0!
#5080009
b10011111 %
1&
b1010 (
b1010 .
b10000010 -
1!
#5085009
0!
#5090009
b0 %
0&
b1011 (
b1110 '
b1011 .
b100010 -
b1110 /
1!
#5095009
0!
#5100009
b10111100 %
1&
b1100 (
b1100 .
b10111110 -
1!
#5105009
0!
#5110009
b11011011 %
b1101 (
b1111 '
b1101 .
b10110101 -
b1111 /
1!
#5115009
0!
#5120009
0#
b0 %
0&
b0 '
b1110 (
b10000 /
b1110 .
b10011111 -
1!
#5125009
0!
#5130009
1#
1!
#5135009
0!
#5140009
b1111 (
b1111 .
b10111100 -
1!
#5145009
0!
#5150009
b0 (
1)
b10000 .
b11011011 -
1!
#5155009
0!
#5160009
0#
b11001101 %
1&
1!
#5165009
0!
#5170009
b0 %
0&
b1 '
0)
b10001 /
1!
#5175009
0!
#5180009
1#
1!
#5185009
0!
#5190009
b10100110 %
1&
b1 (
1)
b10001 .
b11001101 -
1!
#5195009
0!
#5200009
b0 %
0&
b10 '
0)
b10010 /
1!
#5205009
0!
#5210009
0#
b101001 %
1&
b10 (
1)
b10010 .
b10100110 -
1!
#5215009
0!
#5220009
1#
b0 %
0&
b11 '
0)
b10011 /
1!
#5225009
0!
#5230009
0#
b111010 %
1&
b11 (
1)
b10011 .
b101001 -
1!
#5235009
0!
#5240009
b11111001 %
b100 '
0)
b10100 /
1!
#5245009
0!
#5250009
1#
b11100 %
b101 '
b10101 /
1!
#5255009
0!
#5260009
0#
0&
0$
b110 '
b100 (
b10110 /
b10100 .
b111010 -
1!
#5265009
0!
#5270009
1#
b10000010 %
1&
1$
b0 (
b0 '
b0 -
1)
b0 .
b0 /
1!
#5275009
0!
#5280009
b11011100 %
b1 '
0)
b1 /
1!
#5285009
0!
#5290009
0#
b10110101 %
b1 (
b10 '
b1 .
b10000010 -
b10 /
1!
#5295009
0!
#5300009
1#
b0 %
0&
b11 '
b11 /
1!
#5305009
0!
#5310009
0#
0$
b10 (
b10 .
b11011100 -
1!
#5315009
0!
#5320009
1$
b0 '
b0 (
1)
b0 /
b0 -
b0 .
1!
#5325009
0!
#5330009
1#
1!
#5335009
0!
#5340009
b11101011 %
1&
1!
#5345009
0!
#5350009
b0 %
0&
b1 '
0)
b1 /
1!
#5355009
0!
#5360009
0#
b101000 %
1&
b1 (
1)
b1 .
b11101011 -
1!
#5365009
0!
#5370009
1#
b10101010 %
b10 '
0)
b10 /
1!
#5375009
0!
#5380009
0#
b1100011 %
b11 '
b10 (
b11 /
0)
b10 .
b101000 -
1!
#5385009
0!
#5390009
b1001011 %
b100 '
b100 /
1!
#5395009
0!
#5400009
1#
b1001110 %
b101 '
b101 /
1!
#5405009
0!
#5410009
b0 %
0&
b11 (
b110 '
b11 .
b10101010 -
b110 /
1!
#5415009
0!
#5420009
0#
b11100101 %
1&
b100 (
b100 .
b1100011 -
1!
#5425009
0!
#5430009
b0 %
0&
b111 '
b111 /
1!
#5435009
0!
#5440009
b10100001 %
1&
1!
#5445009
0!
#5450009
1#
b10011011 %
b1000 '
b1000 /
1!
#5455009
0!
#5460009
b0 %
0&
b1001 '
b101 (
b1001 /
b101 .
b1001011 -
1!
#5465009
0!
#5470009
b10111100 %
1&
b110 (
b110 .
b1001110 -
1!
#5475009
0!
#5480009
0#
b101110 %
b1010 '
b111 (
b1010 /
b111 .
b11100101 -
1!
#5485009
0!
#5490009
1#
b0 %
0&
b1011 '
b1011 /
1!
#5495009
0!
#5500009
0#
b1000 (
b1000 .
b10100001 -
1!
#5505009
0!
#5510009
1!
#5515009
0!
#5520009
1#
b11111 %
1&
1!
#5525009
0!
#5530009
0#
b0 %
0&
b1001 (
b1100 '
b1001 .
b10011011 -
b1100 /
1!
#5535009
0!
#5540009
b10100 %
1&
1!
#5545009
0!
#5550009
1#
b1010001 %
b1101 '
b1101 /
1!
#5555009
0!
#5560009
b0 %
0&
b1110 '
b1010 (
b1110 /
b1010 .
b10111100 -
1!
#5565009
0!
#5570009
b1011 (
b1011 .
b101110 -
1!
#5575009
0!
#5580009
b11000101 %
1&
b1100 (
b1100 .
b11111 -
1!
#5585009
0!
#5590009
0#
b0 %
0&
b1101 (
b1111 '
b1101 .
b10100 -
b1111 /
1!
#5595009
0!
#5600009
1#
1!
#5605009
0!
#5610009
b11001000 %
1&
b1110 (
b1110 .
b1010001 -
1!
#5615009
0!
#5620009
b0 %
0&
b0 '
b1111 (
b10000 /
0)
b1111 .
b11000101 -
1!
#5625009
0!
#5630009
b0 (
1)
b10000 .
b11001000 -
1!
#5635009
0!
#5640009
0#
1!
#5645009
0!
#5650009
1#
1!
#5655009
0!
#5660009
1!
#5665009
0!
#5670009
1!
#5675009
0!
#5680009
0#
b1001111 %
1&
1!
#5685009
0!
#5690009
1#
b0 %
0&
b1 '
0)
b10001 /
1!
#5695009
0!
#5700009
0#
b1 (
1)
b10001 .
b1001111 -
1!
#5705009
0!
#5710009
b1000011 %
1&
1!
#5715009
0!
#5720009
1#
b1010100 %
b10 '
0)
b10010 /
1!
#5725009
0!
#5730009
b1111001 %
b10 (
b11 '
b10010 .
b1000011 -
b10011 /
1!
#5735009
0!
#5740009
0#
b0 %
0&
b100 '
b11 (
b10100 /
0)
b10011 .
b1010100 -
1!
#5745009
0!
#5750009
1#
b11110000 %
1&
1!
#5755009
0!
#5760009
0#
b11100001 %
b101 '
b100 (
b10101 /
0)
b10100 .
b1111001 -
1!
#5765009
0!
#5770009
1#
b11010110 %
b110 '
b10110 /
1!
#5775009
0!
#5780009
0#
b0 %
0&
b111 '
b101 (
b10111 /
b10101 .
b11110000 -
1!
#5785009
0!
#5790009
b10111110 %
1&
1!
#5795009
0!
#5800009
b111111 %
b1000 '
b11000 /
1!
#5805009
0!
#5810009
1#
b0 %
0&
b1001 '
b11001 /
1!
#5815009
0!
#5820009
b1110001 %
1&
b110 (
b10110 .
b11100001 -
1!
#5825009
0!
#5830009
0#
b0 %
0&
b111 (
b1010 '
b10111 .
b11010110 -
b11010 /
1!
#5835009
0!
#5840009
1#
b11000101 %
1&
1!
#5845009
0!
#5850009
b110010 %
b1000 (
b1011 '
b11000 .
b10111110 -
b11011 /
1!
#5855009
0!
#5860009
0#
b0 %
0&
b1100 '
b1001 (
b11100 /
b11001 .
b111111 -
1!
#5865009
0!
#5870009
b1000111 %
1&
1!
#5875009
0!
#5880009
b101000 %
b1101 '
b11101 /
1!
#5885009
0!
#5890009
0&
0$
b1110 '
b11110 /
1!
#5895009
0!
#5900009
b11011000 %
1&
1$
b0 '
b0 (
1)
b0 /
b0 -
b0 .
1!
#5905009
0!
#5910009
1#
b11000 %
b1 '
0)
b1 /
1!
#5915009
0!
#5920009
0#
b0 %
0&
b10 '
b1 (
b10 /
0)
b1 .
b11011000 -
1!
#5925009
0!
#5930009
1#
1!
#5935009
0!
#5940009
0#
b10 (
1)
b10 .
b11000 -
1!
#5945009
0!
#5950009
1#
b10110100 %
1&
1!
#5955009
0!
#5960009
0#
b101011 %
b11 '
0)
b11 /
1!
#5965009
0!
#5970009
b1010 %
b100 '
b100 /
1!
#5975009
0!
#5980009
b10111111 %
b101 '
b101 /
1!
#5985009
0!
#5990009
b10110000 %
b110 '
b110 /
1!
#5995009
0!
#6000009
1#
b0 %
0&
b111 '
b111 /
1!
#6005009
0!
#6010009
b11 (
b11 .
b10110100 -
1!
#6015009
0!
#6020009
0#
b11101101 %
1&
b100 (
b100 .
b101011 -
1!
#6025009
0!
#6030009
1#
b1000101 %
b1000 '
b1000 /
1!
#6035009
0!
#6040009
b0 %
0&
b1001 '
b101 (
b1001 /
b101 .
b1010 -
1!
#6045009
0!
#6050009
b10101 %
1&
b110 (
b110 .
b10111111 -
1!
#6055009
0!
#6060009
b11110010 %
b1010 '
b111 (
b1010 /
b111 .
b10110000 -
1!
#6065009
0!
#6070009
b0 %
0&
b1000 (
b1011 '
b1000 .
b11101101 -
b1011 /
1!
#6075009
0!
#6080009
0#
b1001 (
b1001 .
b1000101 -
1!
#6085009
0!
#6090009
1#
b11001100 %
1&
1!
#6095009
0!
#6100009
b0 %
0&
b1100 '
b1010 (
b1100 /
b1010 .
b10101 -
1!
#6105009
0!
#6110009
b10001000 %
1&
b1011 (
b1011 .
b11110010 -
1!
#6115009
0!
#6120009
b0 %
0&
b1101 '
b1100 (
b1101 /
0)
b1100 .
b11001100 -
1!
#6125009
0!
#6130009
0#
b1101 (
1)
b1101 .
b10001000 -
1!
#6135009
0!
#6140009
b10011100 %
1&
1!
#6145009
0!
#6150009
1#
b0 %
0&
b1110 '
0)
b1110 /
1!
#6155009
0!
#6160009
0#
b10110100 %
1&
b1110 (
1)
b1110 .
b10011100 -
1!
#6165009
0!
#6170009
b11101 %
b1111 '
0)
b1111 /
1!
#6175009
0!
#6180009
1#
b0 %
0&
b0 '
b10000 /
1!
#6185009
0!
#6190009
0#
b1111 (
b1111 .
b10110100 -
1!
#6195009
0!
#6200009
1!
#6205009
0!
#6210009
b10111011 %
1&
1!
#6215009
0!
#6220009
1#
b0 %
0&
b1 '
b10001 /
1!
#6225009
0!
#6230009
b11100011 %
1&
b0 (
b10000 .
b11101 -
1!
#6235009
0!
#6240009
0#
b0 %
0&
b10 '
b1 (
b10010 /
0)
b10001 .
b10111011 -
1!
#6245009
0!
#6250009
1#
1!
#6255009
0!
#6260009
b10 (
1)
b10010 .
b11100011 -
1!
#6265009
0!
#6270009
1!
#6275009
0!
#6280009
0#
b10010010 %
1&
1!
#6285009
0!
#6290009
1#
b0 %
0&
b11 '
0)
b10011 /
1!
#6295009
0!
#6300009
b11100011 %
1&
b11 (
1)
b10011 .
b10010010 -
1!
#6305009
0!
#6310009
0#
b0 %
0&
b100 '
0)
b10100 /
1!
#6315009
0!
#6320009
1!
#6325009
0!
#6330009
1#
b1010000 %
1&
1!
#6335009
0!
#6340009
0#
b0 %
0&
b101 '
b100 (
b10101 /
0)
b10100 .
b11100011 -
1!
#6345009
0!
#6350009
1#
1!
#6355009
0!
#6360009
0#
b1101 %
1&
b101 (
1)
b10101 .
b1010000 -
1!
#6365009
0!
#6370009
1#
b0 %
0&
b110 '
0)
b10110 /
1!
#6375009
0!
#6380009
0#
b100001 %
1&
b110 (
1)
b10110 .
b1101 -
1!
#6385009
0!
#6390009
b0 %
0&
b111 '
0)
b10111 /
1!
#6395009
0!
#6400009
1!
#6405009
0!
#6410009
1!
#6415009
0!
#6420009
1#
1!
#6425009
0!
#6430009
0#
b111 (
1)
b10111 .
b100001 -
1!
#6435009
0!
#6440009
1#
1!
#6445009
0!
#6450009
b1001110 %
1&
1!
#6455009
0!
#6460009
0#
b1110011 %
b1000 '
0)
b11000 /
1!
#6465009
0!
#6470009
b0 %
0&
b1001 '
b11001 /
1!
#6475009
0!
#6480009
b10001100 %
1&
1!
#6485009
0!
#6490009
b1010110 %
b1010 '
b11010 /
1!
#6495009
0!
#6500009
1#
b0 %
0&
b1011 '
b11011 /
1!
#6505009
0!
#6510009
b1000 (
b11000 .
b1001110 -
1!
#6515009
0!
#6520009
0#
b101001 %
1&
b1001 (
b11001 .
b1110011 -
1!
#6525009
0!
#6530009
b0 %
0&
b1100 '
b11100 /
1!
#6535009
0!
#6540009
1#
1!
#6545009
0!
#6550009
0#
b10010100 %
1&
b1010 (
b11010 .
b10001100 -
1!
#6555009
0!
#6560009
1#
b11001111 %
b1101 '
b11101 /
1!
#6565009
0!
#6570009
b11100001 %
b1011 (
b1110 '
b11011 .
b1010110 -
b11110 /
1!
#6575009
0!
#6580009
b1001001 %
b1111 '
b1100 (
b11111 /
b11100 .
b101001 -
1!
#6585009
0!
#6590009
0#
b0 %
0&
b1101 (
b0 '
b11101 .
b10010100 -
b0 /
1!
#6595009
0!
#6600009
1#
1!
#6605009
0!
#6610009
b1110 (
b11110 .
b11001111 -
1!
#6615009
0!
#6620009
b110001 %
1&
b1111 (
b11111 .
b11100001 -
1!
#6625009
0!
#6630009
0#
b0 %
0&
b0 (
b1 '
b0 .
b1001001 -
b1 /
1!
#6635009
0!
#6640009
1!
#6645009
0!
#6650009
1!
#6655009
0!
#6660009
b11101111 %
1&
1!
#6665009
0!
#6670009
1#
b11001001 %
b10 '
b10 /
1!
#6675009
0!
#6680009
b0 %
0&
b11 '
b1 (
b11 /
b1 .
b110001 -
1!
#6685009
0!
#6690009
b11110000 %
1&
b10 (
b10 .
b11101111 -
1!
#6695009
0!
#6700009
b1000100 %
b100 '
b11 (
b100 /
0)
b11 .
b11001001 -
1!
#6705009
0!
#6710009
0#
b0 %
0&
b100 (
b101 '
b100 .
b11110000 -
b101 /
1!
#6715009
0!
#6720009
b1100011 %
1&
1!
#6725009
0!
#6730009
1#
b11100110 %
b110 '
b110 /
1!
#6735009
0!
#6740009
0#
b111100 %
b111 '
b101 (
b111 /
b101 .
b1000100 -
1!
#6745009
0!
#6750009
1#
b10101101 %
b1000 '
b1000 /
1!
#6755009
0!
#6760009
b11001101 %
b1001 '
b110 (
b1001 /
b110 .
b1100011 -
1!
#6765009
0!
#6770009
b10101010 %
b111 (
b1010 '
b111 .
b11100110 -
b1010 /
1!
#6775009
0!
#6780009
b0 %
0&
b1011 '
b1000 (
b1011 /
b1000 .
b111100 -
1!
#6785009
0!
#6790009
0#
b10100011 %
1&
b1001 (
b1001 .
b10101101 -
1!
#6795009
0!
#6800009
b0 %
0&
b1100 '
b1100 /
1!
#6805009
0!
#6810009
b11111010 %
1&
1!
#6815009
0!
#6820009
b10111100 %
b1101 '
b1101 /
1!
#6825009
0!
#6830009
1#
b10011101 %
b1110 '
b1110 /
1!
#6835009
0!
#6840009
0#
b0 %
0&
b1111 '
b1010 (
b1111 /
b1010 .
b11001101 -
1!
#6845009
0!
#6850009
b1110100 %
1&
1!
#6855009
0!
#6860009
1#
b0 %
0&
b0 '
b10000 /
1!
#6865009
0!
#6870009
0#
b1011 (
b1011 .
b10101010 -
1!
#6875009
0!
#6880009
1#
1!
#6885009
0!
#6890009
b10100000 %
1&
b1100 (
b1100 .
b10100011 -
1!
#6895009
0!
#6900009
b11110001 %
b1 '
b1101 (
b10001 /
b1101 .
b11111010 -
1!
#6905009
0!
#6910009
b0 %
0&
b1110 (
b10 '
b1110 .
b10111100 -
b10010 /
1!
#6915009
0!
#6920009
b11110100 %
1&
b1111 (
b1111 .
b10011101 -
1!
#6925009
0!
#6930009
b10101111 %
b0 (
b11 '
b10000 .
b1110100 -
b10011 /
1!
#6935009
0!
#6940009
0#
b0 %
0&
b100 '
b1 (
b10100 /
b10001 .
b10100000 -
1!
#6945009
0!
#6950009
1#
1!
#6955009
0!
#6960009
b10 (
b10010 .
b11110001 -
1!
#6965009
0!
#6970009
0#
b11 (
b10011 .
b11110100 -
1!
#6975009
0!
#6980009
1!
#6985009
0!
#6990009
b10001100 %
1&
1!
#6995009
0!
#7000009
b0 %
0&
b101 '
b10101 /
1!
#7005009
0!
#7010009
1#
b1001010 %
1&
1!
#7015009
0!
#7020009
0#
b10110001 %
b110 '
b100 (
b10110 /
b10100 .
b10101111 -
1!
#7025009
0!
#7030009
b0 %
0&
b111 '
b10111 /
1!
#7035009
0!
#7040009
1#
1!
#7045009
0!
#7050009
b1111010 %
1&
b101 (
b10101 .
b10001100 -
1!
#7055009
0!
#7060009
0#
b0 %
0&
b1000 '
b110 (
b11000 /
b10110 .
b1001010 -
1!
#7065009
0!
#7070009
1#
b11110001 %
1&
1!
#7075009
0!
#7080009
b0 %
0&
b1001 '
b111 (
b11001 /
b10111 .
b10110001 -
1!
#7085009
0!
#7090009
b1000 (
b11000 .
b1111010 -
1!
#7095009
0!
#7100009
b1001 (
1)
b11001 .
b11110001 -
1!
#7105009
0!
#7110009
1!
#7115009
0!
#7120009
1!
#7125009
0!
#7130009
0#
1!
#7135009
0!
#7140009
1#
1!
#7145009
0!
#7150009
0#
b11001011 %
1&
1!
#7155009
0!
#7160009
b10010100 %
b1010 '
0)
b11010 /
1!
#7165009
0!
#7170009
b110110 %
b1011 '
b11011 /
1!
#7175009
0!
#7180009
1#
b11111100 %
b1100 '
b11100 /
1!
#7185009
0!
#7190009
0#
b10001011 %
b1010 (
b1101 '
b11010 .
b11001011 -
b11101 /
1!
#7195009
0!
#7200009
1#
b11101010 %
b1110 '
b11110 /
1!
#7205009
0!
#7210009
b0 %
0&
b1011 (
b1111 '
b11011 .
b10010100 -
b11111 /
1!
#7215009
0!
#7220009
0#
b1100010 %
1&
b1100 (
b11100 .
b110110 -
1!
#7225009
0!
#7230009
b0 %
0&
b0 '
b0 /
1!
#7235009
0!
#7240009
1#
1!
#7245009
0!
#7250009
b10100101 %
1&
b1101 (
b11101 .
b11111100 -
1!
#7255009
0!
#7260009
b11100100 %
b1 '
b1110 (
b1 /
b11110 .
b10001011 -
1!
#7265009
0!
#7270009
b0 %
0&
b1111 (
b10 '
b11111 .
b11101010 -
b10 /
1!
#7275009
0!
#7280009
0#
b1111000 %
1&
b0 (
b0 .
b1100010 -
1!
#7285009
0!
#7290009
1#
b11001111 %
b11 '
b11 /
1!
#7295009
0!
#7300009
0#
b0 %
0&
b100 '
b1 (
b100 /
b1 .
b10100101 -
1!
#7305009
0!
#7310009
1!
#7315009
0!
#7320009
1#
b1000100 %
1&
1!
#7325009
0!
#7330009
0#
b10111111 %
b10 (
b101 '
b10 .
b11100100 -
b101 /
1!
#7335009
0!
#7340009
1#
b0 %
0&
b110 '
b110 /
1!
#7345009
0!
#7350009
b11 (
b11 .
b1111000 -
1!
#7355009
0!
#7360009
0#
b100 (
b100 .
b11001111 -
1!
#7365009
0!
#7370009
b100111 %
1&
1!
#7375009
0!
#7380009
b1100111 %
b111 '
b111 /
1!
#7385009
0!
#7390009
1#
b11100010 %
b1000 '
b1000 /
1!
#7395009
0!
#7400009
0#
b101110 %
b1001 '
b101 (
b1001 /
b101 .
b1000100 -
1!
#7405009
0!
#7410009
1#
b1000011 %
b1010 '
b1010 /
1!
#7415009
0!
#7420009
b11101100 %
b1011 '
b110 (
b1011 /
b110 .
b10111111 -
1!
#7425009
0!
#7430009
b10000010 %
b111 (
b1100 '
b111 .
b100111 -
b1100 /
1!
#7435009
0!
#7440009
0#
b0 %
0&
b1101 '
b1000 (
b1101 /
b1000 .
b1100111 -
1!
#7445009
0!
#7450009
1#
b11110 %
1&
1!
#7455009
0!
#7460009
0#
b10000 %
b1110 '
b1001 (
b1110 /
b1001 .
b11100010 -
1!
#7465009
0!
#7470009
1#
b11010111 %
b1111 '
b1111 /
1!
#7475009
0!
#7480009
b0 %
0&
b0 '
b1010 (
b10000 /
b1010 .
b101110 -
1!
#7485009
0!
#7490009
b1000100 %
1&
b1011 (
b1011 .
b1000011 -
1!
#7495009
0!
#7500009
b11001001 %
b1 '
b1100 (
b10001 /
b1100 .
b11101100 -
1!
#7505009
0!
#7510009
b0 %
0&
b1101 (
b10 '
b1101 .
b10000010 -
b10010 /
1!
#7515009
0!
#7520009
0#
0$
b1110 (
b1110 .
b11110 -
1!
#7525009
0!
#7530009
b11011001 %
1&
1$
b0 (
b0 '
b0 -
1)
b0 .
b0 /
1!
#7535009
0!
#7540009
1#
b0 %
0&
b1 '
0)
b1 /
1!
#7545009
0!
#7550009
0#
b111001 %
1&
b1 (
1)
b1 .
b11011001 -
1!
#7555009
0!
#7560009
b0 %
0&
b10 '
0)
b10 /
1!
#7565009
0!
#7570009
1#
1!
#7575009
0!
#7580009
b10 (
1)
b10 .
b111001 -
1!
#7585009
0!
#7590009
1!
#7595009
0!
#7600009
0#
b11100 %
1&
1!
#7605009
0!
#7610009
1#
b0 %
0&
b11 '
0)
b11 /
1!
#7615009
0!
#7620009
0#
b11 (
1)
b11 .
b11100 -
1!
#7625009
0!
#7630009
1#
1!
#7635009
0!
#7640009
0#
1!
#7645009
0!
#7650009
b1011001 %
1&
1!
#7655009
0!
#7660009
1#
b10110000 %
b100 '
0)
b100 /
1!
#7665009
0!
#7670009
0#
b0 %
0&
b100 (
b101 '
b100 .
b1011001 -
b101 /
1!
#7675009
0!
#7680009
1#
b11000000 %
1&
1!
#7685009
0!
#7690009
b0 %
0&
b101 (
b110 '
b101 .
b10110000 -
b110 /
1!
#7695009
0!
#7700009
b110 (
1)
b110 .
b11000000 -
1!
#7705009
0!
#7710009
b11010101 %
1&
1!
#7715009
0!
#7720009
b1101000 %
b111 '
0)
b111 /
1!
#7725009
0!
#7730009
b10111101 %
b111 (
b1000 '
b111 .
b11010101 -
b1000 /
1!
#7735009
0!
#7740009
b0 %
0&
b1001 '
b1000 (
b1001 /
0)
b1000 .
b1101000 -
1!
#7745009
0!
#7750009
0#
b1001 (
1)
b1001 .
b10111101 -
1!
#7755009
0!
#7760009
b1101111 %
1&
1!
#7765009
0!
#7770009
1#
b0 %
0&
b1010 '
0)
b1010 /
1!
#7775009
0!
#7780009
0#
b111100 %
1&
b1010 (
1)
b1010 .
b1101111 -
1!
#7785009
0!
#7790009
b0 %
0&
b1011 '
0)
b1011 /
1!
#7795009
0!
#7800009
1#
1!
#7805009
0!
#7810009
b11101110 %
1&
b1011 (
1)
b1011 .
b111100 -
1!
#7815009
0!
#7820009
b11111110 %
b1100 '
0)
b1100 /
1!
#7825009
0!
#7830009
0#
b0 %
0&
b1100 (
b1101 '
b1100 .
b11101110 -
b1101 /
1!
#7835009
0!
#7840009
1#
b10100000 %
1&
1!
#7845009
0!
#7850009
b0 %
0&
b1101 (
b1110 '
b1101 .
b11111110 -
b1110 /
1!
#7855009
0!
#7860009
0#
b11010101 %
1&
b1110 (
1)
b1110 .
b10100000 -
1!
#7865009
0!
#7870009
1#
b1111101 %
b1111 '
0)
b1111 /
1!
#7875009
0!
#7880009
0#
b0 %
0&
b0 '
b1111 (
b10000 /
0)
b1111 .
b11010101 -
1!
#7885009
0!
#7890009
1!
#7895009
0!
#7900009
1#
b10110100 %
1&
1!
#7905009
0!
#7910009
b0 %
0&
b0 (
b1 '
b10000 .
b1111101 -
b10001 /
1!
#7915009
0!
#7920009
0#
b1 (
1)
b10001 .
b10110100 -
1!
#7925009
0!
#7930009
b11000 %
1&
1!
#7935009
0!
#7940009
b1110110 %
b10 '
0)
b10010 /
1!
#7945009
0!
#7950009
1#
b11101001 %
b11 '
b10011 /
1!
#7955009
0!
#7960009
0#
b0 %
0&
b100 '
b10 (
b10100 /
b10010 .
b11000 -
1!
#7965009
0!
#7970009
1#
b11 %
1&
1!
#7975009
0!
#7980009
b10001100 %
b101 '
b11 (
b10101 /
b10011 .
b1110110 -
1!
#7985009
0!
#7990009
0#
b11011100 %
b100 (
b110 '
b10100 .
b11101001 -
b10110 /
1!
#7995009
0!
#8000009
1#
b0 %
0&
b111 '
b10111 /
1!
#8005009
0!
#8010009
b10000001 %
1&
b101 (
b10101 .
b11 -
1!
#8015009
0!
#8020009
b10111111 %
b1000 '
b110 (
b11000 /
b10110 .
b10001100 -
1!
#8025009
0!
#8030009
b1110011 %
b111 (
b1001 '
b10111 .
b11011100 -
b11001 /
1!
#8035009
0!
#8040009
b0 %
0&
b1010 '
b1000 (
b11010 /
b11000 .
b10000001 -
1!
#8045009
0!
#8050009
b1001 (
b11001 .
b10111111 -
1!
#8055009
0!
#8060009
b100 %
1&
b1010 (
1)
b11010 .
b1110011 -
1!
#8065009
0!
#8070009
0#
b10101001 %
b1011 '
0)
b11011 /
1!
#8075009
0!
#8080009
1#
b0 %
0&
b1100 '
b11100 /
1!
#8085009
0!
#8090009
b11110011 %
1&
b1011 (
b11011 .
b100 -
1!
#8095009
0!
#8100009
0#
b0 %
0&
b1101 '
b1100 (
b11101 /
0)
b11100 .
b10101001 -
1!
#8105009
0!
#8110009
1!
#8115009
0!
#8120009
1#
1!
#8125009
0!
#8130009
0#
b11001011 %
1&
b1101 (
1)
b11101 .
b11110011 -
1!
#8135009
0!
#8140009
b11000111 %
b1110 '
0)
b11110 /
1!
#8145009
0!
#8150009
1#
b0 %
0&
b1111 '
b11111 /
1!
#8155009
0!
#8160009
0#
b1110 (
b11110 .
b11001011 -
1!
#8165009
0!
#8170009
1#
1!
#8175009
0!
#8180009
b11001011 %
1&
b1111 (
1)
b11111 .
b11000111 -
1!
#8185009
0!
#8190009
0#
b11100110 %
b0 '
0)
b0 /
1!
#8195009
0!
#8200009
b11011101 %
b1 '
b1 /
1!
#8205009
0!
#8210009
1#
b0 %
0&
b10 '
b10 /
1!
#8215009
0!
#8220009
b100101 %
1&
b0 (
b0 .
b11001011 -
1!
#8225009
0!
#8230009
0#
b1001110 %
b1 (
b11 '
b1 .
b11100110 -
b11 /
1!
#8235009
0!
#8240009
1#
b10 %
b100 '
b100 /
1!
#8245009
0!
#8250009
0#
b110100 %
b10 (
b101 '
b10 .
b11011101 -
b101 /
1!
#8255009
0!
#8260009
1#
b11010000 %
b110 '
b110 /
1!
#8265009
0!
#8270009
0#
b10100110 %
b11 (
b111 '
b11 .
b100101 -
b111 /
1!
#8275009
0!
#8280009
1#
b101011 %
b1000 '
b1000 /
1!
#8285009
0!
#8290009
0#
b0 %
0&
b100 (
b1001 '
b100 .
b1001110 -
b1001 /
1!
#8295009
0!
#8300009
1!
#8305009
0!
#8310009
1#
b1001010 %
1&
1!
#8315009
0!
#8320009
b11110111 %
b1010 '
b101 (
b1010 /
b101 .
b10 -
1!
#8325009
0!
#8330009
0#
b11111101 %
b110 (
b1011 '
b110 .
b110100 -
b1011 /
1!
#8335009
0!
#8340009
1#
b10011011 %
b1100 '
b1100 /
1!
#8345009
0!
#8350009
0#
0&
0$
b111 (
b1101 '
b111 .
b11010000 -
b1101 /
1!
#8355009
0!
#8360009
1#
b0 %
1$
b0 '
b0 (
1)
b0 /
b0 -
b0 .
1!
#8365009
0!
#8370009
b1000101 %
1&
1!
#8375009
0!
#8380009
0#
b0 %
0&
b1 '
0)
b1 /
1!
#8385009
0!
#8390009
1#
b10100011 %
1&
1!
#8395009
0!
#8400009
b0 %
0&
b10 '
b1 (
b10 /
0)
b1 .
b1000101 -
1!
#8405009
0!
#8410009
b11001001 %
1&
b10 (
1)
b10 .
b10100011 -
1!
#8415009
0!
#8420009
b0 %
0&
b11 '
0)
b11 /
1!
#8425009
0!
#8430009
0#
b1101 %
1&
b11 (
1)
b11 .
b11001001 -
1!
#8435009
0!
#8440009
b11100000 %
b100 '
0)
b100 /
1!
#8445009
0!
#8450009
1#
b0 %
0&
b101 '
b101 /
1!
#8455009
0!
#8460009
0#
b100 (
b100 .
b1101 -
1!
#8465009
0!
#8470009
1#
b1001110 %
1&
1!
#8475009
0!
#8480009
b0 %
0&
b110 '
b101 (
b110 /
0)
b101 .
b11100000 -
1!
#8485009
0!
#8490009
b11010110 %
1&
b110 (
1)
b110 .
b1001110 -
1!
#8495009
0!
#8500009
b0 %
0&
b111 '
0)
b111 /
1!
#8505009
0!
#8510009
0#
b111 (
1)
b111 .
b11010110 -
1!
#8515009
0!
#8520009
1!
#8525009
0!
#8530009
1#
1!
#8535009
0!
#8540009
1!
#8545009
0!
#8550009
1!
#8555009
0!
#8560009
0#
0$
1!
#8565009
0!
#8570009
1$
b0 (
b0 '
b0 -
b0 .
1)
b0 /
1!
#8575009
0!
#8580009
1#
1!
#8585009
0!
#8590009
0#
1!
#8595009
0!
#8600009
1#
b110101 %
1&
1!
#8605009
0!
#8610009
b0 %
0&
b1 '
0)
b1 /
1!
#8615009
0!
#8620009
b1 (
1)
b1 .
b110101 -
1!
#8625009
0!
#8630009
0#
1!
#8635009
0!
#8640009
b11100111 %
1&
1!
#8645009
0!
#8650009
b111010 %
b10 '
0)
b10 /
1!
#8655009
0!
#8660009
1#
b1010100 %
b11 '
b11 /
1!
#8665009
0!
#8670009
0#
b0 %
0&
b10 (
b100 '
b10 .
b11100111 -
b100 /
1!
#8675009
0!
#8680009
1#
b11101100 %
1&
1!
#8685009
0!
#8690009
b11011101 %
b11 (
b101 '
b11 .
b111010 -
b101 /
1!
#8695009
0!
#8700009
0#
b0 %
0&
b110 '
b100 (
b110 /
b100 .
b1010100 -
1!
#8705009
0!
#8710009
1#
b1101101 %
1&
1!
#8715009
0!
#8720009
0#
b0 %
0&
b111 '
b101 (
b111 /
b101 .
b11101100 -
1!
#8725009
0!
#8730009
b1011111 %
1&
1!
#8735009
0!
#8740009
1#
b11111010 %
b1000 '
b1000 /
1!
#8745009
0!
#8750009
0#
b0 %
0&
b110 (
b1001 '
b110 .
b11011101 -
b1001 /
1!
#8755009
0!
#8760009
1#
1!
#8765009
0!
#8770009
0#
b111 (
b111 .
b1101101 -
1!
#8775009
0!
#8780009
b101011 %
1&
1!
#8785009
0!
#8790009
1#
b111011 %
b1010 '
b1010 /
1!
#8795009
0!
#8800009
0#
b0 %
0&
b1011 '
b1000 (
b1011 /
b1000 .
b1011111 -
1!
#8805009
0!
#8810009
1#
b1011111 %
1&
1!
#8815009
0!
#8820009
0#
b0 %
0&
b1100 '
b1001 (
b1100 /
b1001 .
b11111010 -
1!
#8825009
0!
#8830009
1#
b10010011 %
1&
1!
#8835009
0!
#8840009
b11011 %
b1101 '
b1010 (
b1101 /
b1010 .
b101011 -
1!
#8845009
0!
#8850009
b0 %
0&
b1011 (
b1110 '
b1011 .
b111011 -
b1110 /
1!
#8855009
0!
#8860009
0#
b11111101 %
1&
b1100 (
b1100 .
b1011111 -
1!
#8865009
0!
#8870009
b11100011 %
b1111 '
b1111 /
1!
#8875009
0!
#8880009
1#
b1110000 %
b0 '
b10000 /
1!
#8885009
0!
#8890009
0#
b1010110 %
b1101 (
b1 '
b1101 .
b10010011 -
b10001 /
1!
#8895009
0!
#8900009
b0 %
0&
b10 '
b10010 /
1!
#8905009
0!
#8910009
1!
#8915009
0!
#8920009
1!
#8925009
0!
#8930009
1!
#8935009
0!
#8940009
1#
b1111110 %
1&
1!
#8945009
0!
#8950009
b0 %
0&
b1110 (
b11 '
b1110 .
b11011 -
b10011 /
1!
#8955009
0!
#8960009
b1111 (
b1111 .
b11111101 -
1!
#8965009
0!
#8970009
b0 (
b10000 .
b11100011 -
1!
#8975009
0!
#8980009
b1 (
b10001 .
b1110000 -
1!
#8985009
0!
#8990009
b10 (
b10010 .
b1010110 -
1!
#8995009
0!
#9000009
b11110 %
1&
b11 (
1)
b10011 .
b1111110 -
1!
#9005009
0!
#9010009
0#
b0 %
0&
b100 '
0)
b10100 /
1!
#9015009
0!
#9020009
1#
1!
#9025009
0!
#9030009
0#
b100 (
1)
b10100 .
b11110 -
1!
#9035009
0!
#9040009
1#
1!
#9045009
0!
#9050009
b10001101 %
1&
1!
#9055009
0!
#9060009
0#
b1111111 %
b101 '
0)
b10101 /
1!
#9065009
0!
#9070009
1#
b11001001 %
b110 '
b10110 /
1!
#9075009
0!
#9080009
b0 %
0&
b111 '
b101 (
b10111 /
b10101 .
b10001101 -
1!
#9085009
0!
#9090009
0#
b101111 %
1&
b110 (
b10110 .
b1111111 -
1!
#9095009
0!
#9100009
b0 %
0&
b1000 '
b11000 /
1!
#9105009
0!
#9110009
1#
b1 %
1&
1!
#9115009
0!
#9120009
b0 %
0&
b1001 '
b111 (
b11001 /
b10111 .
b11001001 -
1!
#9125009
0!
#9130009
0#
b1000 (
b11000 .
b101111 -
1!
#9135009
0!
#9140009
1#
1!
#9145009
0!
#9150009
b1001 (
1)
b11001 .
b1 -
1!
#9155009
0!
#9160009
0#
b1000010 %
1&
1!
#9165009
0!
#9170009
1#
b11000 %
b1010 '
0)
b11010 /
1!
#9175009
0!
#9180009
0#
b0 %
0&
b1011 '
b1010 (
b11011 /
0)
b11010 .
b1000010 -
1!
#9185009
0!
#9190009
0$
1!
#9195009
0!
#9200009
1#
b11011011 %
1&
1$
b0 '
b0 (
1)
b0 /
b0 -
b0 .
1!
#9205009
0!
#9210009
b0 %
0&
b1 '
0)
b1 /
1!
#9215009
0!
#9220009
0#
b10001100 %
1&
b1 (
1)
b1 .
b11011011 -
1!
#9225009
0!
#9230009
1#
b1010100 %
b10 '
0)
b10 /
1!
#9235009
0!
#9240009
0#
b0 %
0&
b11 '
b10 (
b11 /
0)
b10 .
b10001100 -
1!
#9245009
0!
#9250009
1#
b110000 %
1&
1!
#9255009
0!
#9260009
0#
0&
0$
b100 '
b11 (
b100 /
0)
b11 .
b1010100 -
1!
#9265009
0!
#9270009
1#
b11100011 %
1&
1$
b0 (
b0 '
b0 -
1)
b0 .
b0 /
1!
#9275009
0!
#9280009
0#
0&
0$
b1 '
0)
b1 /
1!
#9285009
0!
#9290009
b0 %
1$
b0 '
1)
b0 /
1!
#9295009
0!
#9300009
1#
b11000100 %
1&
1!
#9305009
0!
#9310009
b0 %
0&
b1 '
0)
b1 /
1!
#9315009
0!
#9320009
b1000100 %
1&
b1 (
1)
b1 .
b11000100 -
1!
#9325009
0!
#9330009
b0 %
0&
b10 '
0)
b10 /
1!
#9335009
0!
#9340009
b10 (
1)
b10 .
b1000100 -
1!
#9345009
0!
#9350009
0#
b11010010 %
1&
1!
#9355009
0!
#9360009
1#
b110011 %
b11 '
0)
b11 /
1!
#9365009
0!
#9370009
0#
b10110011 %
b11 (
b100 '
b11 .
b11010010 -
b100 /
1!
#9375009
0!
#9380009
1#
b10001101 %
b101 '
b101 /
1!
#9385009
0!
#9390009
0#
b10010001 %
b100 (
b110 '
b100 .
b110011 -
b110 /
1!
#9395009
0!
#9400009
b0 %
0&
b111 '
b111 /
1!
#9405009
0!
#9410009
b1100000 %
1&
1!
#9415009
0!
#9420009
1#
b1111010 %
b1000 '
b1000 /
1!
#9425009
0!
#9430009
b100100 %
b101 (
b1001 '
b101 .
b10110011 -
b1001 /
1!
#9435009
0!
#9440009
0#
b0 %
0&
b1010 '
b110 (
b1010 /
b110 .
b10001101 -
1!
#9445009
0!
#9450009
b11010111 %
1&
1!
#9455009
0!
#9460009
b0 %
0&
b1011 '
b1011 /
1!
#9465009
0!
#9470009
1#
1!
#9475009
0!
#9480009
b11110 %
1&
b111 (
b111 .
b10010001 -
1!
#9485009
0!
#9490009
b11010100 %
b1000 (
b1100 '
b1000 .
b1100000 -
b1100 /
1!
#9495009
0!
#9500009
0#
b1001110 %
b1101 '
b1001 (
b1101 /
b1001 .
b1111010 -
1!
#9505009
0!
#9510009
b1101000 %
b1110 '
b1110 /
1!
#9515009
0!
#9520009
1#
b100001 %
b1111 '
b1111 /
1!
#9525009
0!
#9530009
0#
b1111010 %
b1010 (
b0 '
b1010 .
b100100 -
b10000 /
1!
#9535009
0!
#9540009
1#
b11101000 %
b1 '
b10001 /
1!
#9545009
0!
#9550009
0#
b1011001 %
b1011 (
b10 '
b1011 .
b11010111 -
b10010 /
1!
#9555009
0!
#9560009
b0 %
0&
b11 '
b10011 /
1!
#9565009
0!
#9570009
1!
#9575009
0!
#9580009
1#
1!
#9585009
0!
#9590009
b1100 (
b1100 .
b11110 -
1!
#9595009
0!
#9600009
b1101 (
b1101 .
b11010100 -
1!
#9605009
0!
#9610009
b100111 %
1&
b1110 (
b1110 .
b1001110 -
1!
#9615009
0!
#9620009
b0 %
0&
b100 '
b1111 (
b10100 /
b1111 .
b1101000 -
1!
#9625009
0!
#9630009
b110100 %
1&
b0 (
b10000 .
b100001 -
1!
#9635009
0!
#9640009
b0 %
0&
b101 '
b1 (
b10101 /
b10001 .
b1111010 -
1!
#9645009
0!
#9650009
0#
b110 %
1&
b10 (
b10010 .
b11101000 -
1!
#9655009
0!
#9660009
1#
b1001100 %
b110 '
b10110 /
1!
#9665009
0!
#9670009
b0 %
0&
b11 (
b111 '
b10011 .
b1011001 -
b10111 /
1!
#9675009
0!
#9680009
0#
b100 (
b10100 .
b100111 -
1!
#9685009
0!
#9690009
b10100011 %
1&
1!
#9695009
0!
#9700009
1#
b11010 %
b1000 '
b11000 /
1!
#9705009
0!
#9710009
0#
b0 %
0&
b101 (
b1001 '
b10101 .
b110100 -
b11001 /
1!
#9715009
0!
#9720009
1#
b10010000 %
1&
1!
#9725009
0!
#9730009
b11101001 %
b110 (
b1010 '
b10110 .
b110 -
b11010 /
1!
#9735009
0!
#9740009
0#
0&
0$
b1011 '
b111 (
b11011 /
b10111 .
b1001100 -
1!
#9745009
0!
#9750009
1#
b0 %
1$
b0 (
b0 '
b0 -
1)
b0 .
b0 /
1!
#9755009
0!
#9760009
0#
b11111100 %
1&
1!
#9765009
0!
#9770009
b0 %
0&
b1 '
0)
b1 /
1!
#9775009
0!
#9780009
1#
1!
#9785009
0!
#9790009
0#
b100 %
1&
b1 (
1)
b1 .
b11111100 -
1!
#9795009
0!
#9800009
b10011101 %
b10 '
0)
b10 /
1!
#9805009
0!
#9810009
1#
b0 %
0&
b11 '
b11 /
1!
#9815009
0!
#9820009
0#
b10001111 %
1&
b10 (
b10 .
b100 -
1!
#9825009
0!
#9830009
b0 %
0&
b100 '
b100 /
1!
#9835009
0!
#9840009
1#
1!
#9845009
0!
#9850009
b1000100 %
1&
b11 (
b11 .
b10011101 -
1!
#9855009
0!
#9860009
0#
b11111 %
b101 '
b100 (
b101 /
0)
b100 .
b10001111 -
1!
#9865009
0!
#9870009
1#
b0 %
0&
b110 '
b110 /
1!
#9875009
0!
#9880009
0#
b10100111 %
1&
b101 (
b101 .
b1000100 -
1!
#9885009
0!
#9890009
1#
b1100111 %
b111 '
b111 /
1!
#9895009
0!
#9900009
b0 %
0&
b1000 '
b110 (
b1000 /
b110 .
b11111 -
1!
#9905009
0!
#9910009
b111101 %
1&
b111 (
b111 .
b10100111 -
1!
#9915009
0!
#9920009
b0 %
0&
b1001 '
b1000 (
b1001 /
0)
b1000 .
b1100111 -
1!
#9925009
0!
#9930009
b1010000 %
1&
b1001 (
1)
b1001 .
b111101 -
1!
#9935009
0!
#9940009
0#
b10100 %
b1010 '
0)
b1010 /
1!
#9945009
0!
#9950009
1#
b0 %
0&
b1011 '
b1011 /
1!
#9955009
0!
#9960009
b1010 (
b1010 .
b1010000 -
1!
#9965009
0!
#9970009
0#
b1011001 %
1&
b1011 (
1)
b1011 .
b10100 -
1!
#9975009
0!
#9980009
1#
b1111111 %
b1100 '
0)
b1100 /
1!
#9985009
0!
#9990009
0#
b111110 %
b1100 (
b1101 '
b1100 .
b1011001 -
b1101 /
1!
#9995009
0!
#10000009
0&
0$
b1110 '
b1110 /
1!
#10005009
0!
#10010009
1#
b0 %
1$
b0 (
b0 '
b0 -
1)
b0 .
b0 /
1!
#10015009
0!
#10020009
0#
b101011 %
1&
1!
#10025009
0!
#10030009
b1011 %
b1 '
0)
b1 /
1!
#10035009
0!
#10040009
b1000001 %
b10 '
b10 /
1!
#10045009
0!
#10050009
b0 %
0&
b11 '
b11 /
1!
#10055009
0!
#10060009
1#
1!
#10065009
0!
#10070009
0#
b11111110 %
1&
b1 (
b1 .
b101011 -
1!
#10075009
0!
#10080009
1#
b0 %
0&
b100 '
b100 /
1!
#10085009
0!
#10090009
b1001100 %
1&
b10 (
b10 .
b1011 -
1!
#10095009
0!
#10100009
b0 %
0&
b101 '
b11 (
b101 /
b11 .
b1000001 -
1!
#10105009
0!
#10110009
0#
b11111 %
1&
b100 (
b100 .
b11111110 -
1!
#10115009
0!
#10120009
1#
b1111111 %
b110 '
b110 /
1!
#10125009
0!
#10130009
0#
b0 %
0&
b101 (
b111 '
b101 .
b1001100 -
b111 /
1!
#10135009
0!
#10140009
1#
1!
#10145009
0!
#10150009
0#
b10100100 %
1&
b110 (
b110 .
b11111 -
1!
#10155009
0!
#10160009
1#
b1110000 %
b1000 '
b1000 /
1!
#10165009
0!
#10170009
b0 %
0&
b111 (
b1001 '
b111 .
b1111111 -
b1001 /
1!
#10175009
0!
#10180009
b1110111 %
1&
b1000 (
b1000 .
b10100100 -
1!
#10185009
0!
#10190009
0#
b10001000 %
b1001 (
b1010 '
b1001 .
b1110000 -
b1010 /
1!
#10195009
0!
#10200009
b0 %
0&
b1011 '
b1011 /
1!
#10205009
0!
#10210009
1!
#10215009
0!
#10220009
b1011000 %
1&
1!
#10225009
0!
#10230009
b0 %
0&
b1100 '
b1100 /
1!
#10235009
0!
#10240009
1#
1!
#10245009
0!
#10250009
0#
b1010 (
b1010 .
b1110111 -
1!
#10255009
0!
#10260009
b11111100 %
1&
1!
#10265009
0!
#10270009
1#
b11100 %
b1101 '
b1101 /
1!
#10275009
0!
#10280009
0#
b0 %
b1110 '
b1011 (
b1110 /
b1011 .
b10001000 -
1!
#10285009
0!
#10290009
0&
b1111 '
b1111 /
1!
#10295009
0!
#10300009
b10100101 %
1&
1!
#10305009
0!
#10310009
b1001000 %
b0 '
b10000 /
1!
#10315009
0!
#10320009
b0 %
0&
b1 '
b10001 /
1!
#10325009
0!
#10330009
b11001010 %
1&
1!
#10335009
0!
#10340009
1#
b1010000 %
b10 '
b10010 /
1!
#10345009
0!
#10350009
0#
b11111001 %
b1100 (
b11 '
b1100 .
b1011000 -
b10011 /
1!
#10355009
0!
#10360009
b10110110 %
b100 '
b10100 /
1!
#10365009
0!
#10370009
1#
b0 %
0&
b101 '
b10101 /
1!
#10375009
0!
#10380009
b1101 (
b1101 .
b11111100 -
1!
#10385009
0!
#10390009
0#
b1110 (
b1110 .
b11100 -
1!
#10395009
0!
#10400009
1!
#10405009
0!
#10410009
1!
#10415009
0!
#10420009
b11111110 %
1&
1!
#10425009
0!
#10430009
1#
b0 %
0&
b110 '
b10110 /
1!
#10435009
0!
#10440009
0#
b101101 %
1&
b1111 (
b1111 .
b0 -
1!
#10445009
0!
#10450009
b0 %
0&
b111 '
b10111 /
1!
#10455009
0!
#10460009
1#
b100010 %
1&
1!
#10465009
0!
#10470009
0#
b0 %
0&
b0 (
b1000 '
b10000 .
b10100101 -
b11000 /
1!
#10475009
0!
#10480009
1#
b1010101 %
1&
1!
#10485009
0!
#10490009
b11000000 %
b1 (
b1001 '
b10001 .
b1001000 -
b11001 /
1!
#10495009
0!
#10500009
0#
b1110011 %
b1010 '
b10 (
b11010 /
b10010 .
b11001010 -
1!
#10505009
0!
#10510009
b10010110 %
b1011 '
b11011 /
1!
#10515009
0!
#10520009
1#
b10101111 %
b1100 '
b11100 /
1!
#10525009
0!
#10530009
0#
b101111 %
b11 (
b1101 '
b10011 .
b1010000 -
b11101 /
1!
#10535009
0!
#10540009
b0 %
0&
b1110 '
b11110 /
1!
#10545009
0!
#10550009
b11011110 %
1&
1!
#10555009
0!
#10560009
1#
b1100001 %
b1111 '
b11111 /
1!
#10565009
0!
#10570009
0#
b0 %
0&
b100 (
b0 '
b10100 .
b11111001 -
b0 /
1!
#10575009
0!
#10580009
1#
1!
#10585009
0!
#10590009
0#
b11111011 %
1&
b101 (
b10101 .
b10110110 -
1!
#10595009
0!
#10600009
1#
b10010110 %
b1 '
b1 /
1!
#10605009
0!
#10610009
b0 %
0&
b110 (
b10 '
b10110 .
b11111110 -
b10 /
1!
#10615009
0!
#10620009
0#
b101001 %
1&
b111 (
b10111 .
b101101 -
1!
#10625009
0!
#10630009
b11110001 %
b11 '
b11 /
1!
#10635009
0!
#10640009
1#
b0 %
0&
b100 '
b100 /
1!
#10645009
0!
#10650009
0#
b10111101 %
1&
b1000 (
b11000 .
b100010 -
1!
#10655009
0!
#10660009
1#
b10000110 %
b101 '
b101 /
1!
#10665009
0!
#10670009
b110001 %
b1001 (
b110 '
b11001 .
b1010101 -
b110 /
1!
#10675009
0!
#10680009
0#
b1110100 %
b111 '
b1010 (
b111 /
b11010 .
b11000000 -
1!
#10685009
0!
#10690009
b0 %
0&
b1000 '
b1000 /
1!
#10695009
0!
#10700009
1!
#10705009
0!
#10710009
1#
1!
#10715009
0!
#10720009
0#
b1011 (
b11011 .
b1110011 -
1!
#10725009
0!
#10730009
1!
#10735009
0!
#10740009
1#
1!
#10745009
0!
#10750009
0#
b1101100 %
1&
b1100 (
b11100 .
b10010110 -
1!
#10755009
0!
#10760009
1#
b11011110 %
b1001 '
b1001 /
1!
#10765009
0!
#10770009
b0 %
0&
b1101 (
b1010 '
b11101 .
b10101111 -
b1010 /
1!
#10775009
0!
#10780009
0#
b100010 %
1&
b1110 (
b11110 .
b101111 -
1!
#10785009
0!
#10790009
b0 %
0&
b1011 '
b1011 /
1!
#10795009
0!
#10800009
1!
#10805009
0!
#10810009
0$
1!
#10815009
0!
#10820009
1$
b0 '
b0 (
1)
b0 /
b0 -
b0 .
1!
#10825009
0!
#10830009
b110011 %
1&
1!
#10835009
0!
#10840009
1#
b0 %
0&
b1 '
0)
b1 /
1!
#10845009
0!
#10850009
b1 (
1)
b1 .
b110011 -
1!
#10855009
0!
#10860009
b11110010 %
1&
1!
#10865009
0!
#10870009
b11001101 %
b10 '
0)
b10 /
1!
#10875009
0!
#10880009
b0 %
0&
b11 '
b10 (
b11 /
0)
b10 .
b11110010 -
1!
#10885009
0!
#10890009
0#
b11 (
1)
b11 .
b11001101 -
1!
#10895009
0!
#10900009
b10011011 %
1&
1!
#10905009
0!
#10910009
b0 %
0&
b100 '
0)
b100 /
1!
#10915009
0!
#10920009
1#
1!
#10925009
0!
#10930009
0#
b100 (
1)
b100 .
b10011011 -
1!
#10935009
0!
#10940009
1!
#10945009
0!
#10950009
b11010000 %
1&
1!
#10955009
0!
#10960009
b0 %
0&
b101 '
0)
b101 /
1!
#10965009
0!
#10970009
1#
1!
#10975009
0!
#10980009
b101 (
1)
b101 .
b11010000 -
1!
#10985009
0!
#10990009
1!
#10995009
0!
#11000009
0#
1!
#11005009
0!
#11010009
b1100101 %
1&
1!
#11015009
0!
#11020009
b0 %
0&
b110 '
0)
b110 /
1!
#11025009
0!
#11030009
1#
b10111110 %
1&
1!
#11035009
0!
#11040009
0#
b11110010 %
b111 '
b110 (
b111 /
0)
b110 .
b1100101 -
1!
#11045009
0!
#11050009
1#
b10000100 %
b1000 '
b1000 /
1!
#11055009
0!
#11060009
b0 %
0&
b1001 '
b111 (
b1001 /
b111 .
b10111110 -
1!
#11065009
0!
#11070009
0#
b1101101 %
1&
b1000 (
b1000 .
b11110010 -
1!
#11075009
0!
#11080009
b0 %
0&
b1010 '
b1010 /
1!
#11085009
0!
#11090009
1#
b100 %
1&
1!
#11095009
0!
#11100009
b1011 '
b1001 (
b1011 /
b1001 .
b10000100 -
1!
#11105009
0!
#11110009
0#
b0 %
0&
b1010 (
b1100 '
b1010 .
b1101101 -
b1100 /
1!
#11115009
0!
#11120009
1#
1!
#11125009
0!
#11130009
b1011 (
b1011 .
b100 -
1!
#11135009
0!
#11140009
0#
b11001011 %
1&
b1100 (
1)
b1100 .
1!
#11145009
0!
#11150009
b10111111 %
b1101 '
0)
b1101 /
1!
#11155009
0!
#11160009
1#
b0 %
0&
b1110 '
b1110 /
1!
#11165009
0!
#11170009
b10001101 %
1&
b1101 (
b1101 .
b11001011 -
1!
#11175009
0!
#11180009
b0 %
0&
b1111 '
b1110 (
b1111 /
0)
b1110 .
b10111111 -
1!
#11185009
0!
#11190009
b1111 (
1)
b1111 .
b10001101 -
1!
#11195009
0!
#11200009
0#
1!
#11205009
0!
#11210009
1!
#11215009
0!
#11220009
1!
#11225009
0!
#11230009
1#
1!
#11235009
0!
#11240009
b1100001 %
1&
1!
#11245009
0!
#11250009
0#
b0 %
0&
b0 '
0)
b10000 /
1!
#11255009
0!
#11260009
b10110111 %
1&
1!
#11265009
0!
#11270009
b0 %
0&
b1 '
b10001 /
1!
#11275009
0!
#11280009
1#
b1000001 %
1&
1!
#11285009
0!
#11290009
0#
b0 %
0&
b0 (
b10 '
b10000 .
b1100001 -
b10010 /
1!
#11295009
0!
#11300009
1!
#11305009
0!
#11310009
1#
b10011101 %
1&
1!
#11315009
0!
#11320009
b0 %
0&
b11 '
b1 (
b10011 /
b10001 .
b10110111 -
1!
#11325009
0!
#11330009
b11011 %
1&
b10 (
b10010 .
b1000001 -
1!
#11335009
0!
#11340009
0#
b0 %
0&
b100 '
b11 (
b10100 /
0)
b10011 .
b10011101 -
1!
#11345009
0!
#11350009
1!
#11355009
0!
#11360009
1#
b11011 %
1&
1!
#11365009
0!
#11370009
0#
b10101111 %
b100 (
b101 '
b10100 .
b11011 -
b10101 /
1!
#11375009
0!
#11380009
b0 %
0&
b110 '
b10110 /
1!
#11385009
0!
#11390009
b101001 %
1&
1!
#11395009
0!
#11400009
1#
b0 %
0&
b111 '
b10111 /
1!
#11405009
0!
#11410009
b1010110 %
1&
b101 (
b10101 .
1!
#11415009
0!
#11420009
0#
b101101 %
b1000 '
b110 (
b11000 /
b10110 .
b10101111 -
1!
#11425009
0!
#11430009
1#
b11011011 %
b1001 '
b11001 /
1!
#11435009
0!
#11440009
b1100110 %
b1010 '
b111 (
b11010 /
b10111 .
b101001 -
1!
#11445009
0!
#11450009
0#
b0 %
0&
b1000 (
b1011 '
b11000 .
b1010110 -
b11011 /
1!
#11455009
0!
#11460009
1#
1!
#11465009
0!
#11470009
0#
0$
b1001 (
b11001 .
b101101 -
1!
#11475009
0!
#11480009
b10011111 %
1&
1$
b0 '
b0 (
1)
b0 /
b0 -
b0 .
1!
#11485009
0!
#11490009
b1010101 %
b1 '
0)
b1 /
1!
#11495009
0!
#11500009
b11101001 %
b10 '
b10 /
1!
#11505009
0!
#11510009
1#
b0 %
0&
b11 '
b11 /
1!
#11515009
0!
#11520009
b1 (
b1 .
b10011111 -
1!
#11525009
0!
#11530009
b11001110 %
1&
b10 (
b10 .
b1010101 -
1!
#11535009
0!
#11540009
0#
0&
0$
b100 '
b11 (
b100 /
0)
b11 .
b11101001 -
1!
#11545009
0!
#11550009
1#
b0 %
1$
b0 (
b0 '
b0 -
1)
b0 .
b0 /
1!
#11555009
0!
#11560009
1!
#11565009
0!
#11570009
1!
#11575009
0!
#11580009
0#
1!
#11585009
0!
#11590009
1#
b1010 %
1&
1!
#11595009
0!
#11600009
b111111 %
b1 '
0)
b1 /
1!
#11605009
0!
#11610009
b100 %
b1 (
b10 '
b1 .
b1010 -
b10 /
1!
#11615009
0!
#11620009
0#
b0 %
0&
b11 '
b10 (
b11 /
0)
b10 .
b111111 -
1!
#11625009
0!
#11630009
1#
1!
#11635009
0!
#11640009
0#
b111100 %
1&
b11 (
1)
b11 .
b100 -
1!
#11645009
0!
#11650009
1#
b0 %
0&
b100 '
0)
b100 /
1!
#11655009
0!
#11660009
0#
b100 (
1)
b100 .
b111100 -
1!
#11665009
0!
#11670009
1#
b1010010 %
1&
1!
#11675009
0!
#11680009
b11110110 %
b101 '
0)
b101 /
1!
#11685009
0!
#11690009
0#
b111000 %
b101 (
b110 '
b101 .
b1010010 -
b110 /
1!
#11695009
0!
#11700009
1#
b0 %
0&
b111 '
b111 /
1!
#11705009
0!
#11710009
0#
b110 (
b110 .
b11110110 -
1!
#11715009
0!
#11720009
1#
b10010111 %
1&
1!
#11725009
0!
#11730009
0#
b10100 %
b111 (
b1000 '
b111 .
b111000 -
b1000 /
1!
#11735009
0!
#11740009
b11011010 %
b1001 '
b1001 /
1!
#11745009
0!
#11750009
b10111 %
b1010 '
b1010 /
1!
#11755009
0!
#11760009
0&
0$
b1011 '
b1011 /
1!
#11765009
0!
#11770009
1#
b0 %
1$
b0 (
b0 '
b0 -
1)
b0 .
b0 /
1!
#11775009
0!
#11780009
1!
#11785009
0!
#11790009
b111010 %
1&
1!
#11795009
0!
#11800009
b0 %
0&
b1 '
0)
b1 /
1!
#11805009
0!
#11810009
0#
b1 (
1)
b1 .
b111010 -
1!
#11815009
0!
#11820009
1#
1!
#11825009
0!
#11830009
0#
b1010001 %
1&
1!
#11835009
0!
#11840009
1#
b0 %
0&
b10 '
0)
b10 /
1!
#11845009
0!
#11850009
0#
b10110111 %
1&
b10 (
1)
b10 .
b1010001 -
1!
#11855009
0!
#11860009
b0 %
0&
b11 '
0)
b11 /
1!
#11865009
0!
#11870009
1#
1!
#11875009
0!
#11880009
b11 (
1)
b11 .
b10110111 -
1!
#11885009
0!
#11890009
1!
#11895009
0!
#11900009
0#
1!
#11905009
0!
#11910009
b10101101 %
1&
1!
#11915009
0!
#11920009
b0 %
0&
b100 '
0)
b100 /
1!
#11925009
0!
#11930009
1#
1!
#11935009
0!
#11940009
b100 (
1)
b100 .
b10101101 -
1!
#11945009
0!
#11950009
0#
1!
#11955009
0!
#11960009
0$
1!
#11965009
0!
#11970009
1#
1$
b0 (
b0 '
b0 -
b0 .
1)
b0 /
1!
#11975009
0!
#11980009
0#
b10100100 %
1&
1!
#11985009
0!
#11990009
1#
b0 %
0&
b1 '
0)
b1 /
1!
#11995009
0!
#12000009
b1 (
1)
b1 .
b10100100 -
1!
#12005009
0!
#12010009
0#
b11100101 %
1&
1!
#12015009
0!
#12020009
1#
b11111110 %
b10 '
0)
b10 /
1!
#12025009
0!
#12030009
b10010 %
b10 (
b11 '
b10 .
b11100101 -
b11 /
1!
#12035009
0!
#12040009
b10011011 %
b100 '
b11 (
b100 /
0)
b11 .
b11111110 -
1!
#12045009
0!
#12050009
0#
b0 %
0&
b100 (
b101 '
b100 .
b10010 -
b101 /
1!
#12055009
0!
#12060009
b1110010 %
1&
1!
#12065009
0!
#12070009
b11110010 %
b110 '
b110 /
1!
#12075009
0!
#12080009
1#
b110001 %
b111 '
b111 /
1!
#12085009
0!
#12090009
b10010101 %
b101 (
b1000 '
b101 .
b10011011 -
b1000 /
1!
#12095009
0!
#12100009
b1010100 %
b1001 '
b110 (
b1001 /
b110 .
b1110010 -
1!
#12105009
0!
#12110009
0#
b0 %
0&
b111 (
b1010 '
b111 .
b11110010 -
b1010 /
1!
#12115009
0!
#12120009
1#
b111101 %
1&
1!
#12125009
0!
#12130009
b1100001 %
b1000 (
b1011 '
b1000 .
b110001 -
b1011 /
1!
#12135009
0!
#12140009
b111111 %
b1100 '
b1001 (
b1100 /
b1001 .
b10010101 -
1!
#12145009
0!
#12150009
0#
b1000100 %
b1010 (
b1101 '
b1010 .
b1010100 -
b1101 /
1!
#12155009
0!
#12160009
b11011101 %
b1110 '
b1110 /
1!
#12165009
0!
#12170009
b1011010 %
b1111 '
b1111 /
1!
#12175009
0!
#12180009
b110101 %
b0 '
b10000 /
1!
#12185009
0!
#12190009
b0 %
0&
b1 '
b10001 /
1!
#12195009
0!
#12200009
b1111111 %
1&
1!
#12205009
0!
#12210009
b0 %
0&
b10 '
b10010 /
1!
#12215009
0!
#12220009
1#
b10011001 %
1&
1!
#12225009
0!
#12230009
b0 %
0&
b1011 (
b11 '
b1011 .
b111101 -
b10011 /
1!
#12235009
0!
#12240009
b1100 (
b1100 .
b1100001 -
1!
#12245009
0!
#12250009
0#
b1101 (
b1101 .
b111111 -
1!
#12255009
0!
#12260009
b1011011 %
1&
1!
#12265009
0!
#12270009
1#
b0 %
0&
b100 '
b10100 /
1!
#12275009
0!
#12280009
b11010101 %
1&
b1110 (
b1110 .
b1000100 -
1!
#12285009
0!
#12290009
0#
b0 %
0&
b1111 (
b101 '
b1111 .
b11011101 -
b10101 /
1!
#12295009
0!
#12300009
1#
b110110 %
1&
1!
#12305009
0!
#12310009
0#
b1100110 %
b0 (
b110 '
b10000 .
b1011010 -
b10110 /
1!
#12315009
0!
#12320009
b0 %
0&
b111 '
b10111 /
1!
#12325009
0!
#12330009
1#
b10010111 %
1&
1!
#12335009
0!
#12340009
b0 %
0&
b1000 '
b1 (
b11000 /
b10001 .
b110101 -
1!
#12345009
0!
#12350009
0#
b10 (
b10010 .
b1111111 -
1!
#12355009
0!
#12360009
b11000111 %
1&
1!
#12365009
0!
#12370009
b0 %
0&
b1001 '
b11001 /
1!
#12375009
0!
#12380009
1!
#12385009
0!
#12390009
1!
#12395009
0!
#12400009
1#
1!
#12405009
0!
#12410009
0#
b11 (
b10011 .
b10011001 -
1!
#12415009
0!
#12420009
1!
#12425009
0!
#12430009
1!
#12435009
0!
#12440009
1!
#12445009
0!
#12450009
1#
b100110 %
1&
1!
#12455009
0!
#12460009
0#
b11000001 %
b1010 '
b100 (
b11010 /
b10100 .
b1011011 -
1!
#12465009
0!
#12470009
1#
b1010010 %
b1011 '
b11011 /
1!
#12475009
0!
#12480009
b1001111 %
b1100 '
b101 (
b11100 /
b10101 .
b11010101 -
1!
#12485009
0!
#12490009
0#
b0 %
0&
b110 (
b1101 '
b10110 .
b110110 -
b11101 /
1!
#12495009
0!
#12500009
1!
#12505009
0!
#12510009
1!
#12515009
0!
#12520009
1!
#12525009
0!
#12530009
1!
#12535009
0!
#12540009
1#
1!
#12545009
0!
#12550009
0#
b111 (
b10111 .
b1100110 -
1!
#12555009
0!
#12560009
b11110011 %
1&
1!
#12565009
0!
#12570009
b0 %
0&
b1110 '
b11110 /
1!
#12575009
0!
#12580009
0$
1!
#12585009
0!
#12590009
b1111100 %
1&
1$
b0 (
b0 '
b0 -
1)
b0 .
b0 /
1!
#12595009
0!
#12600009
1#
b0 %
0&
b1 '
0)
b1 /
1!
#12605009
0!
#12610009
b1 (
1)
b1 .
b1111100 -
1!
#12615009
0!
#12620009
0#
b10111111 %
1&
1!
#12625009
0!
#12630009
1#
b0 %
0&
b10 '
0)
b10 /
1!
#12635009
0!
#12640009
b10 (
1)
b10 .
b10111111 -
1!
#12645009
0!
#12650009
0#
b11 %
1&
1!
#12655009
0!
#12660009
b1101101 %
b11 '
0)
b11 /
1!
#12665009
0!
#12670009
1#
b11011110 %
b100 '
b100 /
1!
#12675009
0!
#12680009
0#
b0 %
0&
b101 '
b11 (
b101 /
b11 .
b11 -
1!
#12685009
0!
#12690009
1#
b101100 %
1&
1!
#12695009
0!
#12700009
b100100 %
b110 '
b100 (
b110 /
b100 .
b1101101 -
1!
#12705009
0!
#12710009
b11000110 %
b101 (
b111 '
b101 .
b11011110 -
b111 /
1!
#12715009
0!
#12720009
b11000111 %
b1000 '
b110 (
b1000 /
b110 .
b101100 -
1!
#12725009
0!
#12730009
0#
b0 %
0&
b111 (
b1001 '
b111 .
b100100 -
b1001 /
1!
#12735009
0!
#12740009
1!
#12745009
0!
#12750009
b110110 %
1&
1!
#12755009
0!
#12760009
b0 %
0&
b1010 '
b1010 /
1!
#12765009
0!
#12770009
1#
1!
#12775009
0!
#12780009
b1110000 %
1&
b1000 (
b1000 .
b11000110 -
1!
#12785009
0!
#12790009
0#
b10010111 %
b1001 (
b1011 '
b1001 .
b11000111 -
b1011 /
1!
#12795009
0!
#12800009
b10111111 %
b1100 '
b1100 /
1!
#12805009
0!
#12810009
b1001000 %
b1101 '
b1101 /
1!
#12815009
0!
#12820009
b101011 %
b1110 '
b1110 /
1!
#12825009
0!
#12830009
b0 %
0&
b1111 '
b1111 /
1!
#12835009
0!
#12840009
b1001000 %
1&
1!
#12845009
0!
#12850009
b1100011 %
b0 '
b10000 /
1!
#12855009
0!
#12860009
b0 %
0&
b1 '
b10001 /
1!
#12865009
0!
#12870009
1!
#12875009
0!
#12880009
1#
1!
#12885009
0!
#12890009
b11111001 %
1&
b1010 (
b1010 .
b110110 -
1!
#12895009
0!
#12900009
0#
b1111000 %
b10 '
b1011 (
b10010 /
b1011 .
b1110000 -
1!
#12905009
0!
#12910009
b0 %
0&
b11 '
b10011 /
1!
#12915009
0!
#12920009
b10011100 %
1&
1!
#12925009
0!
#12930009
b10100001 %
b100 '
b10100 /
1!
#12935009
0!
#12940009
1#
b1110001 %
b101 '
b10101 /
1!
#12945009
0!
#12950009
b0 %
0&
b1100 (
b110 '
b1100 .
b10010111 -
b10110 /
1!
#12955009
0!
#12960009
b1101 (
b1101 .
b10111111 -
1!
#12965009
0!
#12970009
0#
b11111001 %
1&
b1110 (
b1110 .
b1001000 -
1!
#12975009
0!
#12980009
b10001111 %
b111 '
b10111 /
1!
#12985009
0!
#12990009
b10000110 %
b1000 '
b11000 /
1!
#12995009
0!
#13000009
b0 %
0&
b1001 '
b11001 /
1!
#13005009
0!
#13010009
1!
#13015009
0!
#13020009
1!
#13025009
0!
#13030009
1#
b11110001 %
1&
1!
#13035009
0!
#13040009
b10010100 %
b1010 '
b1111 (
b11010 /
b1111 .
b101011 -
1!
#13045009
0!
#13050009
b0 %
0&
b0 (
b1011 '
b10000 .
b1001000 -
b11011 /
1!
#13055009
0!
#13060009
b1010100 %
1&
b1 (
b10001 .
b1100011 -
1!
#13065009
0!
#13070009
b1001010 %
b10 (
b1100 '
b10010 .
b11111001 -
b11100 /
1!
#13075009
0!
#13080009
b1110000 %
b1101 '
b11 (
b11101 /
b10011 .
b1111000 -
1!
#13085009
0!
#13090009
b1110111 %
b100 (
b1110 '
b10100 .
b10011100 -
b11110 /
1!
#13095009
0!
#13100009
0#
b10111000 %
b1111 '
b101 (
b11111 /
b10101 .
b10100001 -
1!
#13105009
0!
#13110009
b0 %
0&
b0 '
b0 /
1!
#13115009
0!
#13120009
1#
1!
#13125009
0!
#13130009
b110 (
b10110 .
b1110001 -
1!
#13135009
0!
#13140009
0#
b111 (
b10111 .
b11111001 -
1!
#13145009
0!
#13150009
b100111 %
1&
1!
#13155009
0!
#13160009
b11001111 %
b1 '
b1 /
1!
#13165009
0!
#13170009
1#
b0 %
0&
b10 '
b10 /
1!
#13175009
0!
#13180009
0#
b1000 (
b11000 .
b10001111 -
1!
#13185009
0!
#13190009
1#
b10001111 %
1&
1!
#13195009
0!
#13200009
b111100 %
b11 '
b1001 (
b11 /
b11001 .
b10000110 -
1!
#13205009
0!
#13210009
b111010 %
b1010 (
b100 '
b11010 .
b11110001 -
b100 /
1!
#13215009
0!
#13220009
b1010010 %
b101 '
b1011 (
b101 /
b11011 .
b10010100 -
1!
#13225009
0!
#13230009
b1000001 %
b1100 (
b110 '
b11100 .
b1010100 -
b110 /
1!
#13235009
0!
#13240009
0#
b10100 %
b111 '
b1101 (
b111 /
b11101 .
b1001010 -
1!
#13245009
0!
#13250009
1#
b1011100 %
b1000 '
b1000 /
1!
#13255009
0!
#13260009
0#
b1001 %
b1001 '
b1110 (
b1001 /
b11110 .
b1110000 -
1!
#13265009
0!
#13270009
b0 %
0&
b1010 '
b1010 /
1!
#13275009
0!
#13280009
b11110001 %
1&
1!
#13285009
0!
#13290009
b1001001 %
b1011 '
b1011 /
1!
#13295009
0!
#13300009
1#
b0 %
0&
b1100 '
b1100 /
1!
#13305009
0!
#13310009
0#
b10101111 %
1&
b1111 (
b11111 .
b1110111 -
1!
#13315009
0!
#13320009
1#
b0 %
0&
b1101 '
b1101 /
1!
#13325009
0!
#13330009
b11010110 %
1&
b0 (
b0 .
b10111000 -
1!
#13335009
0!
#13340009
b0 %
0&
b1110 '
b1 (
b1110 /
b1 .
b100111 -
1!
#13345009
0!
#13350009
0#
b10 (
b10 .
b11001111 -
1!
#13355009
0!
#13360009
1#
1!
#13365009
0!
#13370009
0#
b11 (
b11 .
b10001111 -
1!
#13375009
0!
#13380009
0$
1!
#13385009
0!
#13390009
1#
1$
b0 (
b0 '
b0 -
1)
b0 .
b0 /
1!
#13395009
0!
#13400009
0#
1!
#13405009
0!
#13410009
1#
1!
#13415009
0!
#13420009
0#
b110010 %
1&
1!
#13425009
0!
#13430009
b101010 %
b1 '
0)
b1 /
1!
#13435009
0!
#13440009
1#
b0 %
0&
b10 '
b10 /
1!
#13445009
0!
#13450009
0#
b1 (
b1 .
b110010 -
1!
#13455009
0!
#13460009
1#
b1101001 %
1&
1!
#13465009
0!
#13470009
b1001111 %
b10 (
b11 '
b10 .
b101010 -
b11 /
1!
#13475009
0!
#13480009
b0 %
0&
b100 '
b11 (
b100 /
0)
b11 .
b1101001 -
1!
#13485009
0!
#13490009
0#
b100 (
1)
b100 .
b1001111 -
1!
#13495009
0!
#13500009
1#
b11110111 %
1&
1!
#13505009
0!
#13510009
b0 %
0&
b101 '
0)
b101 /
1!
#13515009
0!
#13520009
0#
b101 (
1)
b101 .
b11110111 -
1!
#13525009
0!
#13530009
b111100 %
1&
1!
#13535009
0!
#13540009
b1010010 %
b110 '
0)
b110 /
1!
#13545009
0!
#13550009
b0 %
0&
b111 '
b111 /
1!
#13555009
0!
#13560009
1!
#13565009
0!
#13570009
b101110 %
1&
1!
#13575009
0!
#13580009
b101101 %
b1000 '
b1000 /
1!
#13585009
0!
#13590009
1#
b10011 %
b1001 '
b1001 /
1!
#13595009
0!
#13600009
b0 %
0&
b1010 '
b110 (
b1010 /
b110 .
b111100 -
1!
#13605009
0!
#13610009
0#
b11101 %
1&
b111 (
b111 .
b1010010 -
1!
#13615009
0!
#13620009
b0 %
0&
b1011 '
b1011 /
1!
#13625009
0!
#13630009
b10010010 %
1&
1!
#13635009
0!
#13640009
b0 %
0&
b1100 '
b1100 /
1!
#13645009
0!
#13650009
1!
#13655009
0!
#13660009
1!
#13665009
0!
#13670009
1#
b11001010 %
1&
1!
#13675009
0!
#13680009
b100011 %
b1101 '
b1000 (
b1101 /
b1000 .
b101110 -
1!
#13685009
0!
#13690009
0#
b0 %
0&
b1001 (
b1110 '
b1001 .
b101101 -
b1110 /
1!
#13695009
0!
#13700009
1#
1!
#13705009
0!
#13710009
0#
b11101000 %
1&
b1010 (
b1010 .
b10011 -
1!
#13715009
0!
#13720009
1#
b0 %
0&
b1111 '
b1111 /
1!
#13725009
0!
#13730009
b10010110 %
1&
b1011 (
b1011 .
b11101 -
1!
#13735009
0!
#13740009
0#
b10000011 %
b0 '
b1100 (
b10000 /
b1100 .
b10010010 -
1!
#13745009
0!
#13750009
b0 %
0&
b1 '
b10001 /
1!
#13755009
0!
#13760009
1!
#13765009
0!
#13770009
1!
#13775009
0!
#13780009
b1110 %
1&
1!
#13785009
0!
#13790009
1#
b1110000 %
b10 '
b10010 /
1!
#13795009
0!
#13800009
b10110100 %
b11 '
b1101 (
b10011 /
b1101 .
b11001010 -
1!
#13805009
0!
#13810009
0#
b1111111 %
b1110 (
b100 '
b1110 .
b100011 -
b10100 /
1!
#13815009
0!
#13820009
b10101111 %
b101 '
b10101 /
1!
#13825009
0!
#13830009
1#
b0 %
0&
b110 '
b10110 /
1!
#13835009
0!
#13840009
b1111 (
b1111 .
b11101000 -
1!
#13845009
0!
#13850009
0#
b0 (
b10000 .
b10010110 -
1!
#13855009
0!
#13860009
b10000111 %
1&
1!
#13865009
0!
#13870009
1#
b10110110 %
b111 '
b10111 /
1!
#13875009
0!
#13880009
0#
b11111100 %
b1000 '
b1 (
b11000 /
b10001 .
b10000011 -
1!
#13885009
0!
#13890009
b0 %
0&
b1001 '
b11001 /
1!
#13895009
0!
#13900009
b11111100 %
1&
1!
#13905009
0!
#13910009
b0 %
0&
b1010 '
b11010 /
1!
#13915009
0!
#13920009
b10001111 %
1&
1!
#13925009
0!
#13930009
1#
b0 %
0&
b1011 '
b11011 /
1!
#13935009
0!
#13940009
0#
b10000 %
1&
b10 (
b10010 .
b1110 -
1!
#13945009
0!
#13950009
b1011001 %
b1100 '
b11100 /
1!
#13955009
0!
#13960009
b10100001 %
b1101 '
b11101 /
1!
#13965009
0!
#13970009
1#
b110011 %
b1110 '
b11110 /
1!
#13975009
0!
#13980009
b0 %
0&
b1111 '
b11 (
b11111 /
b10011 .
b1110000 -
1!
#13985009
0!
#13990009
b10101111 %
1&
b100 (
b10100 .
b10110100 -
1!
#13995009
0!
#14000009
b10111110 %
b0 '
b101 (
b0 /
b10101 .
b1111111 -
1!
#14005009
0!
#14010009
b1000011 %
b110 (
b1 '
b10110 .
b10101111 -
b1 /
1!
#14015009
0!
#14020009
0#
b0 %
0&
b10 '
b111 (
b10 /
b10111 .
b10000111 -
1!
#14025009
0!
#14030009
1!
#14035009
0!
#14040009
b1001100 %
1&
1!
#14045009
0!
#14050009
1#
b1000100 %
b11 '
b11 /
1!
#14055009
0!
#14060009
0#
b0 %
0&
b100 '
b1000 (
b100 /
b11000 .
b10110110 -
1!
#14065009
0!
#14070009
1#
1!
#14075009
0!
#14080009
b1001 (
b11001 .
b11111100 -
1!
#14085009
0!
#14090009
0#
b11110011 %
1&
b1010 (
b11010 .
1!
#14095009
0!
#14100009
b10000101 %
b101 '
b101 /
1!
#14105009
0!
#14110009
b0 %
0&
b110 '
b110 /
1!
#14115009
0!
#14120009
1#
b1100101 %
1&
1!
#14125009
0!
#14130009
0#
b0 %
0&
b1011 (
b111 '
b11011 .
b10001111 -
b111 /
1!
#14135009
0!
#14140009
1#
b11111001 %
1&
1!
#14145009
0!
#14150009
b10010010 %
b1100 (
b1000 '
b11100 .
b10000 -
b1000 /
1!
#14155009
0!
#14160009
0#
b0 %
0&
b1001 '
b1101 (
b1001 /
b11101 .
b1011001 -
1!
#14165009
0!
#14170009
1#
1!
#14175009
0!
#14180009
0#
b101000 %
1&
b1110 (
b11110 .
b10100001 -
1!
#14185009
0!
#14190009
1#
b10010101 %
b1010 '
b1010 /
1!
#14195009
0!
#14200009
b0 %
0&
b1011 '
b1111 (
b1011 /
b11111 .
b110011 -
1!
#14205009
0!
#14210009
0#
b0 (
b0 .
b10101111 -
1!
#14215009
0!
#14220009
1#
1!
#14225009
0!
#14230009
b1 (
b1 .
b10111110 -
1!
#14235009
0!
#14240009
0#
b101000 %
1&
b10 (
b10 .
b1000011 -
1!
#14245009
0!
#14250009
1#
b11110010 %
b1100 '
b1100 /
1!
#14255009
0!
#14260009
b101010 %
b1101 '
b11 (
b1101 /
b11 .
b1001100 -
1!
#14265009
0!
#14270009
b0 %
0&
b100 (
b1110 '
b100 .
b1000100 -
b1110 /
1!
#14275009
0!
#14280009
b10010001 %
1&
b101 (
b101 .
b11110011 -
1!
#14285009
0!
#14290009
0#
b1010111 %
b110 (
b1111 '
b110 .
b10000101 -
b1111 /
1!
#14295009
0!
#14300009
b0 %
0&
b0 '
b10000 /
1!
#14305009
0!
#14310009
b10001011 %
1&
1!
#14315009
0!
#14320009
b1011010 %
b1 '
b10001 /
1!
#14325009
0!
#14330009
b11011110 %
b10 '
b10010 /
1!
#14335009
0!
#14340009
1#
b0 %
0&
b11 '
b10011 /
1!
#14345009
0!
#14350009
0#
b111 (
b111 .
b1100101 -
1!
#14355009
0!
#14360009
1#
b10011011 %
1&
1!
#14365009
0!
#14370009
0#
0&
0$
b1000 (
b100 '
b1000 .
b11111001 -
b10100 /
1!
#14375009
0!
#14380009
1#
b0 %
1$
b0 '
b0 (
1)
b0 /
b0 -
b0 .
1!
#14385009
0!
#14390009
0#
1!
#14395009
0!
#14400009
1#
1!
#14405009
0!
#14410009
0#
1!
#14415009
0!
#14420009
1#
1!
#14425009
0!
#14430009
b11000111 %
1&
1!
#14435009
0!
#14440009
b1111010 %
b1 '
0)
b1 /
1!
#14445009
0!
#14450009
0#
b0 %
0&
b1 (
b10 '
b1 .
b11000111 -
b10 /
1!
#14455009
0!
#14460009
b10001001 %
1&
1!
#14465009
0!
#14470009
1#
b0 %
0&
b11 '
b11 /
1!
#14475009
0!
#14480009
0#
b10 (
b10 .
b1111010 -
1!
#14485009
0!
#14490009
1#
1!
#14495009
0!
#14500009
0#
0$
b11 (
1)
b11 .
b10001001 -
1!
#14505009
0!
#14510009
1#
1$
b0 (
b0 '
b0 -
b0 .
1)
b0 /
1!
#14515009
0!
#14520009
0#
b100 %
1&
1!
#14525009
0!
#14530009
1#
b10101111 %
b1 '
0)
b1 /
1!
#14535009
0!
#14540009
b0 %
0&
b10 '
b1 (
b10 /
0)
b1 .
b100 -
1!
#14545009
0!
#14550009
b10 (
1)
b10 .
b10101111 -
1!
#14555009
0!
#14560009
1!
#14565009
0!
#14570009
0#
b1011100 %
1&
1!
#14575009
0!
#14580009
b0 %
0&
b11 '
0)
b11 /
1!
#14585009
0!
#14590009
b1111111 %
1&
1!
#14595009
0!
#14600009
1#
b0 %
0&
b100 '
b100 /
1!
#14605009
0!
#14610009
0#
b110000 %
1&
b11 (
b11 .
b1011100 -
1!
#14615009
0!
#14620009
1#
b0 %
0&
b101 '
b101 /
1!
#14625009
0!
#14630009
b10101 %
1&
b100 (
b100 .
b1111111 -
1!
#14635009
0!
#14640009
b0 %
0&
b110 '
b101 (
b110 /
0)
b101 .
b110000 -
1!
#14645009
0!
#14650009
b11010 %
1&
b110 (
1)
b110 .
b10101 -
1!
#14655009
0!
#14660009
b11011110 %
b111 '
0)
b111 /
1!
#14665009
0!
#14670009
b111101 %
b111 (
b1000 '
b111 .
b11010 -
b1000 /
1!
#14675009
0!
#14680009
0#
b11110011 %
b1001 '
b1000 (
b1001 /
0)
b1000 .
b11011110 -
1!
#14685009
0!
#14690009
b1111111 %
b1010 '
b1010 /
1!
#14695009
0!
#14700009
b11110 %
b1011 '
b1011 /
1!
#14705009
0!
#14710009
b0 %
0&
b1100 '
b1100 /
1!
#14715009
0!
#14720009
1#
b10110001 %
1&
1!
#14725009
0!
#14730009
b11000001 %
b1001 (
b1101 '
b1001 .
b111101 -
b1101 /
1!
#14735009
0!
#14740009
0#
b11111000 %
b1110 '
b1010 (
b1110 /
b1010 .
b11110011 -
1!
#14745009
0!
#14750009
b0 %
0&
b1111 '
b1111 /
1!
#14755009
0!
#14760009
1!
#14765009
0!
#14770009
b1010010 %
1&
1!
#14775009
0!
#14780009
1#
b10000110 %
b0 '
b10000 /
1!
#14785009
0!
#14790009
0#
b11000010 %
b1011 (
b1 '
b1011 .
b1111111 -
b10001 /
1!
#14795009
0!
#14800009
b0 %
0&
b10 '
b10010 /
1!
#14805009
0!
#14810009
1#
1!
#14815009
0!
#14820009
0#
b1100 (
b1100 .
b11110 -
1!
#14825009
0!
#14830009
1!
#14835009
0!
#14840009
1#
b10100100 %
1&
1!
#14845009
0!
#14850009
b0 %
0&
b1101 (
b11 '
b1101 .
b10110001 -
b10011 /
1!
#14855009
0!
#14860009
0#
b1100111 %
1&
b1110 (
b1110 .
b11000001 -
1!
#14865009
0!
#14870009
1#
b11000110 %
b100 '
b10100 /
1!
#14875009
0!
#14880009
0#
b0 %
0&
b101 '
b1111 (
b10101 /
b1111 .
b11111000 -
1!
#14885009
0!
#14890009
b100100 %
1&
1!
#14895009
0!
#14900009
0&
0$
b110 '
b10110 /
1!
#14905009
0!
#14910009
b0 %
1$
b0 (
b0 '
b0 -
1)
b0 .
b0 /
1!
#14915009
0!
#14920009
b10111000 %
1&
1!
#14925009
0!
#14930009
1#
b0 %
0&
b1 '
0)
b1 /
1!
#14935009
0!
#14940009
0#
b1 (
1)
b1 .
b10111000 -
1!
#14945009
0!
#14950009
1#
b10011011 %
1&
1!
#14955009
0!
#14960009
0#
b110011 %
b10 '
0)
b10 /
1!
#14965009
0!
#14970009
1#
b0 %
0&
b11 '
b11 /
1!
#14975009
0!
#14980009
0#
b1011011 %
1&
b10 (
b10 .
b10011011 -
1!
#14985009
0!
#14990009
b0 %
0&
b100 '
b100 /
1!
#14995009
0!
#15000009
1!
#15005009
0!
#15010009
1#
b1011100 %
1&
1!
#15015009
0!
#15020009
0#
b0 %
0&
b101 '
b11 (
b101 /
b11 .
b110011 -
1!
#15025009
0!
#15030009
1!
#15035009
0!
#15040009
1!
#15045009
0!
#15050009
b10100101 %
1&
1!
#15055009
0!
#15060009
1#
b0 %
0&
b110 '
b110 /
1!
#15065009
0!
#15070009
b100 (
b100 .
b1011011 -
1!
#15075009
0!
#15080009
b10001 %
1&
b101 (
b101 .
b1011100 -
1!
#15085009
0!
#15090009
0#
b0 %
0&
b110 (
b111 '
b110 .
b10100101 -
b111 /
1!
#15095009
0!
#15100009
1#
b1110001 %
1&
1!
#15105009
0!
#15110009
0#
b10001101 %
b111 (
b1000 '
b111 .
b10001 -
b1000 /
1!
#15115009
0!
#15120009
b0 %
0&
b1001 '
b1001 /
1!
#15125009
0!
#15130009
1#
b1001111 %
1&
1!
#15135009
0!
#15140009
0#
b1110111 %
b1010 '
b1000 (
b1010 /
b1000 .
b1110001 -
1!
#15145009
0!
#15150009
b1101111 %
b1011 '
b1011 /
1!
#15155009
0!
#15160009
b0 %
0&
b1100 '
b1100 /
1!
#15165009
0!
#15170009
1!
#15175009
0!
#15180009
1!
#15185009
0!
#15190009
1!
#15195009
0!
#15200009
b10110010 %
1&
1!
#15205009
0!
#15210009
b111101 %
b1101 '
b1101 /
1!
#15215009
0!
#15220009
b101 %
b1110 '
b1110 /
1!
#15225009
0!
#15230009
1#
b0 %
0&
b1111 '
b1111 /
1!
#15235009
0!
#15240009
0#
b10100111 %
1&
b1001 (
b1001 .
b10001101 -
1!
#15245009
0!
#15250009
1#
b11001001 %
b0 '
b10000 /
1!
#15255009
0!
#15260009
0#
b0 %
0&
b1 '
b1010 (
b10001 /
b1010 .
b1001111 -
1!
#15265009
0!
#15270009
b1001011 %
1&
1!
#15275009
0!
#15280009
b11001 %
b10 '
b10010 /
1!
#15285009
0!
#15290009
1#
b11011110 %
b11 '
b10011 /
1!
#15295009
0!
#15300009
b1100101 %
b100 '
b1011 (
b10100 /
b1011 .
b1110111 -
1!
#15305009
0!
#15310009
b0 %
0&
b1100 (
b101 '
b1100 .
b1101111 -
b10101 /
1!
#15315009
0!
#15320009
b1101 (
b1101 .
b10110010 -
1!
#15325009
0!
#15330009
b1110 (
b1110 .
b111101 -
1!
#15335009
0!
#15340009
0#
b11011000 %
1&
b1111 (
b1111 .
b101 -
1!
#15345009
0!
#15350009
1#
b1100 %
b110 '
b10110 /
1!
#15355009
0!
#15360009
b11100010 %
b111 '
b0 (
b10111 /
b10000 .
b10100111 -
1!
#15365009
0!
#15370009
0#
b1110111 %
b1 (
b1000 '
b10001 .
b11001001 -
b11000 /
1!
#15375009
0!
#15380009
b101011 %
b1001 '
b11001 /
1!
#15385009
0!
#15390009
b1001011 %
b1010 '
b11010 /
1!
#15395009
0!
#15400009
1#
b0 %
0&
b1011 '
b11011 /
1!
#15405009
0!
#15410009
b1011 %
1&
b10 (
b10010 .
b1001011 -
1!
#15415009
0!
#15420009
b0 %
0&
b1100 '
b11 (
b11100 /
b10011 .
b11001 -
1!
#15425009
0!
#15430009
0#
b100 (
b10100 .
b11011110 -
1!
#15435009
0!
#15440009
1!
#15445009
0!
#15450009
b10110 %
1&
1!
#15455009
0!
#15460009
1#
b10001010 %
b1101 '
b11101 /
1!
#15465009
0!
#15470009
b0 %
0&
b101 (
b1110 '
b10101 .
b1100101 -
b11110 /
1!
#15475009
0!
#15480009
0#
b10111000 %
1&
b110 (
b10110 .
b11011000 -
1!
#15485009
0!
#15490009
b11000101 %
b1111 '
b11111 /
1!
#15495009
0!
#15500009
b110010 %
b0 '
b0 /
1!
#15505009
0!
#15510009
b101101 %
b1 '
b1 /
1!
#15515009
0!
#15520009
1#
b0 %
0&
b10 '
b10 /
1!
#15525009
0!
#15530009
b10011100 %
1&
b111 (
b10111 .
b1100 -
1!
#15535009
0!
#15540009
b10110001 %
b11 '
b1000 (
b11 /
b11000 .
b11100010 -
1!
#15545009
0!
#15550009
b10001101 %
b1001 (
b100 '
b11001 .
b1110111 -
b100 /
1!
#15555009
0!
#15560009
0#
b0 %
0&
b101 '
b1010 (
b101 /
b11010 .
b101011 -
1!
#15565009
0!
#15570009
1#
1!
#15575009
0!
#15580009
b11001001 %
1&
b1011 (
b11011 .
b1001011 -
1!
#15585009
0!
#15590009
b1110100 %
b1100 (
b110 '
b11100 .
b1011 -
b110 /
1!
#15595009
0!
#15600009
b0 %
0&
b111 '
b1101 (
b111 /
b11101 .
b10110 -
1!
#15605009
0!
#15610009
b1110 (
b11110 .
b10001010 -
1!
#15615009
0!
#15620009
0#
b1111 (
b11111 .
b10111000 -
1!
#15625009
0!
#15630009
1#
b1000101 %
1&
1!
#15635009
0!
#15640009
0#
b0 %
0&
b1000 '
b0 (
b1000 /
b0 .
b11000101 -
1!
#15645009
0!
#15650009
1#
1!
#15655009
0!
#15660009
0#
b1 (
b1 .
b110010 -
1!
#15665009
0!
#15670009
1#
1!
#15675009
0!
#15680009
0#
b11010010 %
1&
b10 (
b10 .
b101101 -
1!
#15685009
0!
#15690009
b0 %
0&
b1001 '
b1001 /
1!
#15695009
0!
#15700009
1#
1!
#15705009
0!
#15710009
b10001000 %
1&
b11 (
b11 .
b10011100 -
1!
#15715009
0!
#15720009
0#
b0 %
0&
b1010 '
b100 (
b1010 /
b100 .
b10110001 -
1!
#15725009
0!
#15730009
1#
b11110100 %
1&
1!
#15735009
0!
#15740009
b0 %
0&
b1011 '
b101 (
b1011 /
b101 .
b10001101 -
1!
#15745009
0!
#15750009
b11110010 %
1&
b110 (
b110 .
b11001001 -
1!
#15755009
0!
#15760009
b111 %
b1100 '
b111 (
b1100 /
b111 .
b1110100 -
1!
#15765009
0!
#15770009
b0 %
0&
b1000 (
b1101 '
b1000 .
b1000101 -
b1101 /
1!
#15775009
0!
#15780009
b1011010 %
1&
b1001 (
b1001 .
b11010010 -
1!
#15785009
0!
#15790009
0#
b0 %
0&
b1010 (
b1110 '
b1010 .
b10001000 -
b1110 /
1!
#15795009
0!
#15800009
1#
b1111110 %
1&
1!
#15805009
0!
#15810009
0#
b0 %
0&
b1011 (
b1111 '
b1011 .
b11110100 -
b1111 /
1!
#15815009
0!
#15820009
1#
1!
#15825009
0!
#15830009
0#
b1100 (
b1100 .
b11110010 -
1!
#15835009
0!
#15840009
1#
1!
#15845009
0!
#15850009
0#
b1111101 %
1&
b1101 (
b1101 .
b111 -
1!
#15855009
0!
#15860009
b11000110 %
b0 '
b10000 /
1!
#15865009
0!
#15870009
1#
b0 %
0&
b1 '
b10001 /
1!
#15875009
0!
#15880009
b10010010 %
1&
b1110 (
b1110 .
b1011010 -
1!
#15885009
0!
#15890009
0#
b11011 %
b1111 (
b10 '
b1111 .
b1111110 -
b10010 /
1!
#15895009
0!
#15900009
1#
b0 %
0&
b11 '
b10011 /
1!
#15905009
0!
#15910009
0#
b1011100 %
1&
b0 (
b10000 .
b1111101 -
1!
#15915009
0!
#15920009
b0 %
0&
b100 '
b10100 /
1!
#15925009
0!
#15930009
1#
b1011011 %
1&
1!
#15935009
0!
#15940009
0#
b0 %
0&
b101 '
b1 (
b10101 /
b10001 .
b11000110 -
1!
#15945009
0!
#15950009
1#
b1010011 %
1&
1!
#15955009
0!
#15960009
b11100110 %
b110 '
b10 (
b10110 /
b10010 .
b10010010 -
1!
#15965009
0!
#15970009
0#
b1010001 %
b11 (
b111 '
b10011 .
b11011 -
b10111 /
1!
#15975009
0!
#15980009
b10101011 %
b1000 '
b11000 /
1!
#15985009
0!
#15990009
1#
b0 %
0&
b1001 '
b11001 /
1!
#15995009
0!
#16000009
0#
b11010110 %
1&
b100 (
b10100 .
b1011100 -
1!
#16005009
0!
#16010009
b0 %
0&
b1010 '
b11010 /
1!
#16015009
0!
#16020009
b1100111 %
1&
1!
#16025009
0!
#16030009
0&
0$
b1011 '
b11011 /
1!
#16035009
0!
#16040009
1#
b11111111 %
1&
1$
b0 '
b0 (
1)
b0 /
b0 -
b0 .
1!
#16045009
0!
#16050009
0#
b1111001 %
b1 '
0)
b1 /
1!
#16055009
0!
#16060009
1#
b0 %
0&
b10 '
b10 /
1!
#16065009
0!
#16070009
b1 (
b1 .
b11111111 -
1!
#16075009
0!
#16080009
0#
b1101010 %
1&
b10 (
1)
b10 .
b1111001 -
1!
#16085009
0!
#16090009
b10010 %
b11 '
0)
b11 /
1!
#16095009
0!
#16100009
b10011000 %
b100 '
b100 /
1!
#16105009
0!
#16110009
1#
b1011011 %
b101 '
b101 /
1!
#16115009
0!
#16120009
0#
b1011010 %
b110 '
b11 (
b110 /
b11 .
b1101010 -
1!
#16125009
0!
#16130009
1#
b0 %
0&
b111 '
b111 /
1!
#16135009
0!
#16140009
b100 (
b100 .
b10010 -
1!
#16145009
0!
#16150009
0#
b101 (
b101 .
b10011000 -
1!
#16155009
0!
#16160009
1#
b111110 %
1&
1!
#16165009
0!
#16170009
0#
b1101011 %
b110 (
b1000 '
b110 .
b1011011 -
b1000 /
1!
#16175009
0!
#16180009
1#
b0 %
0&
b1001 '
b1001 /
1!
#16185009
0!
#16190009
0#
b111 (
b111 .
b1011010 -
1!
#16195009
0!
#16200009
1!
#16205009
0!
#16210009
b10100010 %
1&
1!
#16215009
0!
#16220009
b0 %
0&
b1010 '
b1010 /
1!
#16225009
0!
#16230009
1#
1!
#16235009
0!
#16240009
0#
b1110111 %
1&
b1000 (
b1000 .
b111110 -
1!
#16245009
0!
#16250009
1#
b0 %
0&
b1011 '
b1011 /
1!
#16255009
0!
#16260009
b1001 (
b1001 .
b1101011 -
1!
#16265009
0!
#16270009
0#
b1010 (
b1010 .
b10100010 -
1!
#16275009
0!
#16280009
b1101100 %
1&
1!
#16285009
0!
#16290009
0&
0$
b1100 '
b1100 /
1!
#16295009
0!
#16300009
b10011101 %
1&
1$
b0 '
b0 (
1)
b0 /
b0 -
b0 .
1!
#16305009
0!
#16310009
b0 %
0&
b1 '
0)
b1 /
1!
#16315009
0!
#16320009
1#
b1110 %
1&
1!
#16325009
0!
#16330009
0#
b11110101 %
b1 (
b10 '
b1 .
b10011101 -
b10 /
1!
#16335009
0!
#16340009
b0 %
0&
b11 '
b11 /
1!
#16345009
0!
#16350009
1!
#16355009
0!
#16360009
b11010011 %
1&
1!
#16365009
0!
#16370009
b10100001 %
b100 '
b100 /
1!
#16375009
0!
#16380009
b10101001 %
b101 '
b101 /
1!
#16385009
0!
#16390009
1#
b0 %
0&
b110 '
b110 /
1!
#16395009
0!
#16400009
b11000000 %
1&
b10 (
b10 .
b1110 -
1!
#16405009
0!
#16410009
0#
b0 %
0&
b11 (
b111 '
b11 .
b11110101 -
b111 /
1!
#16415009
0!
#16420009
1!
#16425009
0!
#16430009
1#
1!
#16435009
0!
#16440009
b1111001 %
1&
b100 (
b100 .
b11010011 -
1!
#16445009
0!
#16450009
b0 %
0&
b101 (
b1000 '
b101 .
b10100001 -
b1000 /
1!
#16455009
0!
#16460009
b10011 %
1&
b110 (
b110 .
b10101001 -
1!
#16465009
0!
#16470009
b0 %
0&
b111 (
b1001 '
b111 .
b11000000 -
b1001 /
1!
#16475009
0!
#16480009
0#
b1100001 %
1&
b1000 (
b1000 .
b1111001 -
1!
#16485009
0!
#16490009
b10011110 %
b1010 '
b1010 /
1!
#16495009
0!
#16500009
b1000011 %
b1011 '
b1011 /
1!
#16505009
0!
#16510009
1#
b111011 %
b1100 '
b1100 /
1!
#16515009
0!
#16520009
0#
0&
0$
b1101 '
b1001 (
b1101 /
b1001 .
b10011 -
1!
#16525009
0!
#16530009
b0 %
1$
b0 (
b0 '
b0 -
1)
b0 .
b0 /
1!
#16535009
0!
#16540009
1#
b10011111 %
1&
1!
#16545009
0!
#16550009
0#
b0 %
0&
b1 '
0)
b1 /
1!
#16555009
0!
#16560009
1#
b10100011 %
1&
1!
#16565009
0!
#16570009
b0 %
0&
b1 (
b10 '
b1 .
b10011111 -
b10 /
1!
#16575009
0!
#16580009
0#
b110100 %
1&
b10 (
1)
b10 .
b10100011 -
1!
#16585009
0!
#16590009
1#
b1001000 %
b11 '
0)
b11 /
1!
#16595009
0!
#16600009
0#
b0 %
0&
b100 '
b11 (
b100 /
0)
b11 .
b110100 -
1!
#16605009
0!
#16610009
b11100011 %
1&
1!
#16615009
0!
#16620009
b11001 %
b101 '
b101 /
1!
#16625009
0!
#16630009
1#
b1011011 %
b110 '
b110 /
1!
#16635009
0!
#16640009
0#
b0 %
0&
b111 '
b100 (
b111 /
b100 .
b1001000 -
1!
#16645009
0!
#16650009
1#
b10101010 %
1&
1!
#16655009
0!
#16660009
0#
b0 %
0&
b1000 '
b101 (
b1000 /
b101 .
b11100011 -
1!
#16665009
0!
#16670009
1!
#16675009
0!
#16680009
b11101111 %
1&
1!
#16685009
0!
#16690009
b11101110 %
b1001 '
b1001 /
1!
#16695009
0!
#16700009
1#
b0 %
0&
b1010 '
b1010 /
1!
#16705009
0!
#16710009
b1011101 %
1&
b110 (
b110 .
b11001 -
1!
#16715009
0!
#16720009
0#
b0 %
0&
b1011 '
b111 (
b1011 /
b111 .
b1011011 -
1!
#16725009
0!
#16730009
1#
b11110011 %
1&
1!
#16735009
0!
#16740009
0#
b10010000 %
b1100 '
b1000 (
b1100 /
b1000 .
b10101010 -
1!
#16745009
0!
#16750009
1#
b0 %
0&
b1101 '
b1101 /
1!
#16755009
0!
#16760009
0#
b1001 (
b1001 .
b11101111 -
1!
#16765009
0!
#16770009
1!
#16775009
0!
#16780009
1#
b1111100 %
1&
1!
#16785009
0!
#16790009
b0 %
0&
b1010 (
b1110 '
b1010 .
b11101110 -
b1110 /
1!
#16795009
0!
#16800009
0#
b1011 (
b1011 .
b1011101 -
1!
#16805009
0!
#16810009
b1111000 %
1&
1!
#16815009
0!
#16820009
b0 %
0&
b1111 '
b1111 /
1!
#16825009
0!
#16830009
1#
1!
#16835009
0!
#16840009
b11100011 %
1&
b1100 (
b1100 .
b11110011 -
1!
#16845009
0!
#16850009
b0 %
0&
b1101 (
b0 '
b1101 .
b10010000 -
b10000 /
1!
#16855009
0!
#16860009
0#
b1110 (
b1110 .
b1111100 -
1!
#16865009
0!
#16870009
b101110 %
1&
1!
#16875009
0!
#16880009
b0 %
b1 '
b10001 /
1!
#16885009
0!
#16890009
1#
0&
b10 '
b10010 /
1!
#16895009
0!
#16900009
b1111 (
b1111 .
b1111000 -
1!
#16905009
0!
#16910009
b0 (
b10000 .
b11100011 -
1!
#16915009
0!
#16920009
0#
b1 (
b10001 .
b101110 -
1!
#16925009
0!
#16930009
1!
#16935009
0!
#16940009
1!
#16945009
0!
#16950009
1!
#16955009
0!
#16960009
1!
#16965009
0!
#16970009
0$
1!
#16975009
0!
#16980009
1#
1$
b0 '
b0 (
1)
b0 /
b0 -
b0 .
1!
#16985009
0!
#16990009
b11001001 %
1&
1!
#16995009
0!
#17000009
b0 %
0&
b1 '
0)
b1 /
1!
#17005009
0!
#17010009
b1000111 %
1&
b1 (
1)
b1 .
b11001001 -
1!
#17015009
0!
#17020009
0#
b11010101 %
b10 '
0)
b10 /
1!
#17025009
0!
#17030009
b0 %
0&
b11 '
b11 /
1!
#17035009
0!
#17040009
1#
b11111001 %
1&
1!
#17045009
0!
#17050009
b0 %
0&
b10 (
b100 '
b10 .
b1000111 -
b100 /
1!
#17055009
0!
#17060009
0#
b11 (
b11 .
b11010101 -
1!
#17065009
0!
#17070009
1!
#17075009
0!
#17080009
1#
b11100110 %
1&
1!
#17085009
0!
#17090009
b11 %
b100 (
b101 '
b100 .
b11111001 -
b101 /
1!
#17095009
0!
#17100009
b0 %
0&
b110 '
b101 (
b110 /
0)
b101 .
b11100110 -
1!
#17105009
0!
#17110009
0#
b10111011 %
1&
b110 (
1)
b110 .
b11 -
1!
#17115009
0!
#17120009
1#
b10111100 %
b111 '
0)
b111 /
1!
#17125009
0!
#17130009
0#
b1001000 %
b111 (
b1000 '
b111 .
b10111011 -
b1000 /
1!
#17135009
0!
#17140009
b0 %
0&
b1001 '
b1001 /
1!
#17145009
0!
#17150009
b101101 %
1&
1!
#17155009
0!
#17160009
b0 %
0&
b1010 '
b1010 /
1!
#17165009
0!
#17170009
1!
#17175009
0!
#17180009
1!
#17185009
0!
#17190009
1#
b11110000 %
1&
1!
#17195009
0!
#17200009
b10010110 %
b1011 '
b1000 (
b1011 /
b1000 .
b10111100 -
1!
#17205009
0!
#17210009
0#
b10011011 %
b1001 (
b1100 '
b1001 .
b1001000 -
b1100 /
1!
#17215009
0!
#17220009
1#
b0 %
0&
b1101 '
b1101 /
1!
#17225009
0!
#17230009
b10010101 %
1&
b1010 (
b1010 .
b101101 -
1!
#17235009
0!
#17240009
b0 %
0&
b1110 '
b1011 (
b1110 /
b1011 .
b11110000 -
1!
#17245009
0!
#17250009
0#
b1100 (
b1100 .
b10010110 -
1!
#17255009
0!
#17260009
1#
b10000011 %
1&
1!
#17265009
0!
#17270009
0#
0&
0$
b1101 (
b1111 '
b1101 .
b10011011 -
b1111 /
1!
#17275009
0!
#17280009
b1001101 %
1&
1$
b0 '
b0 (
1)
b0 /
b0 -
b0 .
1!
#17285009
0!
#17290009
1#
b1111000 %
b1 '
0)
b1 /
1!
#17295009
0!
#17300009
0#
b0 %
0&
b10 '
b1 (
b10 /
0)
b1 .
b1001101 -
1!
#17305009
0!
#17310009
1#
b1001110 %
1&
1!
#17315009
0!
#17320009
b0 %
0&
b11 '
b10 (
b11 /
0)
b10 .
b1111000 -
1!
#17325009
0!
#17330009
0#
b11 (
1)
b11 .
b1001110 -
1!
#17335009
0!
#17340009
1!
#17345009
0!
#17350009
b11010 %
1&
1!
#17355009
0!
#17360009
1#
b1110111 %
b100 '
0)
b100 /
1!
#17365009
0!
#17370009
b0 %
0&
b100 (
b101 '
b100 .
b11010 -
b101 /
1!
#17375009
0!
#17380009
b101 (
1)
b101 .
b1110111 -
1!
#17385009
0!
#17390009
0#
b10101 %
1&
1!
#17395009
0!
#17400009
1#
b0 %
0&
b110 '
0)
b110 /
1!
#17405009
0!
#17410009
0#
b110 (
1)
b110 .
b10101 -
1!
#17415009
0!
#17420009
b10000010 %
1&
1!
#17425009
0!
#17430009
b1111011 %
b111 '
0)
b111 /
1!
#17435009
0!
#17440009
1#
b0 %
0&
b1000 '
b1000 /
1!
#17445009
0!
#17450009
b111 (
b111 .
b10000010 -
1!
#17455009
0!
#17460009
0#
b1000 (
1)
b1000 .
b1111011 -
1!
#17465009
0!
#17470009
0$
1!
#17475009
0!
#17480009
1#
b1110000 %
1&
1$
b0 '
b0 (
b0 /
b0 -
1)
b0 .
1!
#17485009
0!
#17490009
b101111 %
b1 '
0)
b1 /
1!
#17495009
0!
#17500009
0#
b0 %
0&
b10 '
b1 (
b10 /
0)
b1 .
b1110000 -
1!
#17505009
0!
#17510009
1#
1!
#17515009
0!
#17520009
0#
b11000000 %
1&
b10 (
1)
b10 .
b101111 -
1!
#17525009
0!
#17530009
b0 %
0&
b11 '
0)
b11 /
1!
#17535009
0!
#17540009
1!
#17545009
0!
#17550009
b11101000 %
1&
1!
#17555009
0!
#17560009
1#
b10100101 %
b100 '
b100 /
1!
#17565009
0!
#17570009
b0 %
0&
b11 (
b101 '
b11 .
b11000000 -
b101 /
1!
#17575009
0!
#17580009
0#
b10000100 %
1&
b100 (
b100 .
b11101000 -
1!
#17585009
0!
#17590009
1#
b11111011 %
b110 '
b110 /
1!
#17595009
0!
#17600009
b111 '
b101 (
b111 /
b101 .
b10100101 -
1!
#17605009
0!
#17610009
b0 %
0&
b110 (
b1000 '
b110 .
b10000100 -
b1000 /
1!
#17615009
0!
#17620009
b10000100 %
1&
b111 (
b111 .
b11111011 -
1!
#17625009
0!
#17630009
0#
b10000000 %
b1000 (
b1001 '
b1000 .
b1001 /
1!
#17635009
0!
#17640009
1#
b0 %
b1010 '
b1010 /
1!
#17645009
0!
#17650009
0&
b1001 (
b1011 '
b1001 .
b10000100 -
b1011 /
1!
#17655009
0!
#17660009
0#
b1010 (
b1010 .
b10000000 -
1!
#17665009
0!
#17670009
1#
1!
#17675009
0!
#17680009
0#
b1011 (
1)
b1011 .
b0 -
1!
#17685009
0!
#17690009
1#
1!
#17695009
0!
#17700009
1!
#17705009
0!
#17710009
1!
#17715009
0!
#17720009
0#
b101110 %
1&
1!
#17725009
0!
#17730009
1#
b0 %
0&
b1100 '
0)
b1100 /
1!
#17735009
0!
#17740009
b1100 (
1)
b1100 .
b101110 -
1!
#17745009
0!
#17750009
0#
1!
#17755009
0!
#17760009
1#
b110110 %
1&
1!
#17765009
0!
#17770009
b11100000 %
b1101 '
0)
b1101 /
1!
#17775009
0!
#17780009
b1111010 %
b1110 '
b1101 (
b1110 /
0)
b1101 .
b110110 -
1!
#17785009
0!
#17790009
0#
b10011101 %
b1110 (
b1111 '
b1110 .
b11100000 -
b1111 /
1!
#17795009
0!
#17800009
b0 %
0&
b0 '
b10000 /
1!
#17805009
0!
#17810009
1#
b10101100 %
1&
1!
#17815009
0!
#17820009
b11101010 %
b1 '
b1111 (
b10001 /
b1111 .
b1111010 -
1!
#17825009
0!
#17830009
0#
b0 %
0&
b0 (
b10 '
b10000 .
b10011101 -
b10010 /
1!
#17835009
0!
#17840009
1#
b1001000 %
1&
1!
#17845009
0!
#17850009
0#
b10111 %
b1 (
b11 '
b10001 .
b10101100 -
b10011 /
1!
#17855009
0!
#17860009
1#
b0 %
0&
b100 '
b10100 /
1!
#17865009
0!
#17870009
0#
b10 (
b10010 .
b11101010 -
1!
#17875009
0!
#17880009
1!
#17885009
0!
#17890009
1#
1!
#17895009
0!
#17900009
b11 (
b10011 .
b1001000 -
1!
#17905009
0!
#17910009
0#
b11001101 %
1&
b100 (
1)
b10100 .
b10111 -
1!
#17915009
0!
#17920009
b0 %
0&
b101 '
0)
b10101 /
1!
#17925009
0!
#17930009
1!
#17935009
0!
#17940009
1#
1!
#17945009
0!
#17950009
b10111101 %
1&
b101 (
1)
b10101 .
b11001101 -
1!
#17955009
0!
#17960009
0#
b10100 %
b110 '
0)
b10110 /
1!
#17965009
0!
#17970009
b0 %
0&
b111 '
b10111 /
1!
#17975009
0!
#17980009
b101001 %
1&
1!
#17985009
0!
#17990009
0&
0$
b1000 '
b11000 /
1!
#17995009
0!
#18000009
b10010001 %
1&
1$
b0 '
b0 (
1)
b0 /
b0 -
b0 .
1!
#18005009
0!
#18010009
b0 %
0&
b1 '
0)
b1 /
1!
#18015009
0!
#18020009
b11100110 %
1&
1!
#18025009
0!
#18030009
b0 %
0&
b10 '
b10 /
1!
#18035009
0!
#18040009
1#
b101101 %
1&
1!
#18045009
0!
#18050009
b0 %
0&
b1 (
b11 '
b1 .
b10010001 -
b11 /
1!
#18055009
0!
#18060009
0#
0$
b10 (
b10 .
b11100110 -
1!
#18065009
0!
#18070009
b110000 %
1&
1$
b0 (
b0 '
b0 -
1)
b0 .
b0 /
1!
#18075009
0!
#18080009
b0 %
0&
b1 '
0)
b1 /
1!
#18085009
0!
#18090009
b1101010 %
1&
1!
#18095009
0!
#18100009
b11110010 %
b10 '
b10 /
1!
#18105009
0!
#18110009
b11011 %
b11 '
b11 /
1!
#18115009
0!
#18120009
1#
b10101011 %
b100 '
b100 /
1!
#18125009
0!
#18130009
b0 %
0&
b1 (
b101 '
b1 .
b110000 -
b101 /
1!
#18135009
0!
#18140009
0#
b1010000 %
1&
b10 (
b10 .
b1101010 -
1!
#18145009
0!
#18150009
1#
b1111000 %
b110 '
b110 /
1!
#18155009
0!
#18160009
b0 %
0&
b111 '
b11 (
b111 /
b11 .
b11110010 -
1!
#18165009
0!
#18170009
b100 (
b100 .
b11011 -
1!
#18175009
0!
#18180009
b11010011 %
1&
b101 (
b101 .
b10101011 -
1!
#18185009
0!
#18190009
b11110001 %
b110 (
b1000 '
b110 .
b1010000 -
b1000 /
1!
#18195009
0!
#18200009
b1101110 %
b1001 '
b111 (
b1001 /
b111 .
b1111000 -
1!
#18205009
0!
#18210009
b1000101 %
b1000 (
b1010 '
b1000 .
b11010011 -
b1010 /
1!
#18215009
0!
#18220009
b10001010 %
b1011 '
b1001 (
b1011 /
b1001 .
b11110001 -
1!
#18225009
0!
#18230009
0#
b11110 %
b1010 (
b1100 '
b1010 .
b1101110 -
b1100 /
1!
#18235009
0!
#18240009
1#
b11010110 %
b1101 '
b1101 /
1!
#18245009
0!
#18250009
0#
b1010000 %
b1011 (
b1110 '
b1011 .
b1000101 -
b1110 /
1!
#18255009
0!
#18260009
b0 %
0&
b1111 '
b1111 /
1!
#18265009
0!
#18270009
1!
#18275009
0!
#18280009
1#
1!
#18285009
0!
#18290009
0#
b1100 (
b1100 .
b10001010 -
1!
#18295009
0!
#18300009
1!
#18305009
0!
#18310009
b1001100 %
1&
1!
#18315009
0!
#18320009
1#
b0 %
0&
b0 '
b10000 /
1!
#18325009
0!
#18330009
0#
b1101 (
b1101 .
b11110 -
1!
#18335009
0!
#18340009
1#
b110010 %
1&
1!
#18345009
0!
#18350009
0#
b110 %
b1110 (
b1 '
b1110 .
b11010110 -
b10001 /
1!
#18355009
0!
#18360009
1#
b10110111 %
b10 '
b10010 /
1!
#18365009
0!
#18370009
b0 %
0&
b1111 (
b11 '
b1111 .
b1010000 -
b10011 /
1!
#18375009
0!
#18380009
0#
b1100 %
1&
b0 (
b10000 .
b1001100 -
1!
#18385009
0!
#18390009
1#
b11001111 %
b100 '
b10100 /
1!
#18395009
0!
#18400009
0#
b0 %
0&
b101 '
b1 (
b10101 /
b10001 .
b110010 -
1!
#18405009
0!
#18410009
b11000101 %
1&
1!
#18415009
0!
#18420009
1#
b11011010 %
b110 '
b10110 /
1!
#18425009
0!
#18430009
0#
b0 %
0&
b10 (
b111 '
b10010 .
b110 -
b10111 /
1!
#18435009
0!
#18440009
b10101011 %
1&
1!
#18445009
0!
#18450009
b10111010 %
b1000 '
b11000 /
1!
#18455009
0!
#18460009
1#
b10100 %
b1001 '
b11001 /
1!
#18465009
0!
#18470009
0#
b100010 %
b11 (
b1010 '
b10011 .
b10110111 -
b11010 /
1!
#18475009
0!
#18480009
1#
b0 %
0&
b1011 '
b11011 /
1!
#18485009
0!
#18490009
0#
b100 (
b10100 .
b1100 -
1!
#18495009
0!
#18500009
1!
#18505009
0!
#18510009
1!
#18515009
0!
#18520009
1!
#18525009
0!
#18530009
1#
b11100111 %
1&
1!
#18535009
0!
#18540009
b0 %
0&
b1100 '
b101 (
b11100 /
b10101 .
b11001111 -
1!
#18545009
0!
#18550009
0#
b110 (
b10110 .
b11000101 -
1!
#18555009
0!
#18560009
1!
#18565009
0!
#18570009
1!
#18575009
0!
#18580009
1#
1!
#18585009
0!
#18590009
b111 (
b10111 .
b11011010 -
1!
#18595009
0!
#18600009
b1001011 %
1&
b1000 (
b11000 .
b10101011 -
1!
#18605009
0!
#18610009
0#
b0 %
0&
b1001 (
b1101 '
b11001 .
b10111010 -
b11101 /
1!
#18615009
0!
#18620009
b1000011 %
1&
1!
#18625009
0!
#18630009
b1010 %
b1110 '
b11110 /
1!
#18635009
0!
#18640009
b1110110 %
b1111 '
b11111 /
1!
#18645009
0!
#18650009
1#
b0 %
0&
b0 '
b0 /
1!
#18655009
0!
#18660009
0#
b1010 (
b11010 .
b10100 -
1!
#18665009
0!
#18670009
1!
#18675009
0!
#18680009
b10011100 %
1&
1!
#18685009
0!
#18690009
1#
b10010011 %
b1 '
b1 /
1!
#18695009
0!
#18700009
b11101001 %
b10 '
b1011 (
b10 /
b11011 .
b100010 -
1!
#18705009
0!
#18710009
b0 %
0&
b1100 (
b11 '
b11100 .
b11100111 -
b11 /
1!
#18715009
0!
#18720009
b1001110 %
1&
b1101 (
b11101 .
b1001011 -
1!
#18725009
0!
#18730009
0#
b1000000 %
b1110 (
b100 '
b11110 .
b1000011 -
b100 /
1!
#18735009
0!
#18740009
1#
b10001 %
b101 '
b101 /
1!
#18745009
0!
#18750009
b0 %
0&
b1111 (
b110 '
b11111 .
b1010 -
b110 /
1!
#18755009
0!
#18760009
0#
b0 (
b0 .
b1110110 -
1!
#18765009
0!
#18770009
b1001010 %
1&
1!
#18775009
0!
#18780009
1#
b0 %
0&
b111 '
b111 /
1!
#18785009
0!
#18790009
0#
b1 (
b1 .
b10011100 -
1!
#18795009
0!
#18800009
b1001011 %
1&
1!
#18805009
0!
#18810009
b0 %
0&
b1000 '
b1000 /
1!
#18815009
0!
#18820009
1#
b10100 %
1&
1!
#18825009
0!
#18830009
b0 %
0&
b10 (
b1001 '
b10 .
b10010011 -
b1001 /
1!
#18835009
0!
#18840009
b11 (
b11 .
b11101001 -
1!
#18845009
0!
#18850009
0#
b1110001 %
1&
b100 (
b100 .
b1001110 -
1!
#18855009
0!
#18860009
1#
b0 %
0&
b1010 '
b1010 /
1!
#18865009
0!
#18870009
0#
b101 (
b101 .
b1000000 -
1!
#18875009
0!
#18880009
1#
1!
#18885009
0!
#18890009
0#
b110 (
b110 .
b10001 -
1!
#18895009
0!
#18900009
1#
1!
#18905009
0!
#18910009
b110 %
1&
b111 (
b111 .
b1001010 -
1!
#18915009
0!
#18920009
0#
b101100 %
b1011 '
b1000 (
b1011 /
b1000 .
b1001011 -
1!
#18925009
0!
#18930009
b0 %
0&
b1100 '
b1100 /
1!
#18935009
0!
#18940009
1#
b11011001 %
1&
1!
#18945009
0!
#18950009
0#
b101100 %
b1001 (
b1101 '
b1001 .
b10100 -
b1101 /
1!
#18955009
0!
#18960009
b10101011 %
b1110 '
b1110 /
1!
#18965009
0!
#18970009
b0 %
0&
b1111 '
b1111 /
1!
#18975009
0!
#18980009
b11010100 %
1&
1!
#18985009
0!
#18990009
b1000110 %
b0 '
b10000 /
1!
#18995009
0!
#19000009
1#
b0 %
0&
b1 '
b10001 /
1!
#19005009
0!
#19010009
b1010 (
b1010 .
b1110001 -
1!
#19015009
0!
#19020009
0#
b1110010 %
1&
b1011 (
b1011 .
b110 -
1!
#19025009
0!
#19030009
1#
b11110001 %
b10 '
b10010 /
1!
#19035009
0!
#19040009
b0 %
0&
b11 '
b1100 (
b10011 /
b1100 .
b101100 -
1!
#19045009
0!
#19050009
0#
b1101 (
b1101 .
b11011001 -
1!
#19055009
0!
#19060009
1#
1!
#19065009
0!
#19070009
b1110 (
b1110 .
b101100 -
1!
#19075009
0!
#19080009
b11110011 %
1&
b1111 (
b1111 .
b10101011 -
1!
#19085009
0!
#19090009
b0 %
0&
b0 (
b100 '
b10000 .
b11010100 -
b10100 /
1!
#19095009
0!
#19100009
b11101 %
1&
b1 (
b10001 .
b1000110 -
1!
#19105009
0!
#19110009
0#
b10110110 %
b10 (
b101 '
b10010 .
b1110010 -
b10101 /
1!
#19115009
0!
#19120009
1#
b110 '
b10110 /
1!
#19125009
0!
#19130009
0#
b100111 %
b11 (
b111 '
b10011 .
b11110001 -
b10111 /
1!
#19135009
0!
#19140009
1#
b0 %
0&
b1000 '
b11000 /
1!
#19145009
0!
#19150009
0#
b100 (
b10100 .
b11110011 -
1!
#19155009
0!
#19160009
1!
#19165009
0!
#19170009
1!
#19175009
0!
#19180009
1!
#19185009
0!
#19190009
0$
1!
#19195009
0!
#19200009
1#
b10101110 %
1&
1$
b0 '
b0 (
1)
b0 /
b0 -
b0 .
1!
#19205009
0!
#19210009
b1110001 %
b1 '
0)
b1 /
1!
#19215009
0!
#19220009
0#
b0 %
0&
b10 '
b1 (
b10 /
0)
b1 .
b10101110 -
1!
#19225009
0!
#19230009
1!
#19235009
0!
#19240009
1!
#19245009
0!
#19250009
1#
1!
#19255009
0!
#19260009
b10111001 %
1&
b10 (
1)
b10 .
b1110001 -
1!
#19265009
0!
#19270009
0#
b10101111 %
b11 '
0)
b11 /
1!
#19275009
0!
#19280009
b111100 %
b100 '
b100 /
1!
#19285009
0!
#19290009
1#
b0 %
0&
b101 '
b101 /
1!
#19295009
0!
#19300009
b101000 %
1&
b11 (
b11 .
b10111001 -
1!
#19305009
0!
#19310009
b0 %
0&
b100 (
b110 '
b100 .
b10101111 -
b110 /
1!
#19315009
0!
#19320009
0#
0$
b101 (
b101 .
b111100 -
1!
#19325009
0!
#19330009
1#
b10000 %
1&
1$
b0 (
b0 '
b0 -
1)
b0 .
b0 /
1!
#19335009
0!
#19340009
b0 %
0&
b1 '
0)
b1 /
1!
#19345009
0!
#19350009
b101 %
1&
b1 (
1)
b1 .
b10000 -
1!
#19355009
0!
#19360009
0#
b0 %
0&
b10 '
0)
b10 /
1!
#19365009
0!
#19370009
1#
1!
#19375009
0!
#19380009
0#
b10001110 %
1&
b10 (
1)
b10 .
b101 -
1!
#19385009
0!
#19390009
1#
b1111011 %
b11 '
0)
b11 /
1!
#19395009
0!
#19400009
0#
b111 %
b100 '
b11 (
b100 /
0)
b11 .
b10001110 -
1!
#19405009
0!
#19410009
b0 %
0&
b101 '
b101 /
1!
#19415009
0!
#19420009
1#
1!
#19425009
0!
#19430009
0#
b100 (
b100 .
b1111011 -
1!
#19435009
0!
#19440009
b1011110 %
1&
1!
#19445009
0!
#19450009
1#
b0 %
0&
b110 '
b110 /
1!
#19455009
0!
#19460009
b1110100 %
1&
b101 (
b101 .
b111 -
1!
#19465009
0!
#19470009
b0 %
0&
b110 (
b111 '
b110 .
b1011110 -
b111 /
1!
#19475009
0!
#19480009
b111 (
1)
b111 .
b1110100 -
1!
#19485009
0!
#19490009
0#
b101010 %
1&
1!
#19495009
0!
#19500009
1#
b10011111 %
b1000 '
0)
b1000 /
1!
#19505009
0!
#19510009
b0 %
0&
b1000 (
b1001 '
b1000 .
b101010 -
b1001 /
1!
#19515009
0!
#19520009
b1001 (
1)
b1001 .
b10011111 -
1!
#19525009
0!
#19530009
0#
1!
#19535009
0!
#19540009
1#
b11111011 %
1&
1!
#19545009
0!
#19550009
0#
b101011 %
b1010 '
0)
b1010 /
1!
#19555009
0!
#19560009
b110100 %
b1011 '
b1011 /
1!
#19565009
0!
#19570009
1#
b0 %
0&
b1100 '
b1100 /
1!
#19575009
0!
#19580009
b11001110 %
1&
b1010 (
b1010 .
b11111011 -
1!
#19585009
0!
#19590009
0#
b0 %
0&
b1011 (
b1101 '
b1011 .
b101011 -
b1101 /
1!
#19595009
0!
#19600009
1!
#19605009
0!
#19610009
1!
#19615009
0!
#19620009
b11001111 %
1&
1!
#19625009
0!
#19630009
1#
b0 %
0&
b1110 '
b1110 /
1!
#19635009
0!
#19640009
b1110110 %
1&
b1100 (
b1100 .
b110100 -
1!
#19645009
0!
#19650009
b11011 %
b1101 (
b1111 '
b1101 .
b11001110 -
b1111 /
1!
#19655009
0!
#19660009
b1011011 %
b0 '
b1110 (
b10000 /
b1110 .
b11001111 -
1!
#19665009
0!
#19670009
b0 %
0&
b1111 (
b1 '
b1111 .
b1110110 -
b10001 /
1!
#19675009
0!
#19680009
b11111100 %
1&
b0 (
b10000 .
b11011 -
1!
#19685009
0!
#19690009
0#
b11111011 %
b1 (
b10 '
b10001 .
b1011011 -
b10010 /
1!
#19695009
0!
#19700009
b0 %
0&
b11 '
b10011 /
1!
#19705009
0!
#19710009
b11011100 %
1&
1!
#19715009
0!
#19720009
1#
b11000000 %
b100 '
b10100 /
1!
#19725009
0!
#19730009
b10011011 %
b10 (
b101 '
b10010 .
b11111100 -
b10101 /
1!
#19735009
0!
#19740009
b10011111 %
b110 '
b11 (
b10110 /
b10011 .
b11111011 -
1!
#19745009
0!
#19750009
b11111011 %
b100 (
b111 '
b10100 .
b11011100 -
b10111 /
1!
#19755009
0!
#19760009
0#
b0 %
0&
b1000 '
b101 (
b11000 /
b10101 .
b11000000 -
1!
#19765009
0!
#19770009
1!
#19775009
0!
#19780009
b10110100 %
1&
1!
#19785009
0!
#19790009
1#
b10111 %
b1001 '
b11001 /
1!
#19795009
0!
#19800009
0#
b1101 %
b1010 '
b110 (
b11010 /
b10110 .
b10011011 -
1!
#19805009
0!
#19810009
1#
b0 %
0&
b1011 '
b11011 /
1!
#19815009
0!
#19820009
b111 (
b10111 .
b10011111 -
1!
#19825009
0!
#19830009
b10011111 %
1&
b1000 (
b11000 .
b11111011 -
1!
#19835009
0!
#19840009
b0 %
0&
b1100 '
b1001 (
b11100 /
b11001 .
b10110100 -
1!
#19845009
0!
#19850009
b10100110 %
1&
b1010 (
b11010 .
b10111 -
1!
#19855009
0!
#19860009
b0 %
0&
b1101 '
b1011 (
b11101 /
b11011 .
b1101 -
1!
#19865009
0!
#19870009
b11110000 %
1&
b1100 (
b11100 .
b10011111 -
1!
#19875009
0!
#19880009
b0 %
0&
b1110 '
b1101 (
b11110 /
0)
b11101 .
b10100110 -
1!
#19885009
0!
#19890009
0#
b1110 (
1)
b11110 .
b11110000 -
1!
#19895009
0!
#19900009
1#
1!
#19905009
0!
#19910009
1!
#19915009
0!
#19920009
b11111110 %
1&
1!
#19925009
0!
#19930009
b0 %
0&
b1111 '
0)
b11111 /
1!
#19935009
0!
#19940009
b10011000 %
1&
b1111 (
1)
b11111 .
b11111110 -
1!
#19945009
0!
#19950009
b101111 %
b0 '
0)
b0 /
1!
#19955009
0!
#19960009
0#
b0 %
0&
b1 '
b0 (
b1 /
0)
b0 .
b10011000 -
1!
#19965009
0!
#19970009
1!
#19975009
0!
#19980009
1#
b10011010 %
1&
1!
#19985009
0!
#19990009
0#
b10100000 %
b1 (
b10 '
b1 .
b101111 -
b10 /
1!
#19995009
0!
#20000009
b11101000 %
b11 '
b11 /
1!
#20005009
0!
#20010009
b0 %
0&
b100 '
b100 /
1!
#20015009
0!
#20020009
1#
1!
#20025009
0!
#20030009
0#
b10 (
b10 .
b10011010 -
1!
#20035009
0!
#20040009
b11011110 %
1&
1!
#20045009
0!
#20050009
1#
b0 %
0&
b101 '
b101 /
1!
#20055009
0!
#20060009
b10011001 %
1&
b11 (
b11 .
b10100000 -
1!
#20065009
0!
#20070009
0#
b100000 %
b100 (
b110 '
b100 .
b11101000 -
b110 /
1!
#20075009
0!
#20080009
1#
b0 %
0&
b111 '
b111 /
1!
#20085009
0!
#20090009
0#
b1111000 %
1&
b101 (
b101 .
b11011110 -
1!
#20095009
0!
#20100009
1#
b1111101 %
b1000 '
b1000 /
1!
#20105009
0!
#20110009
b11011111 %
b110 (
b1001 '
b110 .
b10011001 -
b1001 /
1!
#20115009
0!
#20120009
b0 %
0&
b1010 '
b111 (
b1010 /
b111 .
b100000 -
1!
#20125009
0!
#20130009
0#
b10001110 %
1&
b1000 (
b1000 .
b1111000 -
1!
#20135009
0!
#20140009
b11111000 %
b1011 '
b1011 /
1!
#20145009
0!
#20150009
b10100000 %
b1100 '
b1100 /
1!
#20155009
0!
#20160009
b0 %
0&
b1101 '
b1101 /
1!
#20165009
0!
#20170009
b101110 %
1&
1!
#20175009
0!
#20180009
b0 %
0&
b1110 '
b1110 /
1!
#20185009
0!
#20190009
1!
#20195009
0!
#20200009
1!
#20205009
0!
#20210009
1#
1!
#20215009
0!
#20220009
0#
b1001 (
b1001 .
b1111101 -
1!
#20225009
0!
#20230009
1!
#20235009
0!
#20240009
1!
#20245009
0!
#20250009
1#
b10001100 %
1&
1!
#20255009
0!
#20260009
0#
b11111011 %
b1111 '
b1010 (
b1111 /
b1010 .
b11011111 -
1!
#20265009
0!
#20270009
1#
b0 %
0&
b0 '
b10000 /
1!
#20275009
0!
#20280009
b10001110 %
1&
b1011 (
b1011 .
b10001110 -
1!
#20285009
0!
#20290009
b0 %
0&
b1100 (
b1 '
b1100 .
b11111000 -
b10001 /
1!
#20295009
0!
#20300009
b1101 (
b1101 .
b10100000 -
1!
#20305009
0!
#20310009
0#
b1110 (
b1110 .
b101110 -
1!
#20315009
0!
#20320009
1!
#20325009
0!
#20330009
b10011110 %
1&
1!
#20335009
0!
#20340009
b0 %
0&
b10 '
b10010 /
1!
#20345009
0!
#20350009
1#
1!
#20355009
0!
#20360009
0#
b10000010 %
1&
b1111 (
b1111 .
b10001100 -
1!
#20365009
0!
#20370009
b0 %
0&
b11 '
b10011 /
1!
#20375009
0!
#20380009
1#
1!
#20385009
0!
#20390009
0#
b11010000 %
1&
b0 (
b10000 .
b11111011 -
1!
#20395009
0!
#20400009
1#
b11111011 %
b100 '
b10100 /
1!
#20405009
0!
#20410009
0#
b11011000 %
b1 (
b101 '
b10001 .
b10001110 -
b10101 /
1!
#20415009
0!
#20420009
b0 %
0&
b110 '
b10110 /
1!
#20425009
0!
#20430009
1#
1!
#20435009
0!
#20440009
0#
b10 (
b10010 .
b10011110 -
1!
#20445009
0!
#20450009
1#
b1011110 %
1&
1!
#20455009
0!
#20460009
b0 %
0&
b111 '
b11 (
b10111 /
b10011 .
b10000010 -
1!
#20465009
0!
#20470009
b100 (
b10100 .
b11010000 -
1!
#20475009
0!
#20480009
0#
b1000010 %
1&
b101 (
b10101 .
b11111011 -
1!
#20485009
0!
#20490009
b0 %
0&
b1000 '
b11000 /
1!
#20495009
0!
#20500009
b10000101 %
1&
1!
#20505009
0!
#20510009
1#
b0 %
0&
b1001 '
b11001 /
1!
#20515009
0!
#20520009
b11001001 %
1&
b110 (
b10110 .
b11011000 -
1!
#20525009
0!
#20530009
0#
b0 %
0&
b111 (
b1010 '
b10111 .
b1011110 -
b11010 /
1!
#20535009
0!
#20540009
1!
#20545009
0!
#20550009
1!
#20555009
0!
#20560009
b1010110 %
1&
1!
#20565009
0!
#20570009
b0 %
0&
b1011 '
b11011 /
1!
#20575009
0!
#20580009
1#
1!
#20585009
0!
#20590009
0#
b11101000 %
1&
b1000 (
b11000 .
b1000010 -
1!
#20595009
0!
#20600009
1#
b1101000 %
b1100 '
b11100 /
1!
#20605009
0!
#20610009
0#
b0 %
0&
b1001 (
b1101 '
b11001 .
b10000101 -
b11101 /
1!
#20615009
0!
#20620009
1#
b1101001 %
1&
1!
#20625009
0!
#20630009
b0 %
0&
b1010 (
b1110 '
b11010 .
b11001001 -
b11110 /
1!
#20635009
0!
#20640009
b1001010 %
1&
b1011 (
b11011 .
b1010110 -
1!
#20645009
0!
#20650009
b0 %
0&
b1100 (
b1111 '
b11100 .
b11101000 -
b11111 /
1!
#20655009
0!
#20660009
0#
b11101010 %
1&
b1101 (
b11101 .
b1101000 -
1!
#20665009
0!
#20670009
b11001011 %
b0 '
b0 /
1!
#20675009
0!
#20680009
b0 %
0&
b1 '
b1 /
1!
#20685009
0!
#20690009
1#
b11110 %
1&
1!
#20695009
0!
#20700009
b0 %
0&
b10 '
b1110 (
b10 /
b11110 .
b1101001 -
1!
#20705009
0!
#20710009
0#
b1111 (
b11111 .
b1001010 -
1!
#20715009
0!
#20720009
1!
#20725009
0!
#20730009
0$
1!
#20735009
0!
#20740009
b10111101 %
1&
1$
b0 '
b0 (
1)
b0 /
b0 -
b0 .
1!
#20745009
0!
#20750009
1#
b0 %
0&
b1 '
0)
b1 /
1!
#20755009
0!
#20760009
b10101101 %
1&
b1 (
1)
b1 .
b10111101 -
1!
#20765009
0!
#20770009
b11011101 %
b10 '
0)
b10 /
1!
#20775009
0!
#20780009
b1000001 %
b11 '
b10 (
b11 /
0)
b10 .
b10101101 -
1!
#20785009
0!
#20790009
b0 %
0&
b11 (
b100 '
b11 .
b11011101 -
b100 /
1!
#20795009
0!
#20800009
0#
b10000110 %
1&
b100 (
1)
b100 .
b1000001 -
1!
#20805009
0!
#20810009
1#
b0 %
0&
b101 '
0)
b101 /
1!
#20815009
0!
#20820009
b101 (
1)
b101 .
b10000110 -
1!
#20825009
0!
#20830009
1!
#20835009
0!
#20840009
0#
1!
#20845009
0!
#20850009
1#
b10010 %
1&
1!
#20855009
0!
#20860009
b111011 %
b110 '
0)
b110 /
1!
#20865009
0!
#20870009
b0 %
0&
b110 (
b111 '
b110 .
b10010 -
b111 /
1!
#20875009
0!
#20880009
b111 (
1)
b111 .
b111011 -
1!
#20885009
0!
#20890009
0#
1!
#20895009
0!
#20900009
b1011100 %
1&
1!
#20905009
0!
#20910009
b0 %
0&
b1000 '
0)
b1000 /
1!
#20915009
0!
#20920009
1#
1!
#20925009
0!
#20930009
0#
b1011100 %
1&
b1000 (
1)
b1000 .
b1011100 -
1!
#20935009
0!
#20940009
b110000 %
b1001 '
0)
b1001 /
1!
#20945009
0!
#20950009
b111110 %
b1010 '
b1010 /
1!
#20955009
0!
#20960009
b0 %
0&
b1011 '
b1011 /
1!
#20965009
0!
#20970009
1#
b11110101 %
1&
1!
#20975009
0!
#20980009
0#
b0 %
0&
b1100 '
b1001 (
b1100 /
b1001 .
1!
#20985009
0!
#20990009
0$
1!
#20995009
0!
#21000009
1$
b0 '
b0 (
1)
b0 /
b0 -
b0 .
1!
#21005009
0!
#21010009
1!
#21015009
0!
#21020009
1#
1!
#21025009
0!
#21030009
1!
#21035009
0!
#21040009
0#
b11000011 %
1&
1!
#21045009
0!
#21050009
1#
b11001100 %
b1 '
0)
b1 /
1!
#21055009
0!
#21060009
b0 %
0&
b10 '
b1 (
b10 /
0)
b1 .
b11000011 -
1!
#21065009
0!
#21070009
0#
b1001110 %
1&
b10 (
1)
b10 .
b11001100 -
1!
#21075009
0!
#21080009
1#
b10011110 %
b11 '
0)
b11 /
1!
#21085009
0!
#21090009
b0 %
0&
b11 (
b100 '
b11 .
b1001110 -
b100 /
1!
#21095009
0!
#21100009
b11100100 %
1&
b100 (
1)
b100 .
b10011110 -
1!
#21105009
0!
#21110009
0#
b11011000 %
b101 '
0)
b101 /
1!
#21115009
0!
#21120009
1#
b1011111 %
b110 '
b110 /
1!
#21125009
0!
#21130009
b10101110 %
b101 (
b111 '
b101 .
b11100100 -
b111 /
1!
#21135009
0!
#21140009
0#
b0 %
0&
b1000 '
b110 (
b1000 /
b110 .
b11011000 -
1!
#21145009
0!
#21150009
1!
#21155009
0!
#21160009
1#
b101000 %
1&
1!
#21165009
0!
#21170009
b1000001 %
b111 (
b1001 '
b111 .
b1011111 -
b1001 /
1!
#21175009
0!
#21180009
b11011010 %
b1010 '
b1000 (
b1010 /
b1000 .
b10101110 -
1!
#21185009
0!
#21190009
b10111 %
b1001 (
b1011 '
b1001 .
b101000 -
b1011 /
1!
#21195009
0!
#21200009
b0 %
0&
b1100 '
b1010 (
b1100 /
b1010 .
b1000001 -
1!
#21205009
0!
#21210009
0#
b1011 (
b1011 .
b11011010 -
1!
#21215009
0!
#21220009
1!
#21225009
0!
#21230009
0$
1!
#21235009
0!
#21240009
b11001001 %
1&
1$
b0 '
b0 (
1)
b0 /
b0 -
b0 .
1!
#21245009
0!
#21250009
b10100000 %
b1 '
0)
b1 /
1!
#21255009
0!
#21260009
b10000111 %
b10 '
b10 /
1!
#21265009
0!
#21270009
b0 %
0&
b11 '
b11 /
1!
#21275009
0!
#21280009
b10000100 %
1&
1!
#21285009
0!
#21290009
b10 %
b100 '
b100 /
1!
#21295009
0!
#21300009
b11101011 %
b101 '
b101 /
1!
#21305009
0!
#21310009
b0 %
0&
b110 '
b110 /
1!
#21315009
0!
#21320009
b10111000 %
1&
1!
#21325009
0!
#21330009
b0 %
0&
b111 '
b111 /
1!
#21335009
0!
#21340009
1#
b1100001 %
1&
1!
#21345009
0!
#21350009
0#
b1101 %
b1 (
b1000 '
b1 .
b11001001 -
b1000 /
1!
#21355009
0!
#21360009
b0 %
0&
b1001 '
b1001 /
1!
#21365009
0!
#21370009
1!
#21375009
0!
#21380009
1#
b11110010 %
1&
1!
#21385009
0!
#21390009
0#
b11100011 %
b10 (
b1010 '
b10 .
b10100000 -
b1010 /
1!
#21395009
0!
#21400009
b1111100 %
b1011 '
b1011 /
1!
#21405009
0!
#21410009
b0 %
0&
b1100 '
b1100 /
1!
#21415009
0!
#21420009
b11011101 %
1&
1!
#21425009
0!
#21430009
b0 %
0&
b1101 '
b1101 /
1!
#21435009
0!
#21440009
1#
1!
#21445009
0!
#21450009
0#
b11111001 %
1&
b11 (
b11 .
b10000111 -
1!
#21455009
0!
#21460009
1#
b10100001 %
b1110 '
b1110 /
1!
#21465009
0!
#21470009
0#
b11110010 %
b100 (
b1111 '
b100 .
b10000100 -
b1111 /
1!
#21475009
0!
#21480009
b0 %
0&
b0 '
b10000 /
1!
#21485009
0!
#21490009
1#
b1100010 %
1&
1!
#21495009
0!
#21500009
0#
b10101101 %
b1 '
b101 (
b10001 /
b101 .
b10 -
1!
#21505009
0!
#21510009
b0 %
0&
b10 '
b10010 /
1!
#21515009
0!
#21520009
1!
#21525009
0!
#21530009
b10111000 %
1&
1!
#21535009
0!
#21540009
b0 %
0&
b11 '
b10011 /
1!
#21545009
0!
#21550009
b11110111 %
1&
1!
#21555009
0!
#21560009
b110011 %
b100 '
b10100 /
1!
#21565009
0!
#21570009
1#
b0 %
0&
1"
b101 '
b10101 /
1!
#21575009
0!
#21580009
0#
0"
b110 (
b110 .
b11101011 -
1!
#21585009
0!
#21590009
b1011001 %
1&
1!
#21595009
0!
#21600009
1#
b0 %
0&
1"
b110 '
b10110 /
1!
#21605009
0!
#21610009
0#
b111101 %
1&
0"
b111 (
b111 .
b10111000 -
1!
#21615009
0!
#21620009
b10110101 %
1"
b111 '
b10111 /
1!
#21625009
0!
#21630009
b0 %
0&
1!
#21635009
0!
#21640009
1!
#21645009
0!
#21650009
1#
b11100000 %
1&
1!
#21655009
0!
#21660009
0#
b0 %
0&
0"
b1000 (
b1000 .
b1100001 -
1!
#21665009
0!
#21670009
1!
#21675009
0!
#21680009
b110101 %
1&
1!
#21685009
0!
#21690009
1#
b10111001 %
1"
b1000 '
b11000 /
1!
#21695009
0!
#21700009
b11111111 %
0"
b1001 (
b1001 .
b1101 -
1!
#21705009
0!
#21710009
0#
b10101011 %
b1010 (
b1001 '
b1010 .
b11110010 -
b11001 /
1!
#21715009
0!
#21720009
1#
b11010100 %
1"
b1010 '
b11010 /
1!
#21725009
0!
#21730009
0#
b11110010 %
0"
b1011 (
b1011 .
b11100011 -
1!
#21735009
0!
#21740009
1#
b0 %
0&
1"
b1011 '
b11011 /
1!
#21745009
0!
#21750009
0"
b1100 (
b1100 .
b1111100 -
1!
#21755009
0!
#21760009
0#
b11010111 %
1&
b1101 (
b1101 .
b11011101 -
1!
#21765009
0!
#21770009
1#
b11010001 %
b1100 '
b11100 /
1!
#21775009
0!
#21780009
0#
b0 %
0&
b1101 '
b1110 (
b11101 /
b1110 .
b11111001 -
1!
#21785009
0!
#21790009
1#
1!
#21795009
0!
#21800009
0#
b1111 (
b1111 .
b10100001 -
1!
#21805009
0!
#21810009
1#
b1010100 %
1&
1!
#21815009
0!
#21820009
b1001101 %
b1110 '
b0 (
b11110 /
b10000 .
b11110010 -
1!
#21825009
0!
#21830009
0#
b10010111 %
b1 (
b1111 '
b10001 .
b1100010 -
b11111 /
1!
#21835009
0!
#21840009
b0 %
0&
b0 '
b0 /
1!
#21845009
0!
#21850009
1#
1!
#21855009
0!
#21860009
0#
b10 (
b10010 .
b10101101 -
1!
#21865009
0!
#21870009
1#
b1101001 %
1&
1!
#21875009
0!
#21880009
0#
b0 %
0&
b1 '
b11 (
b1 /
b10011 .
b10111000 -
1!
#21885009
0!
#21890009
b11001111 %
1&
1!
#21895009
0!
#21900009
1#
b0 %
0&
b10 '
b10 /
1!
#21905009
0!
#21910009
0#
b1000000 %
1&
b100 (
b10100 .
b11110111 -
1!
#21915009
0!
#21920009
1#
b0 %
0&
b11 '
b11 /
1!
#21925009
0!
#21930009
b1010001 %
1&
b101 (
b10101 .
b110011 -
1!
#21935009
0!
#21940009
0#
b0 %
0&
b100 '
b110 (
b100 /
b10110 .
b1011001 -
1!
#21945009
0!
#21950009
1#
1!
#21955009
0!
#21960009
0#
b111 (
b10111 .
b111101 -
1!
#21965009
0!
#21970009
b111111 %
1&
1!
#21975009
0!
#21980009
1#
b0 %
0&
b101 '
b101 /
1!
#21985009
0!
#21990009
b1000 (
b11000 .
b110101 -
1!
#21995009
0!
#22000009
0#
b1001 (
b11001 .
b11111111 -
1!
#22005009
0!
#22010009
1!
#22015009
0!
#22020009
1#
1!
#22025009
0!
#22030009
0#
b1010 (
b11010 .
b10101011 -
1!
#22035009
0!
#22040009
1!
#22045009
0!
#22050009
b10111000 %
1&
1!
#22055009
0!
#22060009
1#
b11010010 %
b110 '
b110 /
1!
#22065009
0!
#22070009
0#
b11110011 %
b1011 (
b111 '
b11011 .
b11110010 -
b111 /
1!
#22075009
0!
#22080009
b11001110 %
b1000 '
b1000 /
1!
#22085009
0!
#22090009
1#
b0 %
0&
b1001 '
b1001 /
1!
#22095009
0!
#22100009
b11100001 %
1&
b1100 (
b11100 .
b11010111 -
1!
#22105009
0!
#22110009
0#
b0 %
0&
b1101 (
b1010 '
b11101 .
b11010001 -
b1010 /
1!
#22115009
0!
#22120009
b11111000 %
1&
1!
#22125009
0!
#22130009
b111100 %
b1011 '
b1011 /
1!
#22135009
0!
#22140009
1#
b1010000 %
b1100 '
b1100 /
1!
#22145009
0!
#22150009
0#
b11010001 %
b1110 (
b1101 '
b11110 .
b1010100 -
b1101 /
1!
#22155009
0!
#22160009
1#
b1001110 %
1"
b1110 '
b1110 /
1!
#22165009
0!
#22170009
b10010110 %
0"
b1111 (
b11111 .
b1001101 -
1!
#22175009
0!
#22180009
b0 %
0&
b1111 '
b0 (
b1111 /
b0 .
b10010111 -
1!
#22185009
0!
#22190009
0#
b10010001 %
1&
b1 (
b1 .
b1101001 -
1!
#22195009
0!
#22200009
1#
b0 %
0&
b0 '
b10000 /
1!
#22205009
0!
#22210009
0#
b11010101 %
1&
b10 (
b10 .
b11001111 -
1!
#22215009
0!
#22220009
1#
b10101100 %
b1 '
b10001 /
1!
#22225009
0!
#22230009
0#
b1000011 %
b11 (
b10 '
b11 .
b1000000 -
b10010 /
1!
#22235009
0!
#22240009
1#
b0 %
0&
1"
b11 '
b10011 /
1!
#22245009
0!
#22250009
0#
b10100110 %
1&
0"
b100 (
b100 .
b1010001 -
1!
#22255009
0!
#22260009
b0 %
0&
1"
b100 '
b10100 /
1!
#22265009
0!
#22270009
1#
1!
#22275009
0!
#22280009
0"
b101 (
b101 .
b111111 -
1!
#22285009
0!
#22290009
b1100 %
1&
b110 (
b110 .
b10111000 -
1!
#22295009
0!
#22300009
0#
b0 %
0&
b101 '
b111 (
b10101 /
b111 .
b11010010 -
1!
#22305009
0!
#22310009
b1100010 %
1&
1!
#22315009
0!
#22320009
b0 %
0&
b110 '
b10110 /
1!
#22325009
0!
#22330009
1!
#22335009
0!
#22340009
b1011100 %
1&
1!
#22345009
0!
#22350009
1#
b11100011 %
1"
b111 '
b10111 /
1!
#22355009
0!
#22360009
b0 %
0&
0"
b1000 (
b1000 .
b11110011 -
1!
#22365009
0!
#22370009
0#
b10101110 %
1&
b1001 (
b1001 .
b11001110 -
1!
#22375009
0!
#22380009
b10100010 %
b1000 '
b11000 /
1!
#22385009
0!
#22390009
b1010110 %
1"
b1001 '
b11001 /
1!
#22395009
0!
#22400009
b1001110 %
1!
#22405009
0!
#22410009
1#
b10100110 %
1!
#22415009
0!
#22420009
b0 %
0&
0"
b1010 (
b1010 .
b11100001 -
1!
#22425009
0!
#22430009
0#
b10000100 %
1&
b1011 (
b1011 .
b11111000 -
1!
#22435009
0!
#22440009
1#
b0 %
0&
b1010 '
b11010 /
1!
#22445009
0!
#22450009
0#
b1100 (
b1100 .
b111100 -
1!
#22455009
0!
#22460009
1#
1!
#22465009
0!
#22470009
b11010000 %
1&
b1101 (
b1101 .
b1010000 -
1!
#22475009
0!
#22480009
0#
b1001 %
b1011 '
b1110 (
b11011 /
b1110 .
b11010001 -
1!
#22485009
0!
#22490009
b0 %
0&
b1100 '
b11100 /
1!
#22495009
0!
#22500009
1!
#22505009
0!
#22510009
1#
b1101000 %
1&
1!
#22515009
0!
#22520009
0#
b1010110 %
b1101 '
b1111 (
b11101 /
b1111 .
b10010110 -
1!
#22525009
0!
#22530009
1#
b0 %
0&
b1110 '
b11110 /
1!
#22535009
0!
#22540009
b11101101 %
1&
b0 (
b10000 .
b10010001 -
1!
#22545009
0!
#22550009
0#
b0 %
0&
b1 (
b1111 '
b10001 .
b11010101 -
b11111 /
1!
#22555009
0!
#22560009
b10001011 %
1&
1!
#22565009
0!
#22570009
1#
b0 %
0&
b0 '
b0 /
1!
#22575009
0!
#22580009
0#
b10 (
b10010 .
b10101100 -
1!
#22585009
0!
#22590009
b100011 %
1&
1!
#22595009
0!
#22600009
1#
b1000111 %
b1 '
b1 /
1!
#22605009
0!
#22610009
0#
b0 %
0&
b11 (
b10 '
b10011 .
b1000011 -
b10 /
1!
#22615009
0!
#22620009
1!
#22625009
0!
#22630009
1!
#22635009
0!
#22640009
1#
1!
#22645009
0!
#22650009
b10101000 %
1&
b100 (
b10100 .
b10100110 -
1!
#22655009
0!
#22660009
0#
0&
0$
b11 '
b101 (
b11 /
b10101 .
b1100 -
1!
#22665009
0!
#22670009
1#
b0 %
1$
b0 (
b0 '
b0 -
1)
b0 .
b0 /
1!
#22675009
0!
#22680009
0#
1!
#22685009
0!
#22690009
1!
#22695009
0!
#22700009
1!
#22705009
0!
#22710009
1#
b11100011 %
1&
1!
#22715009
0!
#22720009
0#
b10110111 %
b1 '
0)
b1 /
1!
#22725009
0!
#22730009
b0 %
0&
b10 '
b10 /
1!
#22735009
0!
#22740009
1#
b1100010 %
1&
1!
#22745009
0!
#22750009
b10001111 %
b1 (
b11 '
b1 .
b11100011 -
b11 /
1!
#22755009
0!
#22760009
b0 %
0&
b100 '
b10 (
b100 /
b10 .
b10110111 -
1!
#22765009
0!
#22770009
0#
b11 (
b11 .
b1100010 -
1!
#22775009
0!
#22780009
1!
#22785009
0!
#22790009
b1101011 %
1&
1!
#22795009
0!
#22800009
0&
0$
b101 '
b101 /
1!
#22805009
0!
#22810009
1#
b0 %
1$
b0 (
b0 '
b0 -
1)
b0 .
b0 /
1!
#22815009
0!
#22820009
1!
#22825009
0!
#22830009
0#
1!
#22835009
0!
#22840009
b100001 %
1&
1!
#22845009
0!
#22850009
b0 %
0&
b1 '
0)
b1 /
1!
#22855009
0!
#22860009
1#
1!
#22865009
0!
#22870009
0#
b10000001 %
1&
b1 (
1)
b1 .
b100001 -
1!
#22875009
0!
#22880009
1#
b0 %
0&
b10 '
0)
b10 /
1!
#22885009
0!
#22890009
0#
b10 (
1)
b10 .
b10000001 -
1!
#22895009
0!
#22900009
b11010000 %
1&
1!
#22905009
0!
#22910009
1#
b0 %
0&
b11 '
0)
b11 /
1!
#22915009
0!
#22920009
0#
b11 (
1)
b11 .
b11010000 -
1!
#22925009
0!
#22930009
1#
b11100101 %
1&
1!
#22935009
0!
#22940009
b1100 %
b100 '
0)
b100 /
1!
#22945009
0!
#22950009
0#
b100110 %
b100 (
b101 '
b100 .
b11100101 -
b101 /
1!
#22955009
0!
#22960009
1#
b100000 %
b110 '
b110 /
1!
#22965009
0!
#22970009
b1100 %
b101 (
b111 '
b101 .
b1100 -
b111 /
1!
#22975009
0!
#22980009
b0 %
0&
b1000 '
b110 (
b1000 /
b110 .
b100110 -
1!
#22985009
0!
#22990009
b10101110 %
1&
b111 (
b111 .
b100000 -
1!
#22995009
0!
#23000009
0#
b0 %
0&
b1001 '
b1000 (
b1001 /
0)
b1000 .
b1100 -
1!
#23005009
0!
#23010009
b11100000 %
1&
1!
#23015009
0!
#23020009
b0 %
0&
b1010 '
b1010 /
1!
#23025009
0!
#23030009
1#
b10100000 %
1&
1!
#23035009
0!
#23040009
0#
b0 %
0&
b1011 '
b1001 (
b1011 /
b1001 .
b10101110 -
1!
#23045009
0!
#23050009
1#
1!
#23055009
0!
#23060009
b11100 %
1&
b1010 (
b1010 .
b11100000 -
1!
#23065009
0!
#23070009
b110001 %
b1011 (
b1100 '
b1011 .
b10100000 -
b1100 /
1!
#23075009
0!
#23080009
0#
b101 %
b1101 '
b1100 (
b1101 /
0)
b1100 .
b11100 -
1!
#23085009
0!
#23090009
1#
b110011 %
b1110 '
b1110 /
1!
#23095009
0!
#23100009
0#
b0 %
0&
b1111 '
b1101 (
b1111 /
b1101 .
b110001 -
1!
#23105009
0!
#23110009
1#
b110100 %
1&
1!
#23115009
0!
#23120009
0#
0&
0$
b0 '
b1110 (
b10000 /
b1110 .
b101 -
1!
#23125009
0!
#23130009
b0 %
1$
b0 (
b0 -
1)
b0 .
b0 /
1!
#23135009
0!
#23140009
b10110101 %
1&
1!
#23145009
0!
#23150009
1#
b0 %
0&
b1 '
0)
b1 /
1!
#23155009
0!
#23160009
b1 (
1)
b1 .
b10110101 -
1!
#23165009
0!
#23170009
0#
b10110111 %
1&
1!
#23175009
0!
#23180009
b0 %
0&
b10 '
0)
b10 /
1!
#23185009
0!
#23190009
1#
b10111100 %
1&
1!
#23195009
0!
#23200009
0#
b0 %
0&
b11 '
b10 (
b11 /
0)
b10 .
b10110111 -
1!
#23205009
0!
#23210009
b11011 %
1&
1!
#23215009
0!
#23220009
1#
b1100111 %
b100 '
b100 /
1!
#23225009
0!
#23230009
0#
b11101111 %
b11 (
b101 '
b11 .
b10111100 -
b101 /
1!
#23235009
0!
#23240009
b10101011 %
b110 '
b110 /
1!
#23245009
0!
#23250009
1#
b11101000 %
b111 '
b111 /
1!
#23255009
0!
#23260009
b0 %
0&
b1000 '
b100 (
b1000 /
b100 .
b11011 -
1!
#23265009
0!
#23270009
0#
b101 (
b101 .
b1100111 -
1!
#23275009
0!
#23280009
1#
b10101001 %
1&
1!
#23285009
0!
#23290009
b11 %
b110 (
b1001 '
b110 .
b11101111 -
b1001 /
1!
#23295009
0!
#23300009
b111010 %
b1010 '
b111 (
b1010 /
b111 .
b10101011 -
1!
#23305009
0!
#23310009
0#
b10111000 %
b1000 (
b1011 '
b1000 .
b11101000 -
b1011 /
1!
#23315009
0!
#23320009
1#
b1011001 %
b1100 '
b1100 /
1!
#23325009
0!
#23330009
b1111101 %
b1001 (
b1101 '
b1001 .
b10101001 -
b1101 /
1!
#23335009
0!
#23340009
0#
b110011 %
b1110 '
b1010 (
b1110 /
b1010 .
b11 -
1!
#23345009
0!
#23350009
1#
b0 %
0&
b1111 '
b1111 /
1!
#23355009
0!
#23360009
0#
b10011100 %
1&
b1011 (
b1011 .
b111010 -
1!
#23365009
0!
#23370009
1#
b1010111 %
b0 '
b10000 /
1!
#23375009
0!
#23380009
0#
b0 %
0&
b1 '
b1100 (
b10001 /
b1100 .
b10111000 -
1!
#23385009
0!
#23390009
1#
1!
#23395009
0!
#23400009
0#
b1101 (
b1101 .
b1011001 -
1!
#23405009
0!
#23410009
1#
b11011011 %
1&
1!
#23415009
0!
#23420009
b1100000 %
b10 '
b1110 (
b10010 /
b1110 .
b1111101 -
1!
#23425009
0!
#23430009
b1111110 %
b1111 (
b11 '
b1111 .
b110011 -
b10011 /
1!
#23435009
0!
#23440009
0#
b0 %
0&
b100 '
b0 (
b10100 /
b10000 .
b10011100 -
1!
#23445009
0!
#23450009
1!
#23455009
0!
#23460009
1#
b100001 %
1&
1!
#23465009
0!
#23470009
0#
b10111111 %
b1 (
b101 '
b10001 .
b1010111 -
b10101 /
1!
#23475009
0!
#23480009
1#
b110 '
b10110 /
1!
#23485009
0!
#23490009
0#
b11110010 %
b10 (
b111 '
b10010 .
b11011011 -
b10111 /
1!
#23495009
0!
#23500009
b10010 %
b1000 '
b11000 /
1!
#23505009
0!
#23510009
1#
b0 %
0&
b1001 '
b11001 /
1!
#23515009
0!
#23520009
b11000001 %
1&
b11 (
b10011 .
b1100000 -
1!
#23525009
0!
#23530009
b0 %
0&
b100 (
b1010 '
b10100 .
b1111110 -
b11010 /
1!
#23535009
0!
#23540009
b11100011 %
1&
b101 (
b10101 .
b100001 -
1!
#23545009
0!
#23550009
b10101100 %
b110 (
b1011 '
b10110 .
b10111111 -
b11011 /
1!
#23555009
0!
#23560009
b11111110 %
b1100 '
b111 (
b11100 /
b10111 .
1!
#23565009
0!
#23570009
b1110111 %
b1000 (
b1101 '
b11000 .
b11110010 -
b11101 /
1!
#23575009
0!
#23580009
0#
b10010110 %
b1110 '
b1001 (
b11110 /
b11001 .
b10010 -
1!
#23585009
0!
#23590009
b0 %
0&
b1111 '
b11111 /
1!
#23595009
0!
#23600009
1#
1!
#23605009
0!
#23610009
b1100100 %
1&
b1010 (
b11010 .
b11000001 -
1!
#23615009
0!
#23620009
0#
b10001100 %
b0 '
b1011 (
b0 /
b11011 .
b11100011 -
1!
#23625009
0!
#23630009
1#
b0 %
0&
b1 '
b1 /
1!
#23635009
0!
#23640009
0#
b1100 (
b11100 .
b10101100 -
1!
#23645009
0!
#23650009
1#
1!
#23655009
0!
#23660009
0#
b1101 (
b11101 .
b11111110 -
1!
#23665009
0!
#23670009
1#
1!
#23675009
0!
#23680009
0#
b1110 (
b11110 .
b1110111 -
1!
#23685009
0!
#23690009
b1101011 %
1&
1!
#23695009
0!
#23700009
b0 %
0&
b10 '
b10 /
1!
#23705009
0!
#23710009
1#
1!
#23715009
0!
#23720009
b11010101 %
1&
b1111 (
b11111 .
b10010110 -
1!
#23725009
0!
#23730009
0#
b10111111 %
b0 (
b11 '
b0 .
b1100100 -
b11 /
1!
#23735009
0!
#23740009
1#
b0 %
0&
b100 '
b100 /
1!
#23745009
0!
#23750009
0#
b10110101 %
1&
b1 (
b1 .
b10001100 -
1!
#23755009
0!
#23760009
b11001110 %
b101 '
b101 /
1!
#23765009
0!
#23770009
1#
b0 %
0&
b110 '
b110 /
1!
#23775009
0!
#23780009
b10 (
b10 .
b1101011 -
1!
#23785009
0!
#23790009
0#
b11 (
b11 .
b11010101 -
1!
#23795009
0!
#23800009
1!
#23805009
0!
#23810009
1#
b11001000 %
1&
1!
#23815009
0!
#23820009
b10101000 %
b111 '
b100 (
b111 /
b100 .
b10111111 -
1!
#23825009
0!
#23830009
0#
b101111 %
b101 (
b1000 '
b101 .
b10110101 -
b1000 /
1!
#23835009
0!
#23840009
1#
b0 %
0&
b1001 '
b1001 /
1!
#23845009
0!
#23850009
b110 (
b110 .
b11001110 -
1!
#23855009
0!
#23860009
b111 (
b111 .
b11001000 -
1!
#23865009
0!
#23870009
0#
b11101000 %
1&
b1000 (
b1000 .
b10101000 -
1!
#23875009
0!
#23880009
1#
b0 %
0&
b1010 '
b1010 /
1!
#23885009
0!
#23890009
b111000 %
1&
b1001 (
b1001 .
b101111 -
1!
#23895009
0!
#23900009
0#
b11000111 %
b1011 '
b1010 (
b1011 /
0)
b1010 .
b11101000 -
1!
#23905009
0!
#23910009
1#
b0 %
0&
b1100 '
b1100 /
1!
#23915009
0!
#23920009
0#
b11110011 %
1&
b1011 (
b1011 .
b111000 -
1!
#23925009
0!
#23930009
1#
b0 %
0&
b1101 '
b1101 /
1!
#23935009
0!
#23940009
b1100 (
b1100 .
b11000111 -
1!
#23945009
0!
#23950009
b1101 (
1)
b1101 .
b11110011 -
1!
#23955009
0!
#23960009
1!
#23965009
0!
#23970009
1!
#23975009
0!
#23980009
b11101001 %
1&
1!
#23985009
0!
#23990009
0#
b0 %
0&
b1110 '
0)
b1110 /
1!
#23995009
0!
#24000009
1!
#24005009
0!
#24010009
b11011101 %
1&
1!
#24015009
0!
#24020009
1#
b0 %
0&
b1111 '
b1111 /
1!
#24025009
0!
#24030009
0#
b1111010 %
1&
b1110 (
b1110 .
b11101001 -
1!
#24035009
0!
#24040009
b10010101 %
b0 '
b10000 /
1!
#24045009
0!
#24050009
b1101111 %
b1 '
b10001 /
1!
#24055009
0!
#24060009
b111110 %
b10 '
b10010 /
1!
#24065009
0!
#24070009
1#
b10100110 %
b11 '
b10011 /
1!
#24075009
0!
#24080009
b10110 %
b100 '
b1111 (
b10100 /
b1111 .
b11011101 -
1!
#24085009
0!
#24090009
0#
b11101100 %
b0 (
b101 '
b10000 .
b1111010 -
b10101 /
1!
#24095009
0!
#24100009
b0 %
0&
b110 '
b10110 /
1!
#24105009
0!
#24110009
1#
b1000101 %
1&
1!
#24115009
0!
#24120009
b0 %
0&
b111 '
b1 (
b10111 /
b10001 .
b10010101 -
1!
#24125009
0!
#24130009
b10 (
b10010 .
b1101111 -
1!
#24135009
0!
#24140009
0#
b1010010 %
1&
b11 (
b10011 .
b111110 -
1!
#24145009
0!
#24150009
1#
b10010110 %
b1000 '
b11000 /
1!
#24155009
0!
#24160009
b0 %
0&
b1001 '
b100 (
b11001 /
b10100 .
b10100110 -
1!
#24165009
0!
#24170009
b11100001 %
1&
b101 (
b10101 .
b10110 -
1!
#24175009
0!
#24180009
b1101110 %
b1010 '
b110 (
b11010 /
b10110 .
b11101100 -
1!
#24185009
0!
#24190009
0#
b110100 %
b111 (
b1011 '
b10111 .
b1000101 -
b11011 /
1!
#24195009
0!
#24200009
1#
b10 %
b1100 '
b11100 /
1!
#24205009
0!
#24210009
b1111111 %
b1000 (
b1101 '
b11000 .
b1010010 -
b11101 /
1!
#24215009
0!
#24220009
b11010111 %
b1110 '
b1001 (
b11110 /
b11001 .
b10010110 -
1!
#24225009
0!
#24230009
0#
b100000 %
b1010 (
b1111 '
b11010 .
b11100001 -
b11111 /
1!
#24235009
0!
#24240009
b0 %
0&
b0 '
b0 /
1!
#24245009
0!
#24250009
1#
b11010100 %
1&
1!
#24255009
0!
#24260009
b0 %
0&
b1 '
b1011 (
b1 /
b11011 .
b1101110 -
1!
#24265009
0!
#24270009
0#
b1100 (
b11100 .
b110100 -
1!
#24275009
0!
#24280009
1#
b110110 %
1&
1!
#24285009
0!
#24290009
b10100001 %
b1101 (
b10 '
b11101 .
b10 -
b10 /
1!
#24295009
0!
#24300009
0#
0&
0$
b11 '
b1110 (
b11 /
b11110 .
b1111111 -
1!
#24305009
0!
#24310009
b10001110 %
1&
1$
b0 (
b0 '
b0 -
1)
b0 .
b0 /
1!
#24315009
0!
#24320009
1#
b1101111 %
b1 '
0)
b1 /
1!
#24325009
0!
#24330009
b0 %
0&
b1 (
b10 '
b1 .
b10001110 -
b10 /
1!
#24335009
0!
#24340009
0#
b10 (
1)
b10 .
b1101111 -
1!
#24345009
0!
#24350009
1#
1!
#24355009
0!
#24360009
0#
b11000110 %
1&
1!
#24365009
0!
#24370009
b0 %
0&
b11 '
0)
b11 /
1!
#24375009
0!
#24380009
1!
#24385009
0!
#24390009
1#
1!
#24395009
0!
#24400009
0#
b11 (
1)
b11 .
b11000110 -
1!
#24405009
0!
#24410009
1#
1!
#24415009
0!
#24420009
1!
#24425009
0!
#24430009
1!
#24435009
0!
#24440009
0#
1!
#24445009
0!
#24450009
1#
b1001101 %
1&
1!
#24455009
0!
#24460009
b0 %
0&
b100 '
0)
b100 /
1!
#24465009
0!
#24470009
b100 (
1)
b100 .
b1001101 -
1!
#24475009
0!
#24480009
b10100 %
1&
1!
#24485009
0!
#24490009
0#
b0 %
0&
b101 '
0)
b101 /
1!
#24495009
0!
#24500009
b10101001 %
1&
1!
#24505009
0!
#24510009
1#
b1111111 %
b110 '
b110 /
1!
#24515009
0!
#24520009
b0 %
0&
b111 '
b101 (
b111 /
b101 .
b10100 -
1!
#24525009
0!
#24530009
b110 (
b110 .
b10101001 -
1!
#24535009
0!
#24540009
b1100010 %
1&
b111 (
1)
b111 .
b1111111 -
1!
#24545009
0!
#24550009
0#
b0 %
0&
b1000 '
0)
b1000 /
1!
#24555009
0!
#24560009
b1101000 %
1&
1!
#24565009
0!
#24570009
b10011111 %
b1001 '
b1001 /
1!
#24575009
0!
#24580009
1#
b1111111 %
b1010 '
b1010 /
1!
#24585009
0!
#24590009
0#
b0 %
0&
b1000 (
b1011 '
b1000 .
b1100010 -
b1011 /
1!
#24595009
0!
#24600009
1#
1!
#24605009
0!
#24610009
b11110001 %
1&
b1001 (
b1001 .
b1101000 -
1!
#24615009
0!
#24620009
0#
b0 %
0&
b1100 '
b1010 (
b1100 /
b1010 .
b10011111 -
1!
#24625009
0!
#24630009
1!
#24635009
0!
#24640009
0$
1!
#24645009
0!
#24650009
1$
b0 (
b0 '
b0 -
1)
b0 .
b0 /
1!
#24655009
0!
#24660009
1#
1!
#24665009
0!
#24670009
b11101000 %
1&
1!
#24675009
0!
#24680009
b0 %
0&
b1 '
0)
b1 /
1!
#24685009
0!
#24690009
b1 (
1)
b1 .
b11101000 -
1!
#24695009
0!
#24700009
0#
b10111111 %
1&
1!
#24705009
0!
#24710009
b0 %
0&
b10 '
0)
b10 /
1!
#24715009
0!
#24720009
1#
b100100 %
1&
1!
#24725009
0!
#24730009
0#
b11000101 %
b10 (
b11 '
b10 .
b10111111 -
b11 /
1!
#24735009
0!
#24740009
b10000010 %
b100 '
b100 /
1!
#24745009
0!
#24750009
1#
b0 %
0&
b101 '
b101 /
1!
#24755009
0!
#24760009
b11 (
b11 .
b100100 -
1!
#24765009
0!
#24770009
b1111110 %
1&
b100 (
b100 .
b11000101 -
1!
#24775009
0!
#24780009
0#
b1110 %
b110 '
b101 (
b110 /
0)
b101 .
b10000010 -
1!
#24785009
0!
#24790009
1#
b0 %
0&
b111 '
b111 /
1!
#24795009
0!
#24800009
b110 (
b110 .
b1111110 -
1!
#24805009
0!
#24810009
0#
b111 (
1)
b111 .
b1110 -
1!
#24815009
0!
#24820009
0$
1!
#24825009
0!
#24830009
1$
b0 (
b0 '
b0 -
b0 .
1)
b0 /
1!
#24835009
0!
#24840009
1!
#24845009
0!
#24850009
1#
b11011010 %
1&
1!
#24855009
0!
#24860009
0#
b11000011 %
b1 '
0)
b1 /
1!
#24865009
0!
#24870009
b0 %
0&
b10 '
b10 /
1!
#24875009
0!
#24880009
1#
1!
#24885009
0!
#24890009
0#
b1 (
b1 .
b11011010 -
1!
#24895009
0!
#24900009
b10011101 %
1&
1!
#24905009
0!
#24910009
0&
0$
b11 '
b11 /
1!
#24915009
0!
#24920009
1#
b11010101 %
1&
1$
b0 '
b0 (
1)
b0 /
b0 -
b0 .
1!
#24925009
0!
#24930009
0#
b0 %
0&
b1 '
0)
b1 /
1!
#24935009
0!
#24940009
b1100101 %
1&
1!
#24945009
0!
#24950009
1#
b0 %
0&
b10 '
b10 /
1!
#24955009
0!
#24960009
b1011101 %
1&
b1 (
b1 .
b11010101 -
1!
#24965009
0!
#24970009
0#
b11010001 %
b10 (
b11 '
b10 .
b1100101 -
b11 /
1!
#24975009
0!
#24980009
1#
b0 %
0&
b100 '
b100 /
1!
#24985009
0!
#24990009
b111111 %
1&
b11 (
b11 .
b1011101 -
1!
#24995009
0!
#25000009
0#
b11110100 %
b101 '
b100 (
b101 /
0)
b100 .
b11010001 -
1!
#25005009
0!
#25010009
1#
b0 %
0&
b110 '
b110 /
1!
#25015009
0!
#25020009
0#
b101 (
b101 .
b111111 -
1!
#25025009
0!
#25030009
1#
b11 %
1&
1!
#25035009
0!
#25040009
0#
b0 %
0&
b111 '
b110 (
b111 /
0)
b110 .
b11110100 -
1!
#25045009
0!
#25050009
b11011011 %
1&
1!
#25055009
0!
#25060009
1#
b0 %
0&
b1000 '
b1000 /
1!
#25065009
0!
#25070009
b11001100 %
1&
b111 (
b111 .
b11 -
1!
#25075009
0!
#25080009
b10101001 %
b1001 '
b1000 (
b1001 /
0)
b1000 .
b11011011 -
1!
#25085009
0!
#25090009
0#
b11001101 %
b1001 (
b1010 '
b1001 .
b11001100 -
b1010 /
1!
#25095009
0!
#25100009
1#
b0 %
0&
b1011 '
b1011 /
1!
#25105009
0!
#25110009
b1010 (
b1010 .
b10101001 -
1!
#25115009
0!
#25120009
b1011 (
1)
b1011 .
b11001101 -
1!
#25125009
0!
#25130009
1!
#25135009
0!
#25140009
0#
b10100100 %
1&
1!
#25145009
0!
#25150009
0&
0$
b1100 '
0)
b1100 /
1!
#25155009
0!
#25160009
b10100110 %
1&
1$
b0 '
b0 (
1)
b0 /
b0 -
b0 .
1!
#25165009
0!
#25170009
1#
b101001 %
b1 '
0)
b1 /
1!
#25175009
0!
#25180009
0#
b0 %
0&
b10 '
b1 (
b10 /
0)
b1 .
b10100110 -
1!
#25185009
0!
#25190009
1!
#25195009
0!
#25200009
b1001001 %
1&
1!
#25205009
0!
#25210009
b0 %
0&
b11 '
b11 /
1!
#25215009
0!
#25220009
1#
b101100 %
1&
1!
#25225009
0!
#25230009
0#
b0 %
0&
b10 (
b100 '
b10 .
b101001 -
b100 /
1!
#25235009
0!
#25240009
1#
b111011 %
1&
1!
#25245009
0!
#25250009
b0 %
0&
b11 (
b101 '
b11 .
b1001001 -
b101 /
1!
#25255009
0!
#25260009
0#
b100 (
b100 .
b101100 -
1!
#25265009
0!
#25270009
1#
1!
#25275009
0!
#25280009
b10001111 %
1&
b101 (
1)
b101 .
b111011 -
1!
#25285009
0!
#25290009
b111111 %
b110 '
0)
b110 /
1!
#25295009
0!
#25300009
0#
b0 %
0&
b111 '
b110 (
b111 /
0)
b110 .
b10001111 -
1!
#25305009
0!
#25310009
1#
1!
#25315009
0!
#25320009
0#
b111 (
1)
b111 .
b111111 -
1!
#25325009
0!
#25330009
b11000011 %
1&
1!
#25335009
0!
#25340009
b0 %
0&
b1000 '
0)
b1000 /
1!
#25345009
0!
#25350009
1#
b10010100 %
1&
1!
#25355009
0!
#25360009
0#
b1100000 %
b1001 '
b1000 (
b1001 /
0)
b1000 .
b11000011 -
1!
#25365009
0!
#25370009
1#
b10100000 %
b1010 '
b1010 /
1!
#25375009
0!
#25380009
b0 %
0&
b1011 '
b1001 (
b1011 /
b1001 .
b10010100 -
1!
#25385009
0!
#25390009
0#
b1010 (
b1010 .
b1100000 -
1!
#25395009
0!
#25400009
1#
b1000000 %
1&
1!
#25405009
0!
#25410009
b0 %
0&
b1011 (
b1100 '
b1011 .
b10100000 -
b1100 /
1!
#25415009
0!
#25420009
b1100 (
1)
b1100 .
b1000000 -
1!
#25425009
0!
#25430009
0#
1!
#25435009
0!
#25440009
b1001010 %
1&
1!
#25445009
0!
#25450009
b0 %
0&
b1101 '
0)
b1101 /
1!
#25455009
0!
#25460009
b111111 %
1&
1!
#25465009
0!
#25470009
b0 %
0&
b1110 '
b1110 /
1!
#25475009
0!
#25480009
1#
b11000000 %
1&
1!
#25485009
0!
#25490009
b0 %
0&
b1101 (
b1111 '
b1101 .
b1001010 -
b1111 /
1!
#25495009
0!
#25500009
0#
b1110 (
b1110 .
b111111 -
1!
#25505009
0!
#25510009
1!
#25515009
0!
#25520009
1!
#25525009
0!
#25530009
1!
#25535009
0!
#25540009
1#
b11011000 %
1&
1!
#25545009
0!
#25550009
0#
b0 %
0&
b1111 (
b0 '
b1111 .
b11000000 -
b10000 /
1!
#25555009
0!
#25560009
1#
1!
#25565009
0!
#25570009
0#
b11001001 %
1&
b0 (
1)
b10000 .
b11011000 -
1!
#25575009
0!
#25580009
b11011 %
b1 '
0)
b10001 /
1!
#25585009
0!
#25590009
1#
b0 %
0&
b10 '
b10010 /
1!
#25595009
0!
#25600009
0#
b10010101 %
1&
b1 (
b10001 .
b11001001 -
1!
#25605009
0!
#25610009
b1100100 %
b11 '
b10011 /
1!
#25615009
0!
#25620009
b110100 %
b100 '
b10100 /
1!
#25625009
0!
#25630009
1#
b0 %
0&
b101 '
b10101 /
1!
#25635009
0!
#25640009
0#
b11100 %
1&
b10 (
b10010 .
b11011 -
1!
#25645009
0!
#25650009
1#
b0 %
0&
b110 '
b10110 /
1!
#25655009
0!
#25660009
0#
b11 (
b10011 .
b10010101 -
1!
#25665009
0!
#25670009
1!
#25675009
0!
#25680009
1#
b11111010 %
1&
1!
#25685009
0!
#25690009
b0 %
0&
b100 (
b111 '
b10100 .
b1100100 -
b10111 /
1!
#25695009
0!
#25700009
0#
b101 (
b10101 .
b110100 -
1!
#25705009
0!
#25710009
1#
b11000011 %
1&
1!
#25715009
0!
#25720009
b0 %
0&
b1000 '
b110 (
b11000 /
b10110 .
b11100 -
1!
#25725009
0!
#25730009
b1110011 %
1&
b111 (
b10111 .
b11111010 -
1!
#25735009
0!
#25740009
0#
b0 %
0&
b1001 '
b1000 (
b11001 /
0)
b11000 .
b11000011 -
1!
#25745009
0!
#25750009
1!
#25755009
0!
#25760009
b11011110 %
1&
1!
#25765009
0!
#25770009
1#
b1011110 %
b1010 '
b11010 /
1!
#25775009
0!
#25780009
b0 %
0&
b1011 '
b1001 (
b11011 /
b11001 .
b1110011 -
1!
#25785009
0!
#25790009
0#
b1010 (
b11010 .
b11011110 -
1!
#25795009
0!
#25800009
1!
#25805009
0!
#25810009
1!
#25815009
0!
#25820009
1#
1!
#25825009
0!
#25830009
b1011 (
1)
b11011 .
b1011110 -
1!
#25835009
0!
#25840009
b1101001 %
1&
1!
#25845009
0!
#25850009
b10001 %
b1100 '
0)
b11100 /
1!
#25855009
0!
#25860009
b1010111 %
b1101 '
b1100 (
b11101 /
0)
b11100 .
b1101001 -
1!
#25865009
0!
#25870009
b0 %
0&
b1101 (
b1110 '
b11101 .
b10001 -
b11110 /
1!
#25875009
0!
#25880009
0#
b1110 (
1)
b11110 .
b1010111 -
1!
#25885009
0!
#25890009
1#
1!
#25895009
0!
#25900009
0#
1!
#25905009
0!
#25910009
b1101011 %
1&
1!
#25915009
0!
#25920009
1#
b0 %
0&
b1111 '
0)
b11111 /
1!
#25925009
0!
#25930009
0#
b1101110 %
1&
b1111 (
1)
b11111 .
b1101011 -
1!
#25935009
0!
#25940009
1#
b0 %
0&
b0 '
0)
b0 /
1!
#25945009
0!
#25950009
0#
b100110 %
1&
b0 (
1)
b0 .
b1101110 -
1!
#25955009
0!
#25960009
b1010011 %
b1 '
0)
b1 /
1!
#25965009
0!
#25970009
1#
b11011001 %
b10 '
b10 /
1!
#25975009
0!
#25980009
b10001001 %
b11 '
b1 (
b11 /
b1 .
b100110 -
1!
#25985009
0!
#25990009
b0 %
0&
b10 (
b100 '
b10 .
b1010011 -
b100 /
1!
#25995009
0!
#26000009
0#
b11 (
b11 .
b11011001 -
1!
#26005009
0!
#26010009
1#
b11011110 %
1&
1!
#26015009
0!
#26020009
b0 %
0&
b101 '
b100 (
b101 /
0)
b100 .
b10001001 -
1!
#26025009
0!
#26030009
0#
b101 (
1)
b101 .
b11011110 -
1!
#26035009
0!
#26040009
1#
b10101010 %
1&
1!
#26045009
0!
#26050009
0#
b10001100 %
b110 '
0)
b110 /
1!
#26055009
0!
#26060009
0&
0$
b111 '
b111 /
1!
#26065009
0!
#26070009
1#
b0 %
1$
b0 (
b0 '
b0 -
1)
b0 .
b0 /
1!
#26075009
0!
#26080009
1!
#26085009
0!
#26090009
0#
b11111010 %
1&
1!
#26095009
0!
#26100009
b10010000 %
b1 '
0)
b1 /
1!
#26105009
0!
#26110009
b0 %
0&
b10 '
b10 /
1!
#26115009
0!
#26120009
1#
1!
#26125009
0!
#26130009
0#
b1 (
b1 .
b11111010 -
1!
#26135009
0!
#26140009
1!
#26145009
0!
#26150009
1#
b1001111 %
1&
1!
#26155009
0!
#26160009
0#
b10001000 %
b11 '
b10 (
b11 /
0)
b10 .
b10010000 -
1!
#26165009
0!
#26170009
b0 %
0&
b100 '
b100 /
1!
#26175009
0!
#26180009
b11101010 %
1&
1!
#26185009
0!
#26190009
b0 %
0&
b101 '
b101 /
1!
#26195009
0!
#26200009
1#
b1110101 %
1&
1!
#26205009
0!
#26210009
0#
b0 %
0&
b11 (
b110 '
b11 .
b1001111 -
b110 /
1!
#26215009
0!
#26220009
1#
b101000 %
1&
1!
#26225009
0!
#26230009
b11101 %
b100 (
b111 '
b100 .
b10001000 -
b111 /
1!
#26235009
0!
#26240009
0#
b101 %
b1000 '
b101 (
b1000 /
b101 .
b11101010 -
1!
#26245009
0!
#26250009
b1000101 %
b1001 '
b1001 /
1!
#26255009
0!
#26260009
b0 %
0&
b1010 '
b1010 /
1!
#26265009
0!
#26270009
1#
1!
#26275009
0!
#26280009
0#
b110 (
b110 .
b1110101 -
1!
#26285009
0!
#26290009
1!
#26295009
0!
#26300009
1!
#26305009
0!
#26310009
1!
#26315009
0!
#26320009
1!
#26325009
0!
#26330009
1!
#26335009
0!
#26340009
b10110100 %
1&
1!
#26345009
0!
#26350009
1#
b10111111 %
b1011 '
b1011 /
1!
#26355009
0!
#26360009
0#
b111100 %
b1100 '
b111 (
b1100 /
b111 .
b101000 -
1!
#26365009
0!
#26370009
1#
b1 %
b1101 '
b1101 /
1!
#26375009
0!
#26380009
b0 %
0&
b1110 '
b1000 (
b1110 /
b1000 .
b11101 -
1!
#26385009
0!
#26390009
0#
b1001 (
b1001 .
b101 -
1!
#26395009
0!
#26400009
1#
b11111001 %
1&
1!
#26405009
0!
#26410009
b10011000 %
b1010 (
b1111 '
b1010 .
b1000101 -
b1111 /
1!
#26415009
0!
#26420009
0#
b1011111 %
b0 '
b1011 (
b10000 /
b1011 .
b10110100 -
1!
#26425009
0!
#26430009
1#
b1100101 %
b1 '
b10001 /
1!
#26435009
0!
#26440009
b0 %
0&
b10 '
b1100 (
b10010 /
b1100 .
b10111111 -
1!
#26445009
0!
#26450009
b10000000 %
1&
b1101 (
b1101 .
b111100 -
1!
#26455009
0!
#26460009
b11011011 %
b11 '
b1110 (
b10011 /
b1110 .
b1 -
1!
#26465009
0!
#26470009
b0 %
0&
b1111 (
b100 '
b1111 .
b11111001 -
b10100 /
1!
#26475009
0!
#26480009
b0 (
b10000 .
b10011000 -
1!
#26485009
0!
#26490009
b1 (
b10001 .
b1011111 -
1!
#26495009
0!
#26500009
b10 (
b10010 .
b1100101 -
1!
#26505009
0!
#26510009
b10101001 %
1&
b11 (
b10011 .
b10000000 -
1!
#26515009
0!
#26520009
b11110101 %
b101 '
b100 (
b10101 /
0)
b10100 .
b11011011 -
1!
#26525009
0!
#26530009
b0 %
0&
b101 (
b110 '
b10101 .
b10101001 -
b10110 /
1!
#26535009
0!
#26540009
0#
b1000001 %
1&
b110 (
1)
b10110 .
b11110101 -
1!
#26545009
0!
#26550009
b0 %
0&
b111 '
0)
b10111 /
1!
#26555009
0!
#26560009
1!
#26565009
0!
#26570009
1#
b1010 %
1&
1!
#26575009
0!
#26580009
b1111001 %
b1000 '
b111 (
b11000 /
0)
b10111 .
b1000001 -
1!
#26585009
0!
#26590009
b0 %
0&
b1000 (
b1001 '
b11000 .
b1010 -
b11001 /
1!
#26595009
0!
#26600009
b10010000 %
1&
b1001 (
1)
b11001 .
b1111001 -
1!
#26605009
0!
#26610009
b0 %
0&
b1010 '
0)
b11010 /
1!
#26615009
0!
#26620009
b1010 (
1)
b11010 .
b10010000 -
1!
#26625009
0!
#26630009
0#
1!
#26635009
0!
#26640009
1#
1!
#26645009
0!
#26650009
0#
1!
#26655009
0!
#26660009
b1001100 %
1&
1!
#26665009
0!
#26670009
1#
b1100010 %
b1011 '
0)
b11011 /
1!
#26675009
0!
#26680009
0#
b101110 %
b1100 '
b1011 (
b11100 /
0)
b11011 .
b1001100 -
1!
#26685009
0!
#26690009
b1110110 %
b1101 '
b11101 /
1!
#26695009
0!
#26700009
1#
b11011010 %
b1110 '
b11110 /
1!
#26705009
0!
#26710009
b10001111 %
b1100 (
b1111 '
b11100 .
b1100010 -
b11111 /
1!
#26715009
0!
#26720009
b0 %
0&
b0 '
b1101 (
b0 /
b11101 .
b101110 -
1!
#26725009
0!
#26730009
b10100100 %
1&
b1110 (
b11110 .
b1110110 -
1!
#26735009
0!
#26740009
0#
b110011 %
b1 '
b1111 (
b1 /
b11111 .
b11011010 -
1!
#26745009
0!
#26750009
1#
b10101011 %
b10 '
b10 /
1!
#26755009
0!
#26760009
b1000010 %
b11 '
b0 (
b11 /
b0 .
b10001111 -
1!
#26765009
0!
#26770009
b0 %
0&
b1 (
b100 '
b1 .
b10100100 -
b100 /
1!
#26775009
0!
#26780009
b10 (
b10 .
b110011 -
1!
#26785009
0!
#26790009
b110110 %
1&
b11 (
b11 .
b10101011 -
1!
#26795009
0!
#26800009
b0 %
0&
b101 '
b100 (
b101 /
0)
b100 .
b1000010 -
1!
#26805009
0!
#26810009
0#
b101 (
1)
b101 .
b110110 -
1!
#26815009
0!
#26820009
1!
#26825009
0!
#26830009
1#
1!
#26835009
0!
#26840009
1!
#26845009
0!
#26850009
b10000001 %
1&
1!
#26855009
0!
#26860009
0#
b0 %
0&
b110 '
0)
b110 /
1!
#26865009
0!
#26870009
1#
b111100 %
1&
1!
#26875009
0!
#26880009
b1011 %
b111 '
b110 (
b111 /
0)
b110 .
b10000001 -
1!
#26885009
0!
#26890009
0#
b10010100 %
b111 (
b1000 '
b111 .
b111100 -
b1000 /
1!
#26895009
0!
#26900009
b0 %
0&
b1001 '
b1001 /
1!
#26905009
0!
#26910009
1#
1!
#26915009
0!
#26920009
0#
b1000 (
b1000 .
b1011 -
1!
#26925009
0!
#26930009
1#
1!
#26935009
0!
#26940009
b1011110 %
1&
b1001 (
1)
b1001 .
b10010100 -
1!
#26945009
0!
#26950009
0#
0&
0$
b1010 '
0)
b1010 /
1!
#26955009
0!
#26960009
1#
b0 %
1$
b0 '
b0 (
1)
b0 /
b0 -
b0 .
1!
#26965009
0!
#26970009
0#
1!
#26975009
0!
#26980009
b10010111 %
1&
1!
#26985009
0!
#26990009
1#
b0 %
0&
b1 '
0)
b1 /
1!
#26995009
0!
#27000009
b1001011 %
1&
b1 (
1)
b1 .
b10010111 -
1!
#27005009
0!
#27010009
b11010 %
b10 '
0)
b10 /
1!
#27015009
0!
#27020009
0#
b111011 %
b11 '
b10 (
b11 /
0)
b10 .
b1001011 -
1!
#27025009
0!
#27030009
0&
0$
b100 '
b100 /
1!
#27035009
0!
#27040009
1#
b0 %
1$
b0 '
b0 (
1)
b0 /
b0 -
b0 .
1!
#27045009
0!
#27050009
0#
1!
#27055009
0!
#27060009
b10100110 %
1&
1!
#27065009
0!
#27070009
1#
b0 %
0&
b1 '
0)
b1 /
1!
#27075009
0!
#27080009
b1 (
1)
b1 .
b10100110 -
1!
#27085009
0!
#27090009
0#
b110110 %
1&
1!
#27095009
0!
#27100009
b0 %
0&
b10 '
0)
b10 /
1!
#27105009
0!
#27110009
1!
#27115009
0!
#27120009
1#
b1101000 %
1&
1!
#27125009
0!
#27130009
0#
b0 %
0&
b10 (
b11 '
b10 .
b110110 -
b11 /
1!
#27135009
0!
#27140009
b10111100 %
1&
1!
#27145009
0!
#27150009
1#
b11101011 %
b100 '
b100 /
1!
#27155009
0!
#27160009
b0 %
0&
b101 '
b11 (
b101 /
b11 .
b1101000 -
1!
#27165009
0!
#27170009
0#
b100 (
b100 .
b10111100 -
1!
#27175009
0!
#27180009
1#
b11001001 %
1&
1!
#27185009
0!
#27190009
b11011010 %
b101 (
b110 '
b101 .
b11101011 -
b110 /
1!
#27195009
0!
#27200009
0#
b0 %
0&
b111 '
b110 (
b111 /
0)
b110 .
b11001001 -
1!
#27205009
0!
#27210009
1!
#27215009
0!
#27220009
1#
1!
#27225009
0!
#27230009
0#
b111 (
1)
b111 .
b11011010 -
1!
#27235009
0!
#27240009
1#
b101010 %
1&
1!
#27245009
0!
#27250009
0#
b0 %
0&
b1000 '
0)
b1000 /
1!
#27255009
0!
#27260009
b10101101 %
1&
1!
#27265009
0!
#27270009
1#
b11100011 %
b1001 '
b1001 /
1!
#27275009
0!
#27280009
b1111100 %
b1010 '
b1000 (
b1010 /
b1000 .
b101010 -
1!
#27285009
0!
#27290009
0#
b0 %
0&
b1001 (
b1011 '
b1001 .
b10101101 -
b1011 /
1!
#27295009
0!
#27300009
1#
1!
#27305009
0!
#27310009
0#
b1010 (
b1010 .
b11100011 -
1!
#27315009
0!
#27320009
1#
1!
#27325009
0!
#27330009
0#
b1110011 %
1&
b1011 (
1)
b1011 .
b1111100 -
1!
#27335009
0!
#27340009
b0 %
0&
b1100 '
0)
b1100 /
1!
#27345009
0!
#27350009
1#
1!
#27355009
0!
#27360009
0#
b10010000 %
1&
b1100 (
1)
b1100 .
b1110011 -
1!
#27365009
0!
#27370009
1#
b0 %
0&
b1101 '
0)
b1101 /
1!
#27375009
0!
#27380009
0#
b1101 (
1)
b1101 .
b10010000 -
1!
#27385009
0!
#27390009
b1011100 %
1&
1!
#27395009
0!
#27400009
b10011010 %
b1110 '
0)
b1110 /
1!
#27405009
0!
#27410009
b10001010 %
b1111 '
b1111 /
1!
#27415009
0!
#27420009
b0 %
0&
b0 '
b10000 /
1!
#27425009
0!
#27430009
1#
1!
#27435009
0!
#27440009
0#
0$
b1110 (
b1110 .
b1011100 -
1!
#27445009
0!
#27450009
b10100011 %
1&
1$
b0 (
b0 -
1)
b0 .
b0 /
1!
#27455009
0!
#27460009
b11110100 %
b1 '
0)
b1 /
1!
#27465009
0!
#27470009
1#
b10001110 %
b10 '
b10 /
1!
#27475009
0!
#27480009
b11000101 %
b11 '
b1 (
b11 /
b1 .
b10100011 -
1!
#27485009
0!
#27490009
b11010011 %
b10 (
b100 '
b10 .
b11110100 -
b100 /
1!
#27495009
0!
#27500009
b0 %
0&
b101 '
b11 (
b101 /
b11 .
b10001110 -
1!
#27505009
0!
#27510009
b100 (
b100 .
b11000101 -
1!
#27515009
0!
#27520009
b101 (
1)
b101 .
b11010011 -
1!
#27525009
0!
#27530009
b11010111 %
1&
1!
#27535009
0!
#27540009
0#
b0 %
0&
b110 '
0)
b110 /
1!
#27545009
0!
#27550009
1#
b1101000 %
1&
1!
#27555009
0!
#27560009
0#
b1000100 %
b111 '
b110 (
b111 /
0)
b110 .
b11010111 -
1!
#27565009
0!
#27570009
1#
b1000111 %
b1000 '
b1000 /
1!
#27575009
0!
#27580009
0#
b11010111 %
b1001 '
b111 (
b1001 /
b111 .
b1101000 -
1!
#27585009
0!
#27590009
1#
b0 %
0&
b1010 '
b1010 /
1!
#27595009
0!
#27600009
0#
b1000 (
b1000 .
b1000100 -
1!
#27605009
0!
#27610009
b10111110 %
1&
1!
#27615009
0!
#27620009
b11110100 %
b1011 '
b1011 /
1!
#27625009
0!
#27630009
1#
b0 %
0&
b1100 '
b1100 /
1!
#27635009
0!
#27640009
b11010101 %
1&
b1001 (
b1001 .
b1000111 -
1!
#27645009
0!
#27650009
0#
b10011001 %
b1010 (
b1101 '
b1010 .
b11010111 -
b1101 /
1!
#27655009
0!
#27660009
1#
b0 %
0&
b1110 '
b1110 /
1!
#27665009
0!
#27670009
b11110 %
1&
b1011 (
b1011 .
b10111110 -
1!
#27675009
0!
#27680009
0#
b1010010 %
b1111 '
b1100 (
b1111 /
b1100 .
b11110100 -
1!
#27685009
0!
#27690009
0&
0$
b0 '
b10000 /
1!
#27695009
0!
#27700009
b0 %
1$
0"
b0 (
1)
b0 /
b0 -
b0 .
1!
#27705009
0!
#27710009
1!
#27715009
0!
#27720009
1#
1!
#27725009
0!
#27730009
0#
1!
#27735009
0!
#27740009
1#
b11100 %
1&
1!
#27745009
0!
#27750009
0#
b100111 %
b1 '
0)
b1 /
1!
#27755009
0!
#27760009
1#
b11001111 %
b10 '
b10 /
1!
#27765009
0!
#27770009
0#
b11011001 %
b1 (
b11 '
b1 .
b11100 -
b11 /
1!
#27775009
0!
#27780009
1#
b10101011 %
b100 '
b100 /
1!
#27785009
0!
#27790009
0#
b100001 %
b10 (
b101 '
b10 .
b100111 -
b101 /
1!
#27795009
0!
#27800009
b1100000 %
b110 '
b110 /
1!
#27805009
0!
#27810009
1#
b0 %
0&
b111 '
b111 /
1!
#27815009
0!
#27820009
0#
b11 (
b11 .
b11001111 -
1!
#27825009
0!
#27830009
1#
1!
#27835009
0!
#27840009
b100 (
b100 .
b11011001 -
1!
#27845009
0!
#27850009
b1100011 %
1&
b101 (
b101 .
b10101011 -
1!
#27855009
0!
#27860009
b1000010 %
b1000 '
b110 (
b1000 /
b110 .
b100001 -
1!
#27865009
0!
#27870009
b110011 %
b111 (
b1001 '
b111 .
b1100000 -
b1001 /
1!
#27875009
0!
#27880009
b0 %
0&
b1010 '
b1000 (
b1010 /
b1000 .
b1100011 -
1!
#27885009
0!
#27890009
0#
b10011 %
1&
b1001 (
b1001 .
b1000010 -
1!
#27895009
0!
#27900009
1#
b101111 %
b1011 '
b1011 /
1!
#27905009
0!
#27910009
b1001000 %
b1010 (
b1100 '
b1010 .
b110011 -
b1100 /
1!
#27915009
0!
#27920009
0#
b10101110 %
b1101 '
b1011 (
b1101 /
b1011 .
b10011 -
1!
#27925009
0!
#27930009
1#
b11011100 %
b1110 '
b1110 /
1!
#27935009
0!
#27940009
0#
b0 %
0&
b1111 '
b1100 (
b1111 /
b1100 .
b101111 -
1!
#27945009
0!
#27950009
1!
#27955009
0!
#27960009
1!
#27965009
0!
#27970009
b10011110 %
1&
1!
#27975009
0!
#27980009
b0 %
0&
b0 '
b10000 /
1!
#27985009
0!
#27990009
1#
b10010111 %
1&
1!
#27995009
0!
#28000009
b101101 %
b1 '
b1101 (
b10001 /
b1101 .
b1001000 -
1!
#28005009
0!
#28010009
b0 %
0&
b1110 (
b10 '
b1110 .
b10101110 -
b10010 /
1!
#28015009
0!
#28020009
0#
b1111 (
b1111 .
b11011100 -
1!
#28025009
0!
#28030009
1!
#28035009
0!
#28040009
1#
b10010010 %
1&
1!
#28045009
0!
#28050009
0#
b0 %
0&
b0 (
b11 '
b10000 .
b10011110 -
b10011 /
1!
#28055009
0!
#28060009
b10100000 %
1&
1!
#28065009
0!
#28070009
b0 %
0&
b100 '
b10100 /
1!
#28075009
0!
#28080009
1!
#28085009
0!
#28090009
1!
#28095009
0!
#28100009
1#
1!
#28105009
0!
#28110009
b11001100 %
1&
b1 (
b10001 .
b10010111 -
1!
#28115009
0!
#28120009
0#
b101111 %
b101 '
b10 (
b10101 /
b10010 .
b101101 -
1!
#28125009
0!
#28130009
b11101110 %
b110 '
b10110 /
1!
#28135009
0!
#28140009
1#
b11001011 %
b111 '
b10111 /
1!
#28145009
0!
#28150009
b10100010 %
b11 (
b1000 '
b10011 .
b10010010 -
b11000 /
1!
#28155009
0!
#28160009
b0 %
0&
b1001 '
b100 (
b11001 /
b10100 .
b10100000 -
1!
#28165009
0!
#28170009
b1001111 %
1&
b101 (
b10101 .
b11001100 -
1!
#28175009
0!
#28180009
b10000 %
b1010 '
b110 (
b11010 /
b10110 .
b101111 -
1!
#28185009
0!
#28190009
b0 %
0&
b111 (
b1011 '
b10111 .
b11101110 -
b11011 /
1!
#28195009
0!
#28200009
0#
b1000 (
b11000 .
b11001011 -
1!
#28205009
0!
#28210009
1#
b11011000 %
1&
1!
#28215009
0!
#28220009
b0 %
0&
b1100 '
b1001 (
b11100 /
b11001 .
b10100010 -
1!
#28225009
0!
#28230009
b11100111 %
1&
b1010 (
b11010 .
b1001111 -
1!
#28235009
0!
#28240009
0#
b0 %
0&
b1101 '
b1011 (
b11101 /
b11011 .
b10000 -
1!
#28245009
0!
#28250009
1#
1!
#28255009
0!
#28260009
0#
b1010100 %
1&
b1100 (
b11100 .
b11011000 -
1!
#28265009
0!
#28270009
1#
b0 %
0&
b1110 '
b11110 /
1!
#28275009
0!
#28280009
0#
b1101 (
b11101 .
b11100111 -
1!
#28285009
0!
#28290009
1!
#28295009
0!
#28300009
1!
#28305009
0!
#28310009
1!
#28315009
0!
#28320009
1!
#28325009
0!
#28330009
1!
#28335009
0!
#28340009
0$
1!
#28345009
0!
#28350009
1#
1$
b0 (
b0 '
b0 -
1)
b0 .
b0 /
1!
#28355009
0!
#28360009
0#
1!
#28365009
0!
#28370009
1!
#28375009
0!
#28380009
1!
#28385009
0!
#28390009
1#
1!
#28395009
0!
#28400009
0#
b1010101 %
1&
1!
#28405009
0!
#28410009
1#
b1100001 %
b1 '
0)
b1 /
1!
#28415009
0!
#28420009
b0 %
0&
b10 '
b1 (
b10 /
0)
b1 .
b1010101 -
1!
#28425009
0!
#28430009
0#
b111111 %
1&
b10 (
1)
b10 .
b1100001 -
1!
#28435009
0!
#28440009
1#
b0 %
0&
b11 '
0)
b11 /
1!
#28445009
0!
#28450009
0#
b10101011 %
1&
b11 (
1)
b11 .
b111111 -
1!
#28455009
0!
#28460009
1#
b1011010 %
b100 '
0)
b100 /
1!
#28465009
0!
#28470009
b10010001 %
b100 (
b101 '
b100 .
b10101011 -
b101 /
1!
#28475009
0!
#28480009
b0 %
0&
b110 '
b101 (
b110 /
0)
b101 .
b1011010 -
1!
#28485009
0!
#28490009
0#
b110 (
1)
b110 .
b10010001 -
1!
#28495009
0!
#28500009
1!
#28505009
0!
#28510009
1!
#28515009
0!
#28520009
b110011 %
1&
1!
#28525009
0!
#28530009
b0 %
0&
b111 '
0)
b111 /
1!
#28535009
0!
#28540009
1#
1!
#28545009
0!
#28550009
b111 (
1)
b111 .
b110011 -
1!
#28555009
0!
#28560009
1!
#28565009
0!
#28570009
0#
b11001010 %
1&
1!
#28575009
0!
#28580009
0&
0$
b1000 '
0)
b1000 /
1!
#28585009
0!
#28590009
1#
b10000111 %
1&
1$
b0 (
b0 '
b0 -
1)
b0 .
b0 /
1!
#28595009
0!
#28600009
0#
b0 %
0&
b1 '
0)
b1 /
1!
#28605009
0!
#28610009
b10000 %
1&
1!
#28615009
0!
#28620009
0&
0$
b10 '
b10 /
1!
#28625009
0!
#28630009
b10100010 %
1&
1$
b0 '
1)
b0 /
1!
#28635009
0!
#28640009
b0 %
0&
b1 '
0)
b1 /
1!
#28645009
0!
#28650009
1#
1!
#28655009
0!
#28660009
0#
b1 (
1)
b1 .
b10100010 -
1!
#28665009
0!
#28670009
b1011000 %
1&
1!
#28675009
0!
#28680009
1#
b1110110 %
b10 '
0)
b10 /
1!
#28685009
0!
#28690009
0#
b0 %
0&
b10 (
b11 '
b10 .
b1011000 -
b11 /
1!
#28695009
0!
#28700009
1!
#28705009
0!
#28710009
b10100101 %
1&
1!
#28715009
0!
#28720009
1#
b1001110 %
b100 '
b100 /
1!
#28725009
0!
#28730009
0#
b0 %
0&
b11 (
b101 '
b11 .
b1110110 -
b101 /
1!
#28735009
0!
#28740009
b1000010 %
1&
1!
#28745009
0!
#28750009
b0 %
0&
b110 '
b110 /
1!
#28755009
0!
#28760009
1#
1!
#28765009
0!
#28770009
0#
b100 (
b100 .
b10100101 -
1!
#28775009
0!
#28780009
1#
b11010 %
1&
1!
#28785009
0!
#28790009
0#
b0 %
0&
b101 (
b111 '
b101 .
b1001110 -
b111 /
1!
#28795009
0!
#28800009
1#
1!
#28805009
0!
#28810009
b110 (
b110 .
b1000010 -
1!
#28815009
0!
#28820009
b111 (
1)
b111 .
b11010 -
1!
#28825009
0!
#28830009
0#
b11001000 %
1&
1!
#28835009
0!
#28840009
1#
b0 %
0&
b1000 '
0)
b1000 /
1!
#28845009
0!
#28850009
b1000 (
1)
b1000 .
b11001000 -
1!
#28855009
0!
#28860009
0#
1!
#28865009
0!
#28870009
1#
b1011011 %
1&
1!
#28875009
0!
#28880009
0#
b0 %
0&
b1001 '
0)
b1001 /
1!
#28885009
0!
#28890009
1#
b10 %
1&
1!
#28895009
0!
#28900009
0#
b0 %
0&
b1010 '
b1001 (
b1010 /
0)
b1001 .
b1011011 -
1!
#28905009
0!
#28910009
1#
b1001110 %
1&
1!
#28915009
0!
#28920009
0#
b1111 %
b1011 '
b1010 (
b1011 /
0)
b1010 .
b10 -
1!
#28925009
0!
#28930009
b1000000 %
b1100 '
b1100 /
1!
#28935009
0!
#28940009
b10110010 %
b1101 '
b1101 /
1!
#28945009
0!
#28950009
1#
b0 %
0&
b1110 '
b1110 /
1!
#28955009
0!
#28960009
0#
b1100010 %
1&
b1011 (
b1011 .
b1001110 -
1!
#28965009
0!
#28970009
b10001111 %
b1111 '
b1111 /
1!
#28975009
0!
#28980009
b10011111 %
b0 '
b10000 /
1!
#28985009
0!
#28990009
b11011101 %
b1 '
b10001 /
1!
#28995009
0!
#29000009
b10100011 %
b10 '
b10010 /
1!
#29005009
0!
#29010009
1#
b0 %
0&
b11 '
b10011 /
1!
#29015009
0!
#29020009
0#
b100000 %
1&
b1100 (
b1100 .
b1111 -
1!
#29025009
0!
#29030009
b0 %
0&
b100 '
b10100 /
1!
#29035009
0!
#29040009
b10110100 %
1&
1!
#29045009
0!
#29050009
b11011011 %
b101 '
b10101 /
1!
#29055009
0!
#29060009
1#
b10111110 %
b110 '
b10110 /
1!
#29065009
0!
#29070009
b0 %
0&
b1101 (
b111 '
b1101 .
b1000000 -
b10111 /
1!
#29075009
0!
#29080009
b11101110 %
1&
b1110 (
b1110 .
b10110010 -
1!
#29085009
0!
#29090009
b100001 %
b1111 (
b1000 '
b1111 .
b1100010 -
b11000 /
1!
#29095009
0!
#29100009
0#
b0 %
0&
b1001 '
b0 (
b11001 /
b10000 .
b10001111 -
1!
#29105009
0!
#29110009
b100110 %
1&
1!
#29115009
0!
#29120009
b0 %
0&
b1010 '
b11010 /
1!
#29125009
0!
#29130009
1#
1!
#29135009
0!
#29140009
b10001100 %
1&
b1 (
b10001 .
b10011111 -
1!
#29145009
0!
#29150009
b10100111 %
b10 (
b1011 '
b10010 .
b11011101 -
b11011 /
1!
#29155009
0!
#29160009
b1001 %
b1100 '
b11 (
b11100 /
b10011 .
b10100011 -
1!
#29165009
0!
#29170009
0#
b0 %
0&
b100 (
b1101 '
b10100 .
b100000 -
b11101 /
1!
#29175009
0!
#29180009
b11001110 %
1&
1!
#29185009
0!
#29190009
b0 %
0&
b1110 '
b11110 /
1!
#29195009
0!
#29200009
1#
b11010100 %
1&
1!
#29205009
0!
#29210009
0#
b11001100 %
b101 (
b1111 '
b10101 .
b10110100 -
b11111 /
1!
#29215009
0!
#29220009
1#
b0 %
0&
b0 '
b0 /
1!
#29225009
0!
#29230009
0#
b11111100 %
1&
b110 (
b10110 .
b11011011 -
1!
#29235009
0!
#29240009
1#
b0 %
0&
b1 '
b1 /
1!
#29245009
0!
#29250009
b111 (
b10111 .
b10111110 -
1!
#29255009
0!
#29260009
b10100101 %
1&
b1000 (
b11000 .
b11101110 -
1!
#29265009
0!
#29270009
b0 %
0&
b1001 (
b10 '
b11001 .
b100001 -
b10 /
1!
#29275009
0!
#29280009
0#
b1010 (
b11010 .
b100110 -
1!
#29285009
0!
#29290009
1#
1!
#29295009
0!
#29300009
0#
b10110 %
1&
b1011 (
b11011 .
b10001100 -
1!
#29305009
0!
#29310009
1#
b0 %
0&
b11 '
b11 /
1!
#29315009
0!
#29320009
0#
b1100 (
b11100 .
b10100111 -
1!
#29325009
0!
#29330009
1#
b11101011 %
1&
1!
#29335009
0!
#29340009
b11010011 %
b100 '
b1101 (
b100 /
b11101 .
b1001 -
1!
#29345009
0!
#29350009
0#
b0 %
0&
b1110 (
b101 '
b11110 .
b11001110 -
b101 /
1!
#29355009
0!
#29360009
1#
b10001111 %
1&
1!
#29365009
0!
#29370009
b0 %
0&
b1111 (
b110 '
b11111 .
b11010100 -
b110 /
1!
#29375009
0!
#29380009
b1111100 %
1&
b0 (
b0 .
b11001100 -
1!
#29385009
0!
#29390009
b0 %
0&
b1 (
b111 '
b1 .
b11111100 -
b111 /
1!
#29395009
0!
#29400009
b10 (
b10 .
b10100101 -
1!
#29405009
0!
#29410009
0#
0$
b11 (
b11 .
b10110 -
1!
#29415009
0!
#29420009
1#
1$
b0 '
b0 (
1)
b0 /
b0 -
b0 .
1!
#29425009
0!
#29430009
0#
b10100000 %
1&
1!
#29435009
0!
#29440009
1#
b1001110 %
b1 '
0)
b1 /
1!
#29445009
0!
#29450009
b10111010 %
b1 (
b10 '
b1 .
b10100000 -
b10 /
1!
#29455009
0!
#29460009
0#
b1100111 %
b11 '
b10 (
b11 /
0)
b10 .
b1001110 -
1!
#29465009
0!
#29470009
1#
b1010100 %
b100 '
b100 /
1!
#29475009
0!
#29480009
0#
b0 %
0&
b101 '
b11 (
b101 /
b11 .
b10111010 -
1!
#29485009
0!
#29490009
1#
b111000 %
1&
1!
#29495009
0!
#29500009
b0 %
0&
b110 '
b100 (
b110 /
b100 .
b1100111 -
1!
#29505009
0!
#29510009
b101 (
b101 .
b1010100 -
1!
#29515009
0!
#29520009
b110 (
1)
b110 .
b111000 -
1!
#29525009
0!
#29530009
0#
b10101010 %
1&
1!
#29535009
0!
#29540009
1#
b11000011 %
b111 '
0)
b111 /
1!
#29545009
0!
#29550009
b11001110 %
b111 (
b1000 '
b111 .
b10101010 -
b1000 /
1!
#29555009
0!
#29560009
0#
b11011101 %
b1001 '
b1000 (
b1001 /
0)
b1000 .
b11000011 -
1!
#29565009
0!
#29570009
1#
b111000 %
b1010 '
b1010 /
1!
#29575009
0!
#29580009
b10001000 %
b1011 '
b1001 (
b1011 /
b1001 .
b11001110 -
1!
#29585009
0!
#29590009
b0 %
0&
b1010 (
b1100 '
b1010 .
b11011101 -
b1100 /
1!
#29595009
0!
#29600009
b1011 (
b1011 .
b111000 -
1!
#29605009
0!
#29610009
0#
b10001001 %
1&
b1100 (
1)
b1100 .
b10001000 -
1!
#29615009
0!
#29620009
1#
b10010011 %
b1101 '
0)
b1101 /
1!
#29625009
0!
#29630009
b1011110 %
b1101 (
b1110 '
b1101 .
b10001001 -
b1110 /
1!
#29635009
0!
#29640009
b0 %
0&
b1111 '
b1110 (
b1111 /
0)
b1110 .
b10010011 -
1!
#29645009
0!
#29650009
b1111 (
1)
b1111 .
b1011110 -
1!
#29655009
0!
#29660009
b11101001 %
1&
1!
#29665009
0!
#29670009
b10101011 %
b0 '
0)
b10000 /
1!
#29675009
0!
#29680009
0#
b0 %
0&
b1 '
b0 (
b10001 /
0)
b10000 .
b11101001 -
1!
#29685009
0!
#29690009
1#
1!
#29695009
0!
#29700009
b1111110 %
1&
b1 (
1)
b10001 .
b10101011 -
1!
#29705009
0!
#29710009
b10010100 %
b10 '
0)
b10010 /
1!
#29715009
0!
#29720009
b0 %
0&
b11 '
b10 (
b10011 /
0)
b10010 .
b1111110 -
1!
#29725009
0!
#29730009
b10101011 %
1&
b11 (
1)
b10011 .
b10010100 -
1!
#29735009
0!
#29740009
0#
b0 %
0&
b100 '
0)
b10100 /
1!
#29745009
0!
#29750009
1#
b110 %
1&
1!
#29755009
0!
#29760009
b11110111 %
b101 '
b100 (
b10101 /
0)
b10100 .
b10101011 -
1!
#29765009
0!
#29770009
0#
b0 %
0&
b101 (
b110 '
b10101 .
b110 -
b10110 /
1!
#29775009
0!
#29780009
1!
#29785009
0!
#29790009
1#
b1111101 %
1&
1!
#29795009
0!
#29800009
b0 %
0&
b111 '
b110 (
b10111 /
0)
b10110 .
b11110111 -
1!
#29805009
0!
#29810009
0#
b11000001 %
1&
b111 (
1)
b10111 .
b1111101 -
1!
#29815009
0!
#29820009
b0 %
0&
b1000 '
0)
b11000 /
1!
#29825009
0!
#29830009
1#
1!
#29835009
0!
#29840009
b1000 (
1)
b11000 .
b11000001 -
1!
#29845009
0!
#29850009
1!
#29855009
0!
#29860009
1!
#29865009
0!
#29870009
1!
#29875009
0!
#29880009
b10110001 %
1&
1!
#29885009
0!
#29890009
b0 %
0&
b1001 '
0)
b11001 /
1!
#29895009
0!
#29900009
b10010100 %
1&
b1001 (
1)
b11001 .
b10110001 -
1!
#29905009
0!
#29910009
b0 %
0&
b1010 '
0)
b11010 /
1!
#29915009
0!
#29920009
b1010 (
1)
b11010 .
b10010100 -
1!
#29925009
0!
#29930009
0#
b11011 %
1&
1!
#29935009
0!
#29940009
1#
b0 %
b1011 '
0)
b11011 /
1!
#29945009
0!
#29950009
0#
b1001111 %
b1011 (
b1100 '
b11011 .
b11011 -
b11100 /
1!
#29955009
0!
#29960009
1#
b0 %
0&
b1101 '
b11101 /
1!
#29965009
0!
#29970009
0#
b10010100 %
1&
b1100 (
b11100 .
b0 -
1!
#29975009
0!
#29980009
1#
b11000101 %
b1110 '
b11110 /
1!
#29985009
0!
#29990009
b0 %
0&
b1101 (
b1111 '
b11101 .
b1001111 -
b11111 /
1!
#29995009
0!
#30000009
b11011111 %
1&
b1110 (
b11110 .
b10010100 -
1!
#30005009
0!
#30010009
0#
b1100110 %
b1111 (
b0 '
b11111 .
b11000101 -
b0 /
1!
#30015009
0!
#30020009
1#
b10011100 %
b1 '
b1 /
1!
#30025009
0!
#30030009
0#
b0 %
0&
b0 (
b10 '
b0 .
b11011111 -
b10 /
1!
#30035009
0!
#30040009
b11011111 %
1&
1!
#30045009
0!
#30050009
b0 %
0&
b11 '
b11 /
1!
#30055009
0!
#30060009
1#
1!
#30065009
0!
#30070009
0#
b11101100 %
1&
b1 (
b1 .
b1100110 -
1!
#30075009
0!
#30080009
b0 %
0&
b100 '
b100 /
1!
#30085009
0!
#30090009
1!
#30095009
0!
#30100009
b1000001 %
1&
1!
#30105009
0!
#30110009
b0 %
0&
b101 '
b101 /
1!
#30115009
0!
#30120009
1#
1!
#30125009
0!
#30130009
0#
b11101011 %
1&
b10 (
b10 .
b10011100 -
1!
#30135009
0!
#30140009
1#
b110110 %
b110 '
b110 /
1!
#30145009
0!
#30150009
b11110110 %
b11 (
b111 '
b11 .
b11011111 -
b111 /
1!
#30155009
0!
#30160009
b0 %
0&
b1000 '
b100 (
b1000 /
b100 .
b11101100 -
1!
#30165009
0!
#30170009
0#
b101 (
b101 .
b1000001 -
1!
#30175009
0!
#30180009
1!
#30185009
0!
#30190009
b1001111 %
1&
1!
#30195009
0!
#30200009
b11 %
b1001 '
b1001 /
1!
#30205009
0!
#30210009
1#
b0 %
0&
b1010 '
b1010 /
1!
#30215009
0!
#30220009
0#
b110001 %
1&
b110 (
b110 .
b11101011 -
1!
#30225009
0!
#30230009
1#
b11100011 %
b1011 '
b1011 /
1!
#30235009
0!
#30240009
b0 %
0&
b1100 '
b111 (
b1100 /
b111 .
b110110 -
1!
#30245009
0!
#30250009
b10000101 %
1&
b1000 (
b1000 .
b11110110 -
1!
#30255009
0!
#30260009
0#
b0 %
0&
b1101 '
b1001 (
b1101 /
b1001 .
b1001111 -
1!
#30265009
0!
#30270009
b1011110 %
1&
1!
#30275009
0!
#30280009
1#
b0 %
0&
b1110 '
b1110 /
1!
#30285009
0!
#30290009
b1010 (
b1010 .
b11 -
1!
#30295009
0!
#30300009
b11111100 %
1&
b1011 (
b1011 .
b110001 -
1!
#30305009
0!
#30310009
b110110 %
b1100 (
b1111 '
b1100 .
b11100011 -
b1111 /
1!
#30315009
0!
#30320009
b0 %
0&
b0 '
b1101 (
b10000 /
b1101 .
b10000101 -
1!
#30325009
0!
#30330009
b10011011 %
1&
b1110 (
b1110 .
b1011110 -
1!
#30335009
0!
#30340009
0#
b0 %
0&
b1 '
b1111 (
b10001 /
b1111 .
b11111100 -
1!
#30345009
0!
#30350009
1#
1!
#30355009
0!
#30360009
b0 (
b10000 .
b110110 -
1!
#30365009
0!
#30370009
0#
0$
b1 (
1)
b10001 .
b10011011 -
1!
#30375009
0!
#30380009
1$
b0 '
b0 (
b0 /
b0 -
1)
b0 .
1!
#30385009
0!
#30390009
1!
#30395009
0!
#30400009
1#
b10101101 %
1&
1!
#30405009
0!
#30410009
b0 %
0&
b1 '
0)
b1 /
1!
#30415009
0!
#30420009
0#
b1 (
1)
b1 .
b10101101 -
1!
#30425009
0!
#30430009
1#
1!
#30435009
0!
#30440009
1!
#30445009
0!
#30450009
0#
1!
#30455009
0!
#30460009
1!
#30465009
0!
#30470009
1!
#30475009
0!
#30480009
b1110110 %
1&
1!
#30485009
0!
#30490009
b11110011 %
b10 '
0)
b10 /
1!
#30495009
0!
#30500009
b1111001 %
b11 '
b11 /
1!
#30505009
0!
#30510009
b0 %
0&
b100 '
b100 /
1!
#30515009
0!
#30520009
1!
#30525009
0!
#30530009
1#
b100101 %
1&
1!
#30535009
0!
#30540009
0#
b1111 %
b101 '
b10 (
b101 /
b10 .
b1110110 -
1!
#30545009
0!
#30550009
b11000001 %
b110 '
b110 /
1!
#30555009
0!
#30560009
b0 %
0&
b111 '
b111 /
1!
#30565009
0!
#30570009
b1110011 %
1&
1!
#30575009
0!
#30580009
b1100010 %
b1000 '
b1000 /
1!
#30585009
0!
#30590009
b110001 %
b1001 '
b1001 /
1!
#30595009
0!
#30600009
b0 %
0&
b1010 '
b1010 /
1!
#30605009
0!
#30610009
b100100 %
1&
1!
#30615009
0!
#30620009
b0 %
0&
b1011 '
b1011 /
1!
#30625009
0!
#30630009
1#
1!
#30635009
0!
#30640009
0#
b11 (
b11 .
b11110011 -
1!
#30645009
0!
#30650009
1!
#30655009
0!
#30660009
b100100 %
1&
1!
#30665009
0!
#30670009
b110011 %
b1100 '
b1100 /
1!
#30675009
0!
#30680009
b10101001 %
b1101 '
b1101 /
1!
#30685009
0!
#30690009
1#
b0 %
0&
b1110 '
b1110 /
1!
#30695009
0!
#30700009
b1010000 %
1&
b100 (
b100 .
b1111001 -
1!
#30705009
0!
#30710009
0#
b10011111 %
b101 (
b1111 '
b101 .
b100101 -
b1111 /
1!
#30715009
0!
#30720009
b111000 %
b0 '
b10000 /
1!
#30725009
0!
#30730009
b0 %
0&
b1 '
b10001 /
1!
#30735009
0!
#30740009
1#
b1100110 %
1&
1!
#30745009
0!
#30750009
b0 %
0&
b110 (
b10 '
b110 .
b1111 -
b10010 /
1!
#30755009
0!
#30760009
0#
b111 (
b111 .
b11000001 -
1!
#30765009
0!
#30770009
1#
1!
#30775009
0!
#30780009
0#
b1000 (
b1000 .
b1110011 -
1!
#30785009
0!
#30790009
1#
1!
#30795009
0!
#30800009
0#
b1001 (
b1001 .
b1100010 -
1!
#30805009
0!
#30810009
b1000010 %
1&
1!
#30815009
0!
#30820009
1#
b1110011 %
b11 '
b10011 /
1!
#30825009
0!
#30830009
b1110100 %
b1010 (
b100 '
b1010 .
b110001 -
b10100 /
1!
#30835009
0!
#30840009
0#
b1100100 %
b101 '
b1011 (
b10101 /
b1011 .
b100100 -
1!
#30845009
0!
#30850009
b0 %
0&
b110 '
b10110 /
1!
#30855009
0!
#30860009
1#
1!
#30865009
0!
#30870009
b1100 (
b1100 .
1!
#30875009
0!
#30880009
b10111100 %
1&
b1101 (
b1101 .
b110011 -
1!
#30885009
0!
#30890009
0#
b1111001 %
b1110 (
b111 '
b1110 .
b10101001 -
b10111 /
1!
#30895009
0!
#30900009
1#
b0 %
0&
b1000 '
b11000 /
1!
#30905009
0!
#30910009
0#
b1111 (
b1111 .
b1010000 -
1!
#30915009
0!
#30920009
1#
1!
#30925009
0!
#30930009
b0 (
b10000 .
b10011111 -
1!
#30935009
0!
#30940009
b10110011 %
1&
b1 (
b10001 .
b111000 -
1!
#30945009
0!
#30950009
0#
b0 %
0&
b10 (
b1001 '
b10010 .
b1100110 -
b11001 /
1!
#30955009
0!
#30960009
b100111 %
1&
1!
#30965009
0!
#30970009
1#
b0 %
0&
b1010 '
b11010 /
1!
#30975009
0!
#30980009
0#
b11 (
b10011 .
b1000010 -
1!
#30985009
0!
#30990009
1#
b10111011 %
1&
1!
#30995009
0!
#31000009
0#
b10001000 %
b1011 '
b100 (
b11011 /
b10100 .
b1110011 -
1!
#31005009
0!
#31010009
1#
b0 %
0&
b1100 '
b11100 /
1!
#31015009
0!
#31020009
0#
b11111000 %
1&
b101 (
b10101 .
b1110100 -
1!
#31025009
0!
#31030009
1#
b1110110 %
b1101 '
b11101 /
1!
#31035009
0!
#31040009
b0 %
0&
b1110 '
b110 (
b11110 /
b10110 .
b1100100 -
1!
#31045009
0!
#31050009
b111 (
b10111 .
b10111100 -
1!
#31055009
0!
#31060009
0#
b111010 %
1&
b1000 (
b11000 .
b1111001 -
1!
#31065009
0!
#31070009
1#
b0 %
0&
b1111 '
b11111 /
1!
#31075009
0!
#31080009
0#
b11110 %
1&
b1001 (
b11001 .
b10110011 -
1!
#31085009
0!
#31090009
1#
b0 %
0&
b0 '
b0 /
1!
#31095009
0!
#31100009
b1101001 %
1&
b1010 (
b11010 .
b100111 -
1!
#31105009
0!
#31110009
0#
b0 %
0&
b1011 (
b1 '
b11011 .
b10111011 -
b1 /
1!
#31115009
0!
#31120009
b1101 %
1&
1!
#31125009
0!
#31130009
1#
b0 %
0&
b10 '
b10 /
1!
#31135009
0!
#31140009
0#
b1101110 %
1&
b1100 (
b11100 .
b10001000 -
1!
#31145009
0!
#31150009
b11011110 %
b11 '
b11 /
1!
#31155009
0!
#31160009
b0 %
0&
b100 '
b100 /
1!
#31165009
0!
#31170009
1!
#31175009
0!
#31180009
1#
1!
#31185009
0!
#31190009
b1101 (
b11101 .
b11111000 -
1!
#31195009
0!
#31200009
b1110 (
b11110 .
b1110110 -
1!
#31205009
0!
#31210009
0#
b1111001 %
1&
b1111 (
b11111 .
b111010 -
1!
#31215009
0!
#31220009
b10001100 %
b101 '
b101 /
1!
#31225009
0!
#31230009
b10101100 %
b110 '
b110 /
1!
#31235009
0!
#31240009
1#
b10001001 %
b111 '
b111 /
1!
#31245009
0!
#31250009
0#
b0 %
0&
b0 (
b1000 '
b0 .
b11110 -
b1000 /
1!
#31255009
0!
#31260009
b10100100 %
1&
1!
#31265009
0!
#31270009
1#
b0 %
0&
b1001 '
b1001 /
1!
#31275009
0!
#31280009
0#
0$
b1 (
b1 .
b1101001 -
1!
#31285009
0!
#31290009
0$
b0 (
b0 '
b0 -
1)
b0 .
b0 /
1!
#31295009
0!
#31300009
b1101111 %
1&
1$
1!
#31305009
0!
#31310009
1#
b0 %
0&
b1 '
0)
b1 /
1!
#31315009
0!
#31320009
0#
b1 (
1)
b1 .
b1101111 -
1!
#31325009
0!
#31330009
b10000100 %
1&
1!
#31335009
0!
#31340009
b1001011 %
b10 '
0)
b10 /
1!
#31345009
0!
#31350009
1#
b0 %
0&
b11 '
b11 /
1!
#31355009
0!
#31360009
0#
b11100001 %
1&
b10 (
b10 .
b10000100 -
1!
#31365009
0!
#31370009
b11111 %
b100 '
b100 /
1!
#31375009
0!
#31380009
b0 %
0&
b101 '
b101 /
1!
#31385009
0!
#31390009
0$
1!
#31395009
0!
#31400009
1$
b0 '
b0 (
1)
b0 /
b0 -
b0 .
1!
#31405009
0!
#31410009
1#
b11100011 %
1&
1!
#31415009
0!
#31420009
b10111110 %
b1 '
0)
b1 /
1!
#31425009
0!
#31430009
b0 %
0&
b1 (
b10 '
b1 .
b11100011 -
b10 /
1!
#31435009
0!
#31440009
b10111000 %
1&
b10 (
1)
b10 .
b10111110 -
1!
#31445009
0!
#31450009
0#
b11110000 %
b11 '
0)
b11 /
1!
#31455009
0!
#31460009
1#
b10111100 %
b100 '
b100 /
1!
#31465009
0!
#31470009
0#
b0 %
0&
b11 (
b101 '
b11 .
b10111000 -
b101 /
1!
#31475009
0!
#31480009
1!
#31485009
0!
#31490009
1!
#31495009
0!
#31500009
1#
b10000 %
1&
1!
#31505009
0!
#31510009
0#
b101000 %
b100 (
b110 '
b100 .
b11110000 -
b110 /
1!
#31515009
0!
#31520009
b0 %
0&
b111 '
b111 /
1!
#31525009
0!
#31530009
1!
#31535009
0!
#31540009
1#
1!
#31545009
0!
#31550009
0#
b101 (
b101 .
b10111100 -
1!
#31555009
0!
#31560009
1#
1!
#31565009
0!
#31570009
0#
b110 (
b110 .
b10000 -
1!
#31575009
0!
#31580009
1!
#31585009
0!
#31590009
b1111011 %
1&
1!
#31595009
0!
#31600009
1#
b0 %
0&
b1000 '
b1000 /
1!
#31605009
0!
#31610009
b111 (
b111 .
b101000 -
1!
#31615009
0!
#31620009
b11010110 %
1&
b1000 (
1)
b1000 .
b1111011 -
1!
#31625009
0!
#31630009
0#
b0 %
0&
b1001 '
0)
b1001 /
1!
#31635009
0!
#31640009
b1000110 %
1&
1!
#31645009
0!
#31650009
1#
b0 %
0&
b1010 '
b1010 /
1!
#31655009
0!
#31660009
0#
b1001011 %
1&
b1001 (
b1001 .
b11010110 -
1!
#31665009
0!
#31670009
b0 %
0&
b1011 '
b1011 /
1!
#31675009
0!
#31680009
1#
1!
#31685009
0!
#31690009
0#
b11110000 %
1&
b1010 (
b1010 .
b1000110 -
1!
#31695009
0!
#31700009
1#
b11011100 %
b1100 '
b1100 /
1!
#31705009
0!
#31710009
b11000110 %
b1011 (
b1101 '
b1011 .
b1001011 -
b1101 /
1!
#31715009
0!
#31720009
b1111011 %
b1110 '
b1100 (
b1110 /
b1100 .
b11110000 -
1!
#31725009
0!
#31730009
0#
b10101100 %
b1101 (
b1111 '
b1101 .
b11011100 -
b1111 /
1!
#31735009
0!
#31740009
b0 %
0&
b0 '
b10000 /
1!
#31745009
0!
#31750009
1#
1!
#31755009
0!
#31760009
b11011111 %
1&
b1110 (
b1110 .
b11000110 -
1!
#31765009
0!
#31770009
b1011101 %
b1111 (
b1 '
b1111 .
b1111011 -
b10001 /
1!
#31775009
0!
#31780009
0#
b0 %
0&
b10 '
b0 (
b10010 /
b10000 .
b10101100 -
1!
#31785009
0!
#31790009
1#
b10111101 %
1&
1!
#31795009
0!
#31800009
b1011010 %
b11 '
b1 (
b10011 /
b10001 .
b11011111 -
1!
#31805009
0!
#31810009
0#
b0 %
0&
b10 (
b100 '
b10010 .
b1011101 -
b10100 /
1!
#31815009
0!
#31820009
1#
b11011010 %
1&
1!
#31825009
0!
#31830009
0#
b1001001 %
b11 (
b101 '
b10011 .
b10111101 -
b10101 /
1!
#31835009
0!
#31840009
b0 %
0&
b110 '
b10110 /
1!
#31845009
0!
#31850009
1#
b10100000 %
1&
1!
#31855009
0!
#31860009
b10001100 %
b111 '
b100 (
b10111 /
b10100 .
b1011010 -
1!
#31865009
0!
#31870009
b10000100 %
b101 (
b1000 '
b10101 .
b11011010 -
b11000 /
1!
#31875009
0!
#31880009
0#
b0 %
0&
b1001 '
b110 (
b11001 /
b10110 .
b1001001 -
1!
#31885009
0!
#31890009
1#
b1010110 %
1&
1!
#31895009
0!
#31900009
0#
b0 %
0&
b1010 '
b111 (
b11010 /
b10111 .
b10100000 -
1!
#31905009
0!
#31910009
1#
1!
#31915009
0!
#31920009
b11011010 %
1&
b1000 (
b11000 .
b10001100 -
1!
#31925009
0!
#31930009
0#
b0 %
0&
b1001 (
b1011 '
b11001 .
b10000100 -
b11011 /
1!
#31935009
0!
#31940009
b111101 %
1&
1!
#31945009
0!
#31950009
1#
b1000110 %
b1100 '
b11100 /
1!
#31955009
0!
#31960009
b0 %
0&
b1101 '
b1010 (
b11101 /
b11010 .
b1010110 -
1!
#31965009
0!
#31970009
0#
b100110 %
1&
b1011 (
b11011 .
b11011010 -
1!
#31975009
0!
#31980009
1#
b0 %
0&
b1110 '
b11110 /
1!
#31985009
0!
#31990009
0#
b1100 (
b11100 .
b111101 -
1!
#31995009
0!
#32000009
b11011101 %
1&
1!
#32005009
0!
#32010009
b0 %
0&
b1111 '
b11111 /
1!
#32015009
0!
#32020009
1!
#32025009
0!
#32030009
1!
#32035009
0!
#32040009
1!
#32045009
0!
#32050009
1#
b11111000 %
1&
1!
#32055009
0!
#32060009
b0 %
0&
b0 '
b1101 (
b0 /
b11101 .
b1000110 -
1!
#32065009
0!
#32070009
0#
b1110 (
b11110 .
b100110 -
1!
#32075009
0!
#32080009
1#
1!
#32085009
0!
#32090009
b1111 (
b11111 .
b11011101 -
1!
#32095009
0!
#32100009
b11000010 %
1&
b0 (
1)
b0 .
b11111000 -
1!
#32105009
0!
#32110009
b1011100 %
b1 '
0)
b1 /
1!
#32115009
0!
#32120009
0#
b0 %
0&
b10 '
b1 (
b10 /
0)
b1 .
b11000010 -
1!
#32125009
0!
#32130009
b10110110 %
1&
1!
#32135009
0!
#32140009
1#
b10010011 %
b11 '
b11 /
1!
#32145009
0!
#32150009
b11011001 %
b10 (
b100 '
b10 .
b1011100 -
b100 /
1!
#32155009
0!
#32160009
b111010 %
b101 '
b11 (
b101 /
b11 .
b10110110 -
1!
#32165009
0!
#32170009
b11110111 %
b100 (
b110 '
b100 .
b10010011 -
b110 /
1!
#32175009
0!
#32180009
0#
b0 %
0&
b111 '
b101 (
b111 /
b101 .
b11011001 -
1!
#32185009
0!
#32190009
1#
b1101110 %
1&
1!
#32195009
0!
#32200009
b0 %
0&
b1000 '
b110 (
b1000 /
b110 .
b111010 -
1!
#32205009
0!
#32210009
b11001000 %
1&
b111 (
b111 .
b11110111 -
1!
#32215009
0!
#32220009
b11011 %
b1001 '
b1000 (
b1001 /
0)
b1000 .
b1101110 -
1!
#32225009
0!
#32230009
b0 %
0&
b1001 (
b1010 '
b1001 .
b11001000 -
b1010 /
1!
#32235009
0!
#32240009
b1010101 %
1&
b1010 (
1)
b1010 .
b11011 -
1!
#32245009
0!
#32250009
b0 %
0&
b1011 '
0)
b1011 /
1!
#32255009
0!
#32260009
b1011 (
1)
b1011 .
b1010101 -
1!
#32265009
0!
#32270009
1!
#32275009
0!
#32280009
1!
#32285009
0!
#32290009
1!
#32295009
0!
#32300009
0#
b1010000 %
1&
1!
#32305009
0!
#32310009
b10010100 %
b1100 '
0)
b1100 /
1!
#32315009
0!
#32320009
1#
b0 %
0&
b1101 '
b1101 /
1!
#32325009
0!
#32330009
0#
b1100 (
b1100 .
b1010000 -
1!
#32335009
0!
#32340009
b110100 %
1&
1!
#32345009
0!
#32350009
1#
b0 %
0&
b1110 '
b1110 /
1!
#32355009
0!
#32360009
0#
b1111110 %
1&
b1101 (
b1101 .
b10010100 -
1!
#32365009
0!
#32370009
b0 %
0&
b1111 '
b1111 /
1!
#32375009
0!
#32380009
b10001010 %
1&
1!
#32385009
0!
#32390009
b11010100 %
b0 '
b10000 /
1!
#32395009
0!
#32400009
b0 %
0&
b1 '
b10001 /
1!
#32405009
0!
#32410009
b11001000 %
1&
1!
#32415009
0!
#32420009
1#
b0 %
0&
b10 '
b10010 /
1!
#32425009
0!
#32430009
b1110 (
b1110 .
b110100 -
1!
#32435009
0!
#32440009
b11110001 %
1&
b1111 (
b1111 .
b1111110 -
1!
#32445009
0!
#32450009
b11010000 %
b0 (
b11 '
b10000 .
b10001010 -
b10011 /
1!
#32455009
0!
#32460009
0#
b1111101 %
b100 '
b1 (
b10100 /
b10001 .
b11010100 -
1!
#32465009
0!
#32470009
b0 %
0&
b101 '
b10101 /
1!
#32475009
0!
#32480009
1!
#32485009
0!
#32490009
1#
1!
#32495009
0!
#32500009
b110111 %
1&
b10 (
b10010 .
b11001000 -
1!
#32505009
0!
#32510009
0#
b101010 %
b11 (
b110 '
b10011 .
b11110001 -
b10110 /
1!
#32515009
0!
#32520009
b11111010 %
b111 '
b10111 /
1!
#32525009
0!
#32530009
1#
b11110010 %
b1000 '
b11000 /
1!
#32535009
0!
#32540009
0#
b0 %
0&
b1001 '
b100 (
b11001 /
b10100 .
b11010000 -
1!
#32545009
0!
#32550009
1#
b10101100 %
1&
1!
#32555009
0!
#32560009
0#
b11010000 %
b1010 '
b101 (
b11010 /
b10101 .
b1111101 -
1!
#32565009
0!
#32570009
1#
b11111010 %
b1011 '
b11011 /
1!
#32575009
0!
#32580009
0#
b10100100 %
b1100 '
b110 (
b11100 /
b10110 .
b110111 -
1!
#32585009
0!
#32590009
b101001 %
b1101 '
b11101 /
1!
#32595009
0!
#32600009
1#
b1000001 %
b1110 '
b11110 /
1!
#32605009
0!
#32610009
0#
b1010101 %
b111 (
b1111 '
b10111 .
b101010 -
b11111 /
1!
#32615009
0!
#32620009
1#
b0 %
0&
b0 '
b0 /
1!
#32625009
0!
#32630009
0#
b11111001 %
1&
b1000 (
b11000 .
b11111010 -
1!
#32635009
0!
#32640009
1#
b0 %
0&
b1 '
b1 /
1!
#32645009
0!
#32650009
0#
0$
b1001 (
b11001 .
b11110010 -
1!
#32655009
0!
#32660009
1$
b0 '
b0 (
1)
b0 /
b0 -
b0 .
1!
#32665009
0!
#32670009
1#
b10111110 %
1&
1!
#32675009
0!
#32680009
b1101000 %
b1 '
0)
b1 /
1!
#32685009
0!
#32690009
b0 %
0&
b1 (
b10 '
b1 .
b10111110 -
b10 /
1!
#32695009
0!
#32700009
b10101001 %
1&
b10 (
1)
b10 .
b1101000 -
1!
#32705009
0!
#32710009
0#
b0 %
0&
b11 '
0)
b11 /
1!
#32715009
0!
#32720009
1!
#32725009
0!
#32730009
0$
1!
#32735009
0!
#32740009
1#
b10 %
1&
1$
b0 '
b0 (
1)
b0 /
b0 -
b0 .
1!
#32745009
0!
#32750009
0#
b11101010 %
b1 '
0)
b1 /
1!
#32755009
0!
#32760009
1#
b1010000 %
b10 '
b10 /
1!
#32765009
0!
#32770009
0#
b0 %
0&
b1 (
b11 '
b1 .
b10 -
b11 /
1!
#32775009
0!
#32780009
1#
b10010001 %
1&
1!
#32785009
0!
#32790009
0#
b0 %
0&
b10 (
b100 '
b10 .
b11101010 -
b100 /
1!
#32795009
0!
#32800009
1#
1!
#32805009
0!
#32810009
0#
b11 (
b11 .
b1010000 -
1!
#32815009
0!
#32820009
b10001111 %
1&
1!
#32825009
0!
#32830009
1#
b0 %
0&
b101 '
b101 /
1!
#32835009
0!
#32840009
b100 (
b100 .
b10010001 -
1!
#32845009
0!
#32850009
0#
b101 (
1)
b101 .
b10001111 -
1!
#32855009
0!
#32860009
1!
#32865009
0!
#32870009
1#
b1110110 %
1&
1!
#32875009
0!
#32880009
0#
b1001011 %
b110 '
0)
b110 /
1!
#32885009
0!
#32890009
1#
b100111 %
b111 '
b111 /
1!
#32895009
0!
#32900009
0#
b11100001 %
b1000 '
b110 (
b1000 /
b110 .
b1110110 -
1!
#32905009
0!
#32910009
1#
b111100 %
b1001 '
b1001 /
1!
#32915009
0!
#32920009
0#
b11110010 %
b1010 '
b111 (
b1010 /
b111 .
b1001011 -
1!
#32925009
0!
#32930009
1#
b0 %
0&
b1011 '
b1011 /
1!
#32935009
0!
#32940009
b1000 (
b1000 .
b100111 -
1!
#32945009
0!
#32950009
b1001 (
b1001 .
b11100001 -
1!
#32955009
0!
#32960009
b10000000 %
1&
b1010 (
b1010 .
b111100 -
1!
#32965009
0!
#32970009
b0 %
0&
b1011 (
b1100 '
b1011 .
b11110010 -
b1100 /
1!
#32975009
0!
#32980009
b11101110 %
1&
b1100 (
1)
b1100 .
b10000000 -
1!
#32985009
0!
#32990009
b1100001 %
b1101 '
0)
b1101 /
1!
#32995009
0!
#33000009
0#
b101 %
b1110 '
b1101 (
b1110 /
0)
b1101 .
b11101110 -
1!
#33005009
0!
#33010009
1#
b10011110 %
b1111 '
b1111 /
1!
#33015009
0!
#33020009
0#
b0 %
0&
b0 '
b1110 (
b10000 /
b1110 .
b1100001 -
1!
#33025009
0!
#33030009
1#
b10001100 %
1&
1!
#33035009
0!
#33040009
0#
b10000001 %
b1 '
b1111 (
b10001 /
b1111 .
b101 -
1!
#33045009
0!
#33050009
b1111 %
b10 '
b10010 /
1!
#33055009
0!
#33060009
b0 %
0&
b11 '
b10011 /
1!
#33065009
0!
#33070009
1#
b110101 %
1&
1!
#33075009
0!
#33080009
0#
b1001110 %
b100 '
b0 (
b10100 /
b10000 .
b10011110 -
1!
#33085009
0!
#33090009
b101010 %
b101 '
b10101 /
1!
#33095009
0!
#33100009
1#
b0 %
0&
b110 '
b10110 /
1!
#33105009
0!
#33110009
b10001110 %
1&
b1 (
b10001 .
b10001100 -
1!
#33115009
0!
#33120009
0#
b1000 %
b111 '
b10 (
b10111 /
b10010 .
b10000001 -
1!
#33125009
0!
#33130009
b0 %
0&
b1000 '
b11000 /
1!
#33135009
0!
#33140009
b10111011 %
1&
1!
#33145009
0!
#33150009
1#
b0 %
0&
b1001 '
b11001 /
1!
#33155009
0!
#33160009
b11 (
b10011 .
b1111 -
1!
#33165009
0!
#33170009
0#
b100 (
b10100 .
b110101 -
1!
#33175009
0!
#33180009
1#
b1100101 %
1&
1!
#33185009
0!
#33190009
0#
b1 %
b101 (
b1010 '
b10101 .
b1001110 -
b11010 /
1!
#33195009
0!
#33200009
1#
b0 %
0&
b1011 '
b11011 /
1!
#33205009
0!
#33210009
b110 (
b10110 .
b101010 -
1!
#33215009
0!
#33220009
0#
b1011101 %
1&
b111 (
b10111 .
b10001110 -
1!
#33225009
0!
#33230009
b1010 %
b1100 '
b11100 /
1!
#33235009
0!
#33240009
1#
b0 %
0&
b1101 '
b11101 /
1!
#33245009
0!
#33250009
0#
b1111110 %
1&
b1000 (
b11000 .
b1000 -
1!
#33255009
0!
#33260009
b0 %
0&
b1110 '
b11110 /
1!
#33265009
0!
#33270009
1!
#33275009
0!
#33280009
1#
b10001110 %
1&
1!
#33285009
0!
#33290009
b1100000 %
b1001 (
b1111 '
b11001 .
b10111011 -
b11111 /
1!
#33295009
0!
#33300009
0#
b10000100 %
b0 '
b1010 (
b0 /
b11010 .
b1100101 -
1!
#33305009
0!
#33310009
1#
b10111010 %
b1 '
b1 /
1!
#33315009
0!
#33320009
b0 %
0&
b10 '
b1011 (
b10 /
b11011 .
b1 -
1!
#33325009
0!
#33330009
b1100 (
b11100 .
b1011101 -
1!
#33335009
0!
#33340009
0#
b1101011 %
1&
b1101 (
b11101 .
b1010 -
1!
#33345009
0!
#33350009
b10010011 %
b11 '
b11 /
1!
#33355009
0!
#33360009
b0 %
0&
b100 '
b100 /
1!
#33365009
0!
#33370009
1#
1!
#33375009
0!
#33380009
b10000 %
1&
b1110 (
b11110 .
b1111110 -
1!
#33385009
0!
#33390009
0#
b0 %
0&
b1111 (
b101 '
b11111 .
b10001110 -
b101 /
1!
#33395009
0!
#33400009
1#
b11000001 %
1&
1!
#33405009
0!
#33410009
b0 %
0&
b0 (
b110 '
b0 .
b1100000 -
b110 /
1!
#33415009
0!
#33420009
0#
b1010001 %
1&
b1 (
b1 .
b10000100 -
1!
#33425009
0!
#33430009
b110011 %
b111 '
b111 /
1!
#33435009
0!
#33440009
1#
b1011111 %
b1000 '
b1000 /
1!
#33445009
0!
#33450009
0#
b11011110 %
b10 (
b1001 '
b10 .
b10111010 -
b1001 /
1!
#33455009
0!
#33460009
1#
b10111111 %
b1010 '
b1010 /
1!
#33465009
0!
#33470009
b10100 %
b11 (
b1011 '
b11 .
b1101011 -
b1011 /
1!
#33475009
0!
#33480009
0#
b0 %
0&
b1100 '
b100 (
b1100 /
b100 .
b10010011 -
1!
#33485009
0!
#33490009
1#
1!
#33495009
0!
#33500009
b101 (
b101 .
b10000 -
1!
#33505009
0!
#33510009
0#
b110 (
b110 .
b11000001 -
1!
#33515009
0!
#33520009
1!
#33525009
0!
#33530009
1!
#33535009
0!
#33540009
b101110 %
1&
1!
#33545009
0!
#33550009
b0 %
0&
b1101 '
b1101 /
1!
#33555009
0!
#33560009
1#
b1001011 %
1&
1!
#33565009
0!
#33570009
b1011110 %
b111 (
b1110 '
b111 .
b1010001 -
b1110 /
1!
#33575009
0!
#33580009
b1111101 %
b1111 '
b1000 (
b1111 /
b1000 .
b110011 -
1!
#33585009
0!
#33590009
0#
b0 %
0&
b1001 (
b0 '
b1001 .
b1011111 -
b10000 /
1!
#33595009
0!
#33600009
0$
1!
#33605009
0!
#33610009
b11001001 %
1&
1$
b0 (
b0 -
1)
b0 .
b0 /
1!
#33615009
0!
#33620009
b0 %
0&
b1 '
0)
b1 /
1!
#33625009
0!
#33630009
1!
#33635009
0!
#33640009
b1000100 %
1&
1!
#33645009
0!
#33650009
1#
b11011001 %
b10 '
b10 /
1!
#33655009
0!
#33660009
b0 %
0&
b11 '
b1 (
b11 /
b1 .
b11001001 -
1!
#33665009
0!
#33670009
b10 (
b10 .
b1000100 -
1!
#33675009
0!
#33680009
b10111001 %
1&
b11 (
1)
b11 .
b11011001 -
1!
#33685009
0!
#33690009
0#
b0 %
0&
b100 '
0)
b100 /
1!
#33695009
0!
#33700009
1!
#33705009
0!
#33710009
1#
b11011110 %
1&
1!
#33715009
0!
#33720009
b1001101 %
b101 '
b100 (
b101 /
0)
b100 .
b10111001 -
1!
#33725009
0!
#33730009
0#
b10001 %
b101 (
b110 '
b101 .
b11011110 -
b110 /
1!
#33735009
0!
#33740009
1#
b0 %
0&
b111 '
b111 /
1!
#33745009
0!
#33750009
b110 (
b110 .
b1001101 -
1!
#33755009
0!
#33760009
0#
b11001111 %
1&
b111 (
1)
b111 .
b10001 -
1!
#33765009
0!
#33770009
1#
b11000100 %
b1000 '
0)
b1000 /
1!
#33775009
0!
#33780009
0#
b11001101 %
b1001 '
b1000 (
b1001 /
0)
b1000 .
b11001111 -
1!
#33785009
0!
#33790009
1#
b111011 %
b1010 '
b1010 /
1!
#33795009
0!
#33800009
b0 %
0&
b1011 '
b1001 (
b1011 /
b1001 .
b11000100 -
1!
#33805009
0!
#33810009
b10111010 %
1&
b1010 (
b1010 .
b11001101 -
1!
#33815009
0!
#33820009
b11000100 %
b1100 '
b1011 (
b1100 /
0)
b1011 .
b111011 -
1!
#33825009
0!
#33830009
b10000100 %
b1100 (
b1101 '
b1100 .
b10111010 -
b1101 /
1!
#33835009
0!
#33840009
0#
b0 %
0&
b1110 '
b1101 (
b1110 /
0)
b1101 .
b11000100 -
1!
#33845009
0!
#33850009
1#
b111110 %
1&
1!
#33855009
0!
#33860009
b10111101 %
b1111 '
b1110 (
b1111 /
0)
b1110 .
b10000100 -
1!
#33865009
0!
#33870009
b1100 %
b1111 (
b0 '
b1111 .
b111110 -
b10000 /
1!
#33875009
0!
#33880009
b1000 %
b1 '
b0 (
b10001 /
0)
b10000 .
b10111101 -
1!
#33885009
0!
#33890009
b111001 %
b1 (
b10 '
b10001 .
b1100 -
b10010 /
1!
#33895009
0!
#33900009
0#
b1111111 %
b11 '
b10 (
b10011 /
0)
b10010 .
b1000 -
1!
#33905009
0!
#33910009
1#
b0 %
0&
b100 '
b10100 /
1!
#33915009
0!
#33920009
0#
b10110000 %
1&
b11 (
b10011 .
b111001 -
1!
#33925009
0!
#33930009
1#
b0 %
0&
b101 '
b10101 /
1!
#33935009
0!
#33940009
0#
b100 (
b10100 .
b1111111 -
1!
#33945009
0!
#33950009
1#
b10111110 %
1&
1!
#33955009
0!
#33960009
0#
b0 %
0&
b110 '
b101 (
b10110 /
0)
b10101 .
b10110000 -
1!
#33965009
0!
#33970009
b101000 %
1&
1!
#33975009
0!
#33980009
1#
b0 %
0&
b111 '
b10111 /
1!
#33985009
0!
#33990009
0#
b101000 %
1&
b110 (
b10110 .
b10111110 -
1!
#33995009
0!
#34000009
1#
b1100010 %
b1000 '
b11000 /
1!
#34005009
0!
#34010009
0#
b0 %
0&
b111 (
b1001 '
b10111 .
b101000 -
b11001 /
1!
#34015009
0!
#34020009
1!
#34025009
0!
#34030009
1#
1!
#34035009
0!
#34040009
0#
b1011111 %
1&
b1000 (
b11000 .
1!
#34045009
0!
#34050009
b0 %
0&
b1010 '
b11010 /
1!
#34055009
0!
#34060009
1#
1!
#34065009
0!
#34070009
b1000010 %
1&
b1001 (
b11001 .
b1100010 -
1!
#34075009
0!
#34080009
0#
b10100010 %
b1011 '
b1010 (
b11011 /
0)
b11010 .
b1011111 -
1!
#34085009
0!
#34090009
b1110001 %
b1100 '
b11100 /
1!
#34095009
0!
#34100009
b11101011 %
b1101 '
b11101 /
1!
#34105009
0!
#34110009
1#
b0 %
0&
b1110 '
b11110 /
1!
#34115009
0!
#34120009
b1011 (
b11011 .
b1000010 -
1!
#34125009
0!
#34130009
b11101100 %
1&
b1100 (
b11100 .
b10100010 -
1!
#34135009
0!
#34140009
0#
b1010111 %
b1111 '
b1101 (
b11111 /
b11101 .
b1110001 -
1!
#34145009
0!
#34150009
1#
b101000 %
b0 '
b0 /
1!
#34155009
0!
#34160009
b0 %
0&
b1 '
b1110 (
b1 /
b11110 .
b11101011 -
1!
#34165009
0!
#34170009
b1111 (
b11111 .
b11101100 -
1!
#34175009
0!
#34180009
0#
b1111 %
1&
b0 (
b0 .
b1010111 -
1!
#34185009
0!
#34190009
b0 %
0&
b10 '
b10 /
1!
#34195009
0!
#34200009
b10010001 %
1&
1!
#34205009
0!
#34210009
1#
b1000011 %
b11 '
b11 /
1!
#34215009
0!
#34220009
b0 %
0&
b100 '
b1 (
b100 /
b1 .
b101000 -
1!
#34225009
0!
#34230009
b10010100 %
1&
b10 (
b10 .
b1111 -
1!
#34235009
0!
#34240009
0#
b11001101 %
b101 '
b11 (
b101 /
b11 .
b10010001 -
1!
#34245009
0!
#34250009
1#
b10001110 %
b110 '
b110 /
1!
#34255009
0!
#34260009
b10100010 %
b111 '
b100 (
b111 /
b100 .
b1000011 -
1!
#34265009
0!
#34270009
b0 %
0&
b101 (
b1000 '
b101 .
b10010100 -
b1000 /
1!
#34275009
0!
#34280009
b110 (
b110 .
b11001101 -
1!
#34285009
0!
#34290009
0#
b11001100 %
1&
b111 (
b111 .
b10001110 -
1!
#34295009
0!
#34300009
1#
b0 %
0&
b1001 '
b1001 /
1!
#34305009
0!
#34310009
0#
b11000100 %
1&
b1000 (
b1000 .
b10100010 -
1!
#34315009
0!
#34320009
1#
b1100000 %
b1010 '
b1010 /
1!
#34325009
0!
#34330009
b0 %
0&
b1001 (
b1011 '
b1001 .
b11001100 -
b1011 /
1!
#34335009
0!
#34340009
0#
b1010 (
b1010 .
b11000100 -
1!
#34345009
0!
#34350009
1#
1!
#34355009
0!
#34360009
b1011 (
1)
b1011 .
b1100000 -
1!
#34365009
0!
#34370009
0#
b11000111 %
1&
1!
#34375009
0!
#34380009
b0 %
0&
b1100 '
0)
b1100 /
1!
#34385009
0!
#34390009
b1011001 %
1&
1!
#34395009
0!
#34400009
1#
b0 %
0&
b1101 '
b1101 /
1!
#34405009
0!
#34410009
b11101100 %
1&
b1100 (
b1100 .
b11000111 -
1!
#34415009
0!
#34420009
b0 %
0&
b1110 '
b1101 (
b1110 /
0)
b1101 .
b1011001 -
1!
#34425009
0!
#34430009
b111000 %
1&
b1110 (
1)
b1110 .
b11101100 -
1!
#34435009
0!
#34440009
0#
b0 %
0&
b1111 '
0)
b1111 /
1!
#34445009
0!
#34450009
b100011 %
1&
1!
#34455009
0!
#34460009
0&
0$
b0 '
b10000 /
1!
#34465009
0!
#34470009
b0 %
1$
b0 (
b0 -
1)
b0 .
b0 /
1!
#34475009
0!
#34480009
1#
1!
#34485009
0!
#34490009
0#
b111101 %
1&
1!
#34495009
0!
#34500009
b0 %
0&
b1 '
0)
b1 /
1!
#34505009
0!
#34510009
b11110 %
1&
1!
#34515009
0!
#34520009
b10100 %
b10 '
b10 /
1!
#34525009
0!
#34530009
b0 %
0&
b11 '
b11 /
1!
#34535009
0!
#34540009
1#
b1001010 %
1&
1!
#34545009
0!
#34550009
0#
b0 %
0&
b1 (
b100 '
b1 .
b111101 -
b100 /
1!
#34555009
0!
#34560009
1#
1!
#34565009
0!
#34570009
b11110111 %
1&
b10 (
b10 .
b11110 -
1!
#34575009
0!
#34580009
0#
b100101 %
b101 '
b11 (
b101 /
b11 .
b10100 -
1!
#34585009
0!
#34590009
b0 %
0&
b110 '
b110 /
1!
#34595009
0!
#34600009
b10101001 %
1&
1!
#34605009
0!
#34610009
b0 %
0&
b111 '
b111 /
1!
#34615009
0!
#34620009
1#
1!
#34625009
0!
#34630009
b10111001 %
1&
b100 (
b100 .
b1001010 -
1!
#34635009
0!
#34640009
0#
b10011100 %
b1000 '
b101 (
b1000 /
b101 .
b11110111 -
1!
#34645009
0!
#34650009
1#
b1000001 %
b1001 '
b1001 /
1!
#34655009
0!
#34660009
b1110100 %
b1010 '
b110 (
b1010 /
b110 .
b100101 -
1!
#34665009
0!
#34670009
b110 %
b111 (
b1011 '
b111 .
b10101001 -
b1011 /
1!
#34675009
0!
#34680009
0#
b0 %
0&
b1100 '
b1000 (
b1100 /
b1000 .
b10111001 -
1!
#34685009
0!
#34690009
b1010111 %
1&
1!
#34695009
0!
#34700009
b0 %
0&
b1101 '
b1101 /
1!
#34705009
0!
#34710009
1#
1!
#34715009
0!
#34720009
0#
b1001 (
b1001 .
b10011100 -
1!
#34725009
0!
#34730009
1#
b100001 %
1&
1!
#34735009
0!
#34740009
b10001110 %
b1110 '
b1010 (
b1110 /
b1010 .
b1000001 -
1!
#34745009
0!
#34750009
b0 %
0&
b1011 (
b1111 '
b1011 .
b1110100 -
b1111 /
1!
#34755009
0!
#34760009
0#
b110 %
1&
b1100 (
b1100 .
b110 -
1!
#34765009
0!
#34770009
b0 %
0&
b0 '
b10000 /
1!
#34775009
0!
#34780009
1#
b10000 %
1&
1!
#34785009
0!
#34790009
b100010 %
b1101 (
b1 '
b1101 .
b1010111 -
b10001 /
1!
#34795009
0!
#34800009
0#
b0 %
0&
b10 '
b1110 (
b10010 /
b1110 .
b100001 -
1!
#34805009
0!
#34810009
b11100100 %
1&
1!
#34815009
0!
#34820009
1#
b1011101 %
b11 '
b10011 /
1!
#34825009
0!
#34830009
b0 %
0&
b1111 (
b100 '
b1111 .
b10001110 -
b10100 /
1!
#34835009
0!
#34840009
b10001000 %
1&
b0 (
b10000 .
b110 -
1!
#34845009
0!
#34850009
b100000 %
b1 (
b101 '
b10001 .
b10000 -
b10101 /
1!
#34855009
0!
#34860009
b1101010 %
b110 '
b10 (
b10110 /
b10010 .
b100010 -
1!
#34865009
0!
#34870009
0#
b0 %
0&
b11 (
b111 '
b10011 .
b11100100 -
b10111 /
1!
#34875009
0!
#34880009
1!
#34885009
0!
#34890009
1#
1!
#34895009
0!
#34900009
b1101110 %
1&
b100 (
b10100 .
b1011101 -
1!
#34905009
0!
#34910009
b11011100 %
b101 (
b1000 '
b10101 .
b10001000 -
b11000 /
1!
#34915009
0!
#34920009
0#
b1100011 %
b1001 '
b110 (
b11001 /
b10110 .
b100000 -
1!
#34925009
0!
#34930009
b0 %
0&
b1010 '
b11010 /
1!
#34935009
0!
#34940009
1#
b10001010 %
1&
1!
#34945009
0!
#34950009
0#
b10010001 %
b111 (
b1011 '
b10111 .
b1101010 -
b11011 /
1!
#34955009
0!
#34960009
b1111111 %
b1100 '
b11100 /
1!
#34965009
0!
#34970009
b0 %
0&
b1101 '
b11101 /
1!
#34975009
0!
#34980009
b1011101 %
1&
1!
#34985009
0!
#34990009
b11110000 %
b1110 '
b11110 /
1!
#34995009
0!
#35000009
b10011011 %
b1111 '
b11111 /
1!
#35005009
0!
#35010009
1#
b0 %
0&
b0 '
b0 /
1!
#35015009
0!
#35020009
b1000 (
b11000 .
b1101110 -
1!
#35025009
0!
#35030009
b10011100 %
1&
b1001 (
b11001 .
b11011100 -
1!
#35035009
0!
#35040009
b0 %
0&
b1 '
b1010 (
b1 /
b11010 .
b1100011 -
1!
#35045009
0!
#35050009
0#
b1011 (
b11011 .
b10001010 -
1!
#35055009
0!
#35060009
b1010111 %
1&
1!
#35065009
0!
#35070009
1#
b0 %
0&
b10 '
b10 /
1!
#35075009
0!
#35080009
0#
b1100 (
b11100 .
b10010001 -
1!
#35085009
0!
#35090009
1#
1!
#35095009
0!
#35100009
0#
b10011011 %
1&
b1101 (
b11101 .
b1111111 -
1!
#35105009
0!
#35110009
b10100001 %
b11 '
b11 /
1!
#35115009
0!
#35120009
1#
b11010101 %
b100 '
b100 /
1!
#35125009
0!
#35130009
0#
0&
0$
b1110 (
b101 '
b11110 .
b1011101 -
b101 /
1!
#35135009
0!
#35140009
1#
b1000111 %
1&
1$
b0 '
b0 (
1)
b0 /
b0 -
b0 .
1!
#35145009
0!
#35150009
b0 %
0&
b1 '
0)
b1 /
1!
#35155009
0!
#35160009
0#
b10010110 %
1&
b1 (
1)
b1 .
b1000111 -
1!
#35165009
0!
#35170009
1#
b11000011 %
b10 '
0)
b10 /
1!
#35175009
0!
#35180009
b0 %
0&
b11 '
b10 (
b11 /
0)
b10 .
b10010110 -
1!
#35185009
0!
#35190009
0#
b11 (
1)
b11 .
b11000011 -
1!
#35195009
0!
#35200009
1#
b11110101 %
1&
1!
#35205009
0!
#35210009
0#
b0 %
0&
b100 '
0)
b100 /
1!
#35215009
0!
#35220009
1#
1!
#35225009
0!
#35230009
b100 (
1)
b100 .
b11110101 -
1!
#35235009
0!
#35240009
1!
#35245009
0!
#35250009
0#
b11100000 %
1&
1!
#35255009
0!
#35260009
1#
b100101 %
b101 '
0)
b101 /
1!
#35265009
0!
#35270009
b0 %
0&
b101 (
b110 '
b101 .
b11100000 -
b110 /
1!
#35275009
0!
#35280009
b1100110 %
1&
b110 (
1)
b110 .
b100101 -
1!
#35285009
0!
#35290009
b10000101 %
b111 '
0)
b111 /
1!
#35295009
0!
#35300009
0#
b0 %
0&
b1000 '
b111 (
b1000 /
0)
b111 .
b1100110 -
1!
#35305009
0!
#35310009
1!
#35315009
0!
#35320009
1!
#35325009
0!
#35330009
1!
#35335009
0!
#35340009
1#
b10111001 %
1&
1!
#35345009
0!
#35350009
0#
b0 %
0&
b1000 (
b1001 '
b1000 .
b10000101 -
b1001 /
1!
#35355009
0!
#35360009
1#
1!
#35365009
0!
#35370009
b11111001 %
1&
b1001 (
1)
b1001 .
b10111001 -
1!
#35375009
0!
#35380009
b0 %
0&
b1010 '
0)
b1010 /
1!
#35385009
0!
#35390009
0#
b10000 %
1&
b1010 (
1)
b1010 .
b11111001 -
1!
#35395009
0!
#35400009
1#
b0 %
0&
b1011 '
0)
b1011 /
1!
#35405009
0!
#35410009
b100010 %
1&
b1011 (
1)
b1011 .
b10000 -
1!
#35415009
0!
#35420009
0#
b0 %
0&
b1100 '
0)
b1100 /
1!
#35425009
0!
#35430009
1!
#35435009
0!
#35440009
b1100001 %
1&
1!
#35445009
0!
#35450009
1#
b0 %
0&
b1101 '
b1101 /
1!
#35455009
0!
#35460009
0#
b1001101 %
1&
b1100 (
b1100 .
b100010 -
1!
#35465009
0!
#35470009
b10101101 %
b1110 '
b1110 /
1!
#35475009
0!
#35480009
b0 %
0&
b1111 '
b1111 /
1!
#35485009
0!
#35490009
1#
1!
#35495009
0!
#35500009
b1101 (
b1101 .
b1100001 -
1!
#35505009
0!
#35510009
0#
0$
b1110 (
b1110 .
b1001101 -
1!
#35515009
0!
#35520009
b10100111 %
1&
1$
b0 '
b0 (
1)
b0 /
b0 -
b0 .
1!
#35525009
0!
#35530009
1#
b0 %
0&
b1 '
0)
b1 /
1!
#35535009
0!
#35540009
0#
b1 (
1)
b1 .
b10100111 -
1!
#35545009
0!
#35550009
1#
1!
#35555009
0!
#35560009
b10100 %
1&
1!
#35565009
0!
#35570009
0#
b0 %
0&
b10 '
0)
b10 /
1!
#35575009
0!
#35580009
1#
b1101010 %
1&
1!
#35585009
0!
#35590009
0#
b1110111 %
b10 (
b11 '
b10 .
b10100 -
b11 /
1!
#35595009
0!
#35600009
1#
b1000110 %
b100 '
b100 /
1!
#35605009
0!
#35610009
b0 %
0&
b11 (
b101 '
b11 .
b1101010 -
b101 /
1!
#35615009
0!
#35620009
0#
b1101010 %
1&
b100 (
b100 .
b1110111 -
1!
#35625009
0!
#35630009
1#
b1101001 %
b110 '
b110 /
1!
#35635009
0!
#35640009
b0 %
0&
b111 '
b101 (
b111 /
b101 .
b1000110 -
1!
#35645009
0!
#35650009
0#
b110 (
b110 .
b1101010 -
1!
#35655009
0!
#35660009
1#
b11111010 %
1&
1!
#35665009
0!
#35670009
0#
b11010100 %
b111 (
b1000 '
b111 .
b1101001 -
b1000 /
1!
#35675009
0!
#35680009
b0 %
0&
b1001 '
b1001 /
1!
#35685009
0!
#35690009
1#
b11101001 %
1&
1!
#35695009
0!
#35700009
0#
0&
0$
b1010 '
b1000 (
b1010 /
b1000 .
b11111010 -
1!
#35705009
0!
#35710009
b110011 %
1&
1$
b0 (
b0 '
b0 -
1)
b0 .
b0 /
1!
#35715009
0!
#35720009
b0 %
0&
b1 '
0)
b1 /
1!
#35725009
0!
#35730009
1#
1!
#35735009
0!
#35740009
0#
b11000111 %
1&
b1 (
1)
b1 .
b110011 -
1!
#35745009
0!
#35750009
b10100101 %
b10 '
0)
b10 /
1!
#35755009
0!
#35760009
1#
b0 %
0&
b11 '
b11 /
1!
#35765009
0!
#35770009
0#
0$
b10 (
b10 .
b11000111 -
1!
#35775009
0!
#35780009
1#
b10011 %
1&
1$
b0 '
b0 (
1)
b0 /
b0 -
b0 .
1!
#35785009
0!
#35790009
0#
b0 %
0&
b1 '
0)
b1 /
1!
#35795009
0!
#35800009
1#
b1010000 %
1&
1!
#35805009
0!
#35810009
0#
b1001101 %
b1 (
b10 '
b1 .
b10011 -
b10 /
1!
#35815009
0!
#35820009
1#
b0 %
0&
b11 '
b11 /
1!
#35825009
0!
#35830009
b11111110 %
1&
b10 (
b10 .
b1010000 -
1!
#35835009
0!
#35840009
b10000111 %
b100 '
b11 (
b100 /
0)
b11 .
b1001101 -
1!
#35845009
0!
#35850009
b1110 %
b100 (
b101 '
b100 .
b11111110 -
b101 /
1!
#35855009
0!
#35860009
0#
b11010000 %
b110 '
b101 (
b110 /
0)
b101 .
b10000111 -
1!
#35865009
0!
#35870009
b1010110 %
b111 '
b111 /
1!
#35875009
0!
#35880009
b101111 %
b1000 '
b1000 /
1!
#35885009
0!
#35890009
b11101101 %
b1001 '
b1001 /
1!
#35895009
0!
#35900009
b0 %
0&
b1010 '
b1010 /
1!
#35905009
0!
#35910009
1!
#35915009
0!
#35920009
b1000001 %
1&
1!
#35925009
0!
#35930009
b0 %
0&
b1011 '
b1011 /
1!
#35935009
0!
#35940009
1#
b1100100 %
1&
1!
#35945009
0!
#35950009
0#
b0 %
0&
b110 (
b1100 '
b110 .
b1110 -
b1100 /
1!
#35955009
0!
#35960009
1!
#35965009
0!
#35970009
b1111111 %
1&
1!
#35975009
0!
#35980009
b10101000 %
b1101 '
b1101 /
1!
#35985009
0!
#35990009
b10001000 %
b1110 '
b1110 /
1!
#35995009
0!
#36000009
1#
b1001010 %
b1111 '
b1111 /
1!
#36005009
0!
#36010009
b0 %
0&
b111 (
b0 '
b111 .
b11010000 -
b10000 /
1!
#36015009
0!
#36020009
b1100101 %
1&
b1000 (
b1000 .
b1010110 -
1!
#36025009
0!
#36030009
0#
b1111001 %
b1001 (
b1 '
b1001 .
b101111 -
b10001 /
1!
#36035009
0!
#36040009
b11110111 %
b10 '
b10010 /
1!
#36045009
0!
#36050009
b11001111 %
b11 '
b10011 /
1!
#36055009
0!
#36060009
b11100001 %
b100 '
b10100 /
1!
#36065009
0!
#36070009
b10101100 %
b101 '
b10101 /
1!
#36075009
0!
#36080009
1#
b0 %
0&
b110 '
b10110 /
1!
#36085009
0!
#36090009
0#
b110001 %
1&
b1010 (
b1010 .
b11101101 -
1!
#36095009
0!
#36100009
b100000 %
b111 '
b10111 /
1!
#36105009
0!
#36110009
1#
b1000000 %
b1000 '
b11000 /
1!
#36115009
0!
#36120009
0#
b0 %
0&
b1001 '
b1011 (
b11001 /
b1011 .
b1000001 -
1!
#36125009
0!
#36130009
1#
1!
#36135009
0!
#36140009
0#
b101010 %
1&
b1100 (
b1100 .
b1100100 -
1!
#36145009
0!
#36150009
1#
b0 %
0&
b1010 '
b11010 /
1!
#36155009
0!
#36160009
0#
b1101 (
b1101 .
b1111111 -
1!
#36165009
0!
#36170009
1!
#36175009
0!
#36180009
1!
#36185009
0!
#36190009
1!
#36195009
0!
#36200009
1!
#36205009
0!
#36210009
1#
1!
#36215009
0!
#36220009
0#
b1110 (
b1110 .
b10101000 -
1!
#36225009
0!
#36230009
b1001101 %
1&
1!
#36235009
0!
#36240009
1#
b0 %
0&
b1011 '
b11011 /
1!
#36245009
0!
#36250009
0#
b11001101 %
1&
b1111 (
b1111 .
b10001000 -
1!
#36255009
0!
#36260009
b0 %
0&
b1100 '
b11100 /
1!
#36265009
0!
#36270009
1#
b10011001 %
1&
1!
#36275009
0!
#36280009
0#
0&
0$
b1101 '
b0 (
b11101 /
b10000 .
b1001010 -
1!
#36285009
0!
#36290009
1#
b0 %
1$
b0 '
b0 -
1)
b0 .
b0 /
1!
#36295009
0!
#36300009
0#
1!
#36305009
0!
#36310009
1#
b1010010 %
1&
1!
#36315009
0!
#36320009
0#
b0 %
0&
b1 '
0)
b1 /
1!
#36325009
0!
#36330009
1!
#36335009
0!
#36340009
b100100 %
1&
1!
#36345009
0!
#36350009
1#
b0 %
0&
b10 '
b10 /
1!
#36355009
0!
#36360009
0#
b1 (
b1 .
b1010010 -
1!
#36365009
0!
#36370009
1#
b10001101 %
1&
1!
#36375009
0!
#36380009
b10011111 %
b11 '
b10 (
b11 /
0)
b10 .
b100100 -
1!
#36385009
0!
#36390009
0#
b0 %
0&
b11 (
b100 '
b11 .
b10001101 -
b100 /
1!
#36395009
0!
#36400009
b11101000 %
1&
1!
#36405009
0!
#36410009
b0 %
0&
b101 '
b101 /
1!
#36415009
0!
#36420009
1!
#36425009
0!
#36430009
1#
1!
#36435009
0!
#36440009
b11111001 %
1&
b100 (
b100 .
b10011111 -
1!
#36445009
0!
#36450009
b10111001 %
b101 (
b110 '
b101 .
b11101000 -
b110 /
1!
#36455009
0!
#36460009
b0 %
0&
b111 '
b110 (
b111 /
0)
b110 .
b11111001 -
1!
#36465009
0!
#36470009
b110101 %
1&
b111 (
1)
b111 .
b10111001 -
1!
#36475009
0!
#36480009
0#
b10001101 %
b1000 '
0)
b1000 /
1!
#36485009
0!
#36490009
1#
b0 %
0&
b1001 '
b1001 /
1!
#36495009
0!
#36500009
b110 %
1&
b1000 (
b1000 .
b110101 -
1!
#36505009
0!
#36510009
b0 %
0&
b1001 (
b1010 '
b1001 .
b10001101 -
b1010 /
1!
#36515009
0!
#36520009
0#
b1010 (
1)
b1010 .
b110 -
1!
#36525009
0!
#36530009
1!
#36535009
0!
#36540009
1#
1!
#36545009
0!
#36550009
1!
#36555009
0!
#36560009
0#
1!
#36565009
0!
#36570009
1#
1!
#36575009
0!
#36580009
0#
b11010111 %
1&
1!
#36585009
0!
#36590009
1#
b0 %
0&
b1011 '
0)
b1011 /
1!
#36595009
0!
#36600009
b10011 %
1&
b1011 (
1)
b1011 .
b11010111 -
1!
#36605009
0!
#36610009
0#
b0 %
0&
b1100 '
0)
b1100 /
1!
#36615009
0!
#36620009
1#
1!
#36625009
0!
#36630009
0#
b110010 %
1&
b1100 (
1)
b1100 .
b10011 -
1!
#36635009
0!
#36640009
1#
b11101001 %
b1101 '
0)
b1101 /
1!
#36645009
0!
#36650009
0#
b10110000 %
b1101 (
b1110 '
b1101 .
b110010 -
b1110 /
1!
#36655009
0!
#36660009
1#
b0 %
0&
b1111 '
b1111 /
1!
#36665009
0!
#36670009
0#
b10000110 %
1&
b1110 (
b1110 .
b11101001 -
1!
#36675009
0!
#36680009
b10100100 %
b0 '
b10000 /
1!
#36685009
0!
#36690009
b0 %
0&
b1 '
b10001 /
1!
#36695009
0!
#36700009
1#
b10110100 %
1&
1!
#36705009
0!
#36710009
0#
b0 %
0&
b1111 (
b10 '
b1111 .
b10110000 -
b10010 /
1!
#36715009
0!
#36720009
1#
1!
#36725009
0!
#36730009
b0 (
b10000 .
b10000110 -
1!
#36735009
0!
#36740009
b10000111 %
1&
b1 (
b10001 .
b10100100 -
1!
#36745009
0!
#36750009
b11100000 %
b10 (
b11 '
b10010 .
b10110100 -
b10011 /
1!
#36755009
0!
#36760009
0#
b0 %
0&
b100 '
b11 (
b10100 /
0)
b10011 .
b10000111 -
1!
#36765009
0!
#36770009
b10010111 %
1&
1!
#36775009
0!
#36780009
1#
b0 %
0&
b101 '
b10101 /
1!
#36785009
0!
#36790009
b11001111 %
1&
b100 (
b10100 .
b11100000 -
1!
#36795009
0!
#36800009
b10110101 %
b110 '
b101 (
b10110 /
0)
b10101 .
b10010111 -
1!
#36805009
0!
#36810009
b0 %
0&
b110 (
b111 '
b10110 .
b11001111 -
b10111 /
1!
#36815009
0!
#36820009
0#
b111 (
1)
b10111 .
b10110101 -
1!
#36825009
0!
#36830009
1#
1!
#36835009
0!
#36840009
b1001111 %
1&
1!
#36845009
0!
#36850009
b1110000 %
b1000 '
0)
b11000 /
1!
#36855009
0!
#36860009
0#
b1101110 %
b1001 '
b1000 (
b11001 /
0)
b11000 .
b1001111 -
1!
#36865009
0!
#36870009
b11110111 %
b1010 '
b11010 /
1!
#36875009
0!
#36880009
b1100010 %
b1011 '
b11011 /
1!
#36885009
0!
#36890009
b0 %
0&
b1100 '
b11100 /
1!
#36895009
0!
#36900009
1!
#36905009
0!
#36910009
1!
#36915009
0!
#36920009
1#
b1111000 %
1&
1!
#36925009
0!
#36930009
0#
b1000100 %
b1001 (
b1101 '
b11001 .
b1110000 -
b11101 /
1!
#36935009
0!
#36940009
b0 %
0&
b1110 '
b11110 /
1!
#36945009
0!
#36950009
1#
1!
#36955009
0!
#36960009
0#
b1010 (
b11010 .
b1101110 -
1!
#36965009
0!
#36970009
b1110100 %
1&
1!
#36975009
0!
#36980009
b0 %
0&
b1111 '
b11111 /
1!
#36985009
0!
#36990009
1#
1!
#36995009
0!
#37000009
0#
b11111110 %
1&
b1011 (
b11011 .
b11110111 -
1!
#37005009
0!
#37010009
b1011 %
b0 '
b0 /
1!
#37015009
0!
#37020009
1#
b0 %
0&
b1 '
b1 /
1!
#37025009
0!
#37030009
b1100 (
b11100 .
b1100010 -
1!
#37035009
0!
#37040009
0#
b10000001 %
1&
b1101 (
b11101 .
b1111000 -
1!
#37045009
0!
#37050009
b0 %
0&
b10 '
b10 /
1!
#37055009
0!
#37060009
1!
#37065009
0!
#37070009
1#
b10011011 %
1&
1!
#37075009
0!
#37080009
0#
b0 %
0&
b11 '
b1110 (
b11 /
b11110 .
b1000100 -
1!
#37085009
0!
#37090009
b10100001 %
1&
1!
#37095009
0!
#37100009
1#
b0 %
0&
b100 '
b100 /
1!
#37105009
0!
#37110009
0#
b1111 (
b11111 .
b1110100 -
1!
#37115009
0!
#37120009
1#
b1010010 %
1&
1!
#37125009
0!
#37130009
0#
b1011011 %
b0 (
b101 '
b0 .
b11111110 -
b101 /
1!
#37135009
0!
#37140009
b111101 %
b110 '
b110 /
1!
#37145009
0!
#37150009
1#
b11000110 %
b111 '
b111 /
1!
#37155009
0!
#37160009
b10101111 %
b1000 '
b1 (
b1000 /
b1 .
b1011 -
1!
#37165009
0!
#37170009
b11011100 %
b10 (
b1001 '
b10 .
b10000001 -
b1001 /
1!
#37175009
0!
#37180009
b11001101 %
b1010 '
b11 (
b1010 /
b11 .
b10011011 -
1!
#37185009
0!
#37190009
0#
b101001 %
b100 (
b1011 '
b100 .
b10100001 -
b1011 /
1!
#37195009
0!
#37200009
b0 %
0&
b1100 '
b1100 /
1!
#37205009
0!
#37210009
1!
#37215009
0!
#37220009
1#
b110 %
1&
1!
#37225009
0!
#37230009
0#
0&
0$
b101 (
b1101 '
b101 .
b1010010 -
b1101 /
1!
#37235009
0!
#37240009
b10111111 %
1&
1$
b0 '
b0 (
1)
b0 /
b0 -
b0 .
1!
#37245009
0!
#37250009
1#
b0 %
0&
b1 '
0)
b1 /
1!
#37255009
0!
#37260009
b10110000 %
1&
b1 (
1)
b1 .
b10111111 -
1!
#37265009
0!
#37270009
b0 %
0&
b10 '
0)
b10 /
1!
#37275009
0!
#37280009
b1011010 %
1&
b10 (
1)
b10 .
b10110000 -
1!
#37285009
0!
#37290009
b0 %
0&
b11 '
0)
b11 /
1!
#37295009
0!
#37300009
0#
b11 (
1)
b11 .
b1011010 -
1!
#37305009
0!
#37310009
b10010101 %
1&
1!
#37315009
0!
#37320009
b0 %
0&
b100 '
0)
b100 /
1!
#37325009
0!
#37330009
1#
b1001111 %
1&
1!
#37335009
0!
#37340009
0#
b0 %
0&
b101 '
b100 (
b101 /
0)
b100 .
b10010101 -
1!
#37345009
0!
#37350009
1#
1!
#37355009
0!
#37360009
0#
b10101101 %
1&
b101 (
1)
b101 .
b1001111 -
1!
#37365009
0!
#37370009
b11111011 %
b110 '
0)
b110 /
1!
#37375009
0!
#37380009
1#
b11110101 %
b111 '
b111 /
1!
#37385009
0!
#37390009
0#
b0 %
0&
b110 (
b1000 '
b110 .
b10101101 -
b1000 /
1!
#37395009
0!
#37400009
b10100100 %
1&
1!
#37405009
0!
#37410009
b0 %
0&
b1001 '
b1001 /
1!
#37415009
0!
#37420009
1!
#37425009
0!
#37430009
b10010101 %
1&
1!
#37435009
0!
#37440009
1#
b101010 %
b1010 '
b1010 /
1!
#37445009
0!
#37450009
b11110111 %
b111 (
b1011 '
b111 .
b11111011 -
b1011 /
1!
#37455009
0!
#37460009
0#
b10010011 %
b1100 '
b1000 (
b1100 /
b1000 .
b11110101 -
1!
#37465009
0!
#37470009
b0 %
0&
b1101 '
b1101 /
1!
#37475009
0!
#37480009
1#
1!
#37485009
0!
#37490009
0#
b1001 (
b1001 .
b10100100 -
1!
#37495009
0!
#37500009
1!
#37505009
0!
#37510009
1#
b11010 %
1&
1!
#37515009
0!
#37520009
b0 %
0&
b1110 '
b1010 (
b1110 /
b1010 .
b10010101 -
1!
#37525009
0!
#37530009
0#
b1011 (
b1011 .
b101010 -
1!
#37535009
0!
#37540009
1#
b11101010 %
1&
1!
#37545009
0!
#37550009
0#
b0 %
0&
b1100 (
b1111 '
b1100 .
b11110111 -
b1111 /
1!
#37555009
0!
#37560009
1#
b111 %
1&
1!
#37565009
0!
#37570009
0#
b111011 %
b1101 (
b0 '
b1101 .
b10010011 -
b10000 /
1!
#37575009
0!
#37580009
1#
b10101001 %
b1 '
b10001 /
1!
#37585009
0!
#37590009
0#
b0 %
0&
b1110 (
b10 '
b1110 .
b11010 -
b10010 /
1!
#37595009
0!
#37600009
1#
1!
#37605009
0!
#37610009
0#
b11011000 %
1&
b1111 (
b1111 .
b11101010 -
1!
#37615009
0!
#37620009
b0 %
0&
b11 '
b10011 /
1!
#37625009
0!
#37630009
1!
#37635009
0!
#37640009
1#
b11010011 %
1&
1!
#37645009
0!
#37650009
b0 %
0&
b0 (
b100 '
b10000 .
b111 -
b10100 /
1!
#37655009
0!
#37660009
b11001010 %
1&
b1 (
b10001 .
b111011 -
1!
#37665009
0!
#37670009
b0 %
0&
b10 (
b101 '
b10010 .
b10101001 -
b10101 /
1!
#37675009
0!
#37680009
b1010001 %
1&
b11 (
b10011 .
b11011000 -
1!
#37685009
0!
#37690009
b10100111 %
b100 (
b110 '
b10100 .
b11010011 -
b10110 /
1!
#37695009
0!
#37700009
0#
b0 %
0&
b111 '
b101 (
b10111 /
b10101 .
b11001010 -
1!
#37705009
0!
#37710009
1#
1!
#37715009
0!
#37720009
b110 (
b10110 .
b1010001 -
1!
#37725009
0!
#37730009
0#
b1100111 %
1&
b111 (
1)
b10111 .
b10100111 -
1!
#37735009
0!
#37740009
1#
b0 %
0&
b1000 '
0)
b11000 /
1!
#37745009
0!
#37750009
b1000 (
1)
b11000 .
b1100111 -
1!
#37755009
0!
#37760009
0#
b1011110 %
1&
1!
#37765009
0!
#37770009
1#
b0 %
0&
b1001 '
0)
b11001 /
1!
#37775009
0!
#37780009
0#
b11100010 %
1&
b1001 (
1)
b11001 .
b1011110 -
1!
#37785009
0!
#37790009
b1100000 %
b1010 '
0)
b11010 /
1!
#37795009
0!
#37800009
1#
b0 %
0&
b1011 '
b11011 /
1!
#37805009
0!
#37810009
0#
0$
b1010 (
b11010 .
b11100010 -
1!
#37815009
0!
#37820009
1#
1$
b0 '
b0 (
1)
b0 /
b0 -
b0 .
1!
#37825009
0!
#37830009
0#
b11100 %
1&
1!
#37835009
0!
#37840009
1#
b100000 %
b1 '
0)
b1 /
1!
#37845009
0!
#37850009
b0 %
0&
b1 (
b10 '
b1 .
b11100 -
b10 /
1!
#37855009
0!
#37860009
b1111101 %
1&
b10 (
1)
b10 .
b100000 -
1!
#37865009
0!
#37870009
b10100010 %
b11 '
0)
b11 /
1!
#37875009
0!
#37880009
b0 %
0&
b100 '
b11 (
b100 /
0)
b11 .
b1111101 -
1!
#37885009
0!
#37890009
b100 (
1)
b100 .
b10100010 -
1!
#37895009
0!
#37900009
b110101 %
1&
1!
#37905009
0!
#37910009
b11101 %
b101 '
0)
b101 /
1!
#37915009
0!
#37920009
b0 %
0&
b110 '
b101 (
b110 /
0)
b101 .
b110101 -
1!
#37925009
0!
#37930009
0#
b110 (
1)
b110 .
b11101 -
1!
#37935009
0!
#37940009
1!
#37945009
0!
#37950009
1#
1!
#37955009
0!
#37960009
0#
b11111011 %
1&
1!
#37965009
0!
#37970009
b11101000 %
b111 '
0)
b111 /
1!
#37975009
0!
#37980009
1#
b0 %
0&
b1000 '
b1000 /
1!
#37985009
0!
#37990009
b1011001 %
1&
b111 (
b111 .
b11111011 -
1!
#37995009
0!
#38000009
b1010010 %
b1001 '
b1000 (
b1001 /
0)
b1000 .
b11101000 -
1!
#38005009
0!
#38010009
0#
b1001001 %
b1001 (
b1010 '
b1001 .
b1011001 -
b1010 /
1!
#38015009
0!
#38020009
b1110100 %
b1011 '
b1011 /
1!
#38025009
0!
#38030009
b1101010 %
b1100 '
b1100 /
1!
#38035009
0!
#38040009
1#
b11100111 %
b1101 '
b1101 /
1!
#38045009
0!
#38050009
b10100110 %
b1010 (
b1110 '
b1010 .
b1010010 -
b1110 /
1!
#38055009
0!
#38060009
0#
b1111101 %
b1111 '
b1011 (
b1111 /
b1011 .
b1001001 -
1!
#38065009
0!
#38070009
1#
b10111010 %
b0 '
b10000 /
1!
#38075009
0!
#38080009
0#
b0 %
0&
b1 '
b1100 (
b10001 /
b1100 .
b1110100 -
1!
#38085009
0!
#38090009
1#
1!
#38095009
0!
#38100009
0#
b10011001 %
1&
b1101 (
b1101 .
b1101010 -
1!
#38105009
0!
#38110009
b0 %
0&
b10 '
b10010 /
1!
#38115009
0!
#38120009
1#
b1010000 %
1&
1!
#38125009
0!
#38130009
b0 %
0&
b1110 (
b11 '
b1110 .
b11100111 -
b10011 /
1!
#38135009
0!
#38140009
b1011000 %
1&
b1111 (
b1111 .
b10100110 -
1!
#38145009
0!
#38150009
0#
b0 %
0&
b0 (
b100 '
b10000 .
b1111101 -
b10100 /
1!
#38155009
0!
#38160009
b1100101 %
1&
1!
#38165009
0!
#38170009
1#
b1000010 %
b101 '
b10101 /
1!
#38175009
0!
#38180009
0#
b10010 %
b110 '
b1 (
b10110 /
b10001 .
b10111010 -
1!
#38185009
0!
#38190009
1#
b0 %
0&
b111 '
b10111 /
1!
#38195009
0!
#38200009
0#
0$
b10 (
b10010 .
b10011001 -
1!
#38205009
0!
#38210009
b10100000 %
1&
1$
b0 (
b0 '
b0 -
1)
b0 .
b0 /
1!
#38215009
0!
#38220009
b1101101 %
b1 '
0)
b1 /
1!
#38225009
0!
#38230009
b10100001 %
b10 '
b10 /
1!
#38235009
0!
#38240009
1#
b0 %
0&
b11 '
b11 /
1!
#38245009
0!
#38250009
b1010001 %
1&
b1 (
b1 .
b10100000 -
1!
#38255009
0!
#38260009
b11010001 %
b100 '
b10 (
b100 /
b10 .
b1101101 -
1!
#38265009
0!
#38270009
b0 %
0&
b11 (
b101 '
b11 .
b10100001 -
b101 /
1!
#38275009
0!
#38280009
0#
b100 (
b100 .
b1010001 -
1!
#38285009
0!
#38290009
1#
1!
#38295009
0!
#38300009
b101 (
1)
b101 .
b11010001 -
1!
#38305009
0!
#38310009
b1010 %
1&
1!
#38315009
0!
#38320009
b0 %
0&
b110 '
0)
b110 /
1!
#38325009
0!
#38330009
b110 (
1)
b110 .
b1010 -
1!
#38335009
0!
#38340009
0#
0$
1!
#38345009
0!
#38350009
1#
1$
b0 (
b0 '
b0 -
b0 .
1)
b0 /
1!
#38355009
0!
#38360009
b1011010 %
1&
1!
#38365009
0!
#38370009
b1001100 %
b1 '
0)
b1 /
1!
#38375009
0!
#38380009
0#
b0 %
0&
b10 '
b1 (
b10 /
0)
b1 .
b1011010 -
1!
#38385009
0!
#38390009
1#
1!
#38395009
0!
#38400009
b10 (
1)
b10 .
b1001100 -
1!
#38405009
0!
#38410009
0#
b11010101 %
1&
1!
#38415009
0!
#38420009
1#
b10001111 %
b11 '
0)
b11 /
1!
#38425009
0!
#38430009
b0 %
0&
b11 (
b100 '
b11 .
b11010101 -
b100 /
1!
#38435009
0!
#38440009
0#
b10011100 %
1&
b100 (
1)
b100 .
b10001111 -
1!
#38445009
0!
#38450009
1#
b0 %
0&
b101 '
0)
b101 /
1!
#38455009
0!
#38460009
0#
b101 (
1)
b101 .
b10011100 -
1!
#38465009
0!
#38470009
1#
b101 %
1&
1!
#38475009
0!
#38480009
b11110000 %
b110 '
0)
b110 /
1!
#38485009
0!
#38490009
0#
b11000000 %
b110 (
b111 '
b110 .
b101 -
b111 /
1!
#38495009
0!
#38500009
b0 %
0&
b1000 '
b1000 /
1!
#38505009
0!
#38510009
1#
b10110001 %
1&
1!
#38515009
0!
#38520009
b0 %
0&
b1001 '
b111 (
b1001 /
b111 .
b11110000 -
1!
#38525009
0!
#38530009
0#
b1000 (
b1000 .
b11000000 -
1!
#38535009
0!
#38540009
1#
1!
#38545009
0!
#38550009
0#
b110110 %
1&
b1001 (
1)
b1001 .
b10110001 -
1!
#38555009
0!
#38560009
1#
b1111001 %
b1010 '
0)
b1010 /
1!
#38565009
0!
#38570009
b0 %
0&
b1010 (
b1011 '
b1010 .
b110110 -
b1011 /
1!
#38575009
0!
#38580009
0#
0$
b1011 (
1)
b1011 .
b1111001 -
1!
#38585009
0!
#38590009
1$
b0 (
b0 '
b0 -
b0 .
1)
b0 /
1!
#38595009
0!
#38600009
1!
#38605009
0!
#38610009
1!
#38615009
0!
#38620009
b1100110 %
1&
1!
#38625009
0!
#38630009
1#
b0 %
0&
b1 '
0)
b1 /
1!
#38635009
0!
#38640009
b1110111 %
1&
b1 (
1)
b1 .
b1100110 -
1!
#38645009
0!
#38650009
b0 %
0&
b10 '
0)
b10 /
1!
#38655009
0!
#38660009
0#
b11111101 %
1&
b10 (
1)
b10 .
b1110111 -
1!
#38665009
0!
#38670009
1#
b11111 %
b11 '
0)
b11 /
1!
#38675009
0!
#38680009
b0 %
0&
b100 '
b11 (
b100 /
0)
b11 .
b11111101 -
1!
#38685009
0!
#38690009
0#
b1100000 %
1&
b100 (
1)
b100 .
b11111 -
1!
#38695009
0!
#38700009
1#
b0 %
0&
b101 '
0)
b101 /
1!
#38705009
0!
#38710009
0#
b1010011 %
1&
b101 (
1)
b101 .
b1100000 -
1!
#38715009
0!
#38720009
1#
b0 %
0&
b110 '
0)
b110 /
1!
#38725009
0!
#38730009
b110 (
1)
b110 .
b1010011 -
1!
#38735009
0!
#38740009
b11 %
1&
1!
#38745009
0!
#38750009
b0 %
0&
b111 '
0)
b111 /
1!
#38755009
0!
#38760009
b10110000 %
1&
b111 (
1)
b111 .
b11 -
1!
#38765009
0!
#38770009
0#
b11011100 %
b1000 '
0)
b1000 /
1!
#38775009
0!
#38780009
b0 %
0&
b1001 '
b1001 /
1!
#38785009
0!
#38790009
0$
1!
#38795009
0!
#38800009
b10111001 %
1&
1$
b0 '
b0 (
1)
b0 /
b0 -
b0 .
1!
#38805009
0!
#38810009
b0 %
0&
b1 '
0)
b1 /
1!
#38815009
0!
#38820009
1#
1!
#38825009
0!
#38830009
b1 (
1)
b1 .
b10111001 -
1!
#38835009
0!
#38840009
0#
b1100001 %
1&
1!
#38845009
0!
#38850009
b11010001 %
b10 '
0)
b10 /
1!
#38855009
0!
#38860009
b11001110 %
b11 '
b11 /
1!
#38865009
0!
#38870009
1#
b0 %
0&
b100 '
b100 /
1!
#38875009
0!
#38880009
b10 (
b10 .
b1100001 -
1!
#38885009
0!
#38890009
b1001100 %
1&
b11 (
b11 .
b11010001 -
1!
#38895009
0!
#38900009
0#
b1011000 %
b101 '
b100 (
b101 /
0)
b100 .
b11001110 -
1!
#38905009
0!
#38910009
1#
b0 %
0&
b110 '
b110 /
1!
#38915009
0!
#38920009
0#
0$
b101 (
b101 .
b1001100 -
1!
#38925009
0!
#38930009
1#
b11111110 %
1&
1$
b0 (
b0 '
b0 -
1)
b0 .
b0 /
1!
#38935009
0!
#38940009
0#
b10001110 %
b1 '
0)
b1 /
1!
#38945009
0!
#38950009
b11011101 %
b10 '
b10 /
1!
#38955009
0!
#38960009
1#
b0 %
0&
b11 '
b11 /
1!
#38965009
0!
#38970009
b10100101 %
1&
b1 (
b1 .
b11111110 -
1!
#38975009
0!
#38980009
b0 %
0&
b100 '
b10 (
b100 /
b10 .
b10001110 -
1!
#38985009
0!
#38990009
b11111011 %
1&
b11 (
b11 .
b11011101 -
1!
#38995009
0!
#39000009
0#
0&
0$
b101 '
b100 (
b101 /
0)
b100 .
b10100101 -
1!
#39005009
0!
#39010009
b11011011 %
1&
1$
b0 (
b0 '
b0 -
1)
b0 .
b0 /
1!
#39015009
0!
#39020009
b0 %
0&
b1 '
0)
b1 /
1!
#39025009
0!
#39030009
b1000001 %
1&
1!
#39035009
0!
#39040009
1#
b0 %
0&
b10 '
b10 /
1!
#39045009
0!
#39050009
b10100111 %
1&
b1 (
b1 .
b11011011 -
1!
#39055009
0!
#39060009
0#
b0 %
0&
b11 '
b10 (
b11 /
0)
b10 .
b1000001 -
1!
#39065009
0!
#39070009
1#
1!
#39075009
0!
#39080009
0#
b1100011 %
1&
b11 (
1)
b11 .
b10100111 -
1!
#39085009
0!
#39090009
b0 %
0&
b100 '
0)
b100 /
1!
#39095009
0!
#39100009
1!
#39105009
0!
#39110009
1#
1!
#39115009
0!
#39120009
b100 (
1)
b100 .
b1100011 -
1!
#39125009
0!
#39130009
b10100100 %
1&
1!
#39135009
0!
#39140009
0#
b10001000 %
b101 '
0)
b101 /
1!
#39145009
0!
#39150009
1#
b10001101 %
b110 '
b110 /
1!
#39155009
0!
#39160009
0#
b11110010 %
b111 '
b101 (
b111 /
b101 .
b10100100 -
1!
#39165009
0!
#39170009
1#
b0 %
0&
b1000 '
b1000 /
1!
#39175009
0!
#39180009
b10001011 %
1&
b110 (
b110 .
b10001000 -
1!
#39185009
0!
#39190009
b1100110 %
b111 (
b1001 '
b111 .
b10001101 -
b1001 /
1!
#39195009
0!
#39200009
0#
b0 %
0&
b1010 '
b1000 (
b1010 /
b1000 .
b11110010 -
1!
#39205009
0!
#39210009
b1100011 %
1&
1!
#39215009
0!
#39220009
1#
b0 %
0&
b1011 '
b1011 /
1!
#39225009
0!
#39230009
0#
b1001 (
b1001 .
b10001011 -
1!
#39235009
0!
#39240009
1#
b1110 %
1&
1!
#39245009
0!
#39250009
b0 %
0&
b1010 (
b1100 '
b1010 .
b1100110 -
b1100 /
1!
#39255009
0!
#39260009
b1011 (
b1011 .
b1100011 -
1!
#39265009
0!
#39270009
0#
b1100 (
1)
b1100 .
b1110 -
1!
#39275009
0!
#39280009
1#
b10001101 %
1&
1!
#39285009
0!
#39290009
b0 %
0&
b1101 '
0)
b1101 /
1!
#39295009
0!
#39300009
b11010 %
1&
b1101 (
1)
b1101 .
b10001101 -
1!
#39305009
0!
#39310009
b0 %
0&
b1110 '
0)
b1110 /
1!
#39315009
0!
#39320009
0#
b1110 (
1)
b1110 .
b11010 -
1!
#39325009
0!
#39330009
1#
1!
#39335009
0!
#39340009
1!
#39345009
0!
#39350009
0#
1!
#39355009
0!
#39360009
b1000011 %
1&
1!
#39365009
0!
#39370009
1#
b0 %
0&
b1111 '
0)
b1111 /
1!
#39375009
0!
#39380009
0#
b101111 %
1&
b1111 (
1)
b1111 .
b1000011 -
1!
#39385009
0!
#39390009
1#
b0 %
0&
b0 '
0)
b10000 /
1!
#39395009
0!
#39400009
b0 (
1)
b10000 .
b101111 -
1!
#39405009
0!
#39410009
0#
1!
#39415009
0!
#39420009
b1101010 %
1&
1!
#39425009
0!
#39430009
b10000101 %
b1 '
0)
b10001 /
1!
#39435009
0!
#39440009
b1100 %
b10 '
b10010 /
1!
#39445009
0!
#39450009
1#
b0 %
0&
b11 '
b10011 /
1!
#39455009
0!
#39460009
b1001110 %
1&
b1 (
b10001 .
b1101010 -
1!
#39465009
0!
#39470009
b11000110 %
b10 (
b100 '
b10010 .
b10000101 -
b10100 /
1!
#39475009
0!
#39480009
b0 %
0&
b101 '
b11 (
b10101 /
b10011 .
b1100 -
1!
#39485009
0!
#39490009
0#
b11010100 %
1&
b100 (
b10100 .
b1001110 -
1!
#39495009
0!
#39500009
b1101010 %
b110 '
b10110 /
1!
#39505009
0!
#39510009
1#
b101001 %
b111 '
b10111 /
1!
#39515009
0!
#39520009
0#
b1010100 %
b1000 '
b101 (
b11000 /
b10101 .
b11000110 -
1!
#39525009
0!
#39530009
1#
b10010000 %
b1001 '
b11001 /
1!
#39535009
0!
#39540009
b1100111 %
b1010 '
b110 (
b11010 /
b10110 .
b11010100 -
1!
#39545009
0!
#39550009
b10000101 %
b111 (
b1011 '
b10111 .
b1101010 -
b11011 /
1!
#39555009
0!
#39560009
b0 %
0&
b1100 '
b1000 (
b11100 /
b11000 .
b101001 -
1!
#39565009
0!
#39570009
0#
b1001 (
b11001 .
b1010100 -
1!
#39575009
0!
#39580009
1#
b11000110 %
1&
1!
#39585009
0!
#39590009
0#
b0 %
0&
b1010 (
b1101 '
b11010 .
b10010000 -
b11101 /
1!
#39595009
0!
#39600009
1!
#39605009
0!
#39610009
1!
#39615009
0!
#39620009
1#
b1110101 %
1&
1!
#39625009
0!
#39630009
b0 %
0&
b1011 (
b1110 '
b11011 .
b1100111 -
b11110 /
1!
#39635009
0!
#39640009
b1011100 %
1&
b1100 (
b11100 .
b10000101 -
1!
#39645009
0!
#39650009
0#
b11000110 %
b1101 (
b1111 '
b11101 .
b11000110 -
b11111 /
1!
#39655009
0!
#39660009
1#
b1010100 %
b0 '
b0 /
1!
#39665009
0!
#39670009
0#
b1111111 %
b1110 (
b1 '
b11110 .
b1110101 -
b1 /
1!
#39675009
0!
#39680009
1#
b1111 %
b10 '
b10 /
1!
#39685009
0!
#39690009
0#
b0 %
0&
b1111 (
b11 '
b11111 .
b1011100 -
b11 /
1!
#39695009
0!
#39700009
1#
b1010001 %
1&
1!
#39705009
0!
#39710009
0#
b11011000 %
b0 (
b100 '
b0 .
b11000110 -
b100 /
1!
#39715009
0!
#39720009
1#
b1011 %
b101 '
b101 /
1!
#39725009
0!
#39730009
b1001000 %
b1 (
b110 '
b1 .
b1010100 -
b110 /
1!
#39735009
0!
#39740009
0#
b0 %
0&
b111 '
b10 (
b111 /
b10 .
b1111111 -
1!
#39745009
0!
#39750009
b1111 %
1&
1!
#39755009
0!
#39760009
1#
b0 %
0&
b1000 '
b1000 /
1!
#39765009
0!
#39770009
b11 (
b11 .
b1111 -
1!
#39775009
0!
#39780009
b100 (
b100 .
b1010001 -
1!
#39785009
0!
#39790009
b101 (
b101 .
b11011000 -
1!
#39795009
0!
#39800009
b11000001 %
1&
b110 (
b110 .
b1011 -
1!
#39805009
0!
#39810009
0#
b11010011 %
b111 (
b1001 '
b111 .
b1001000 -
b1001 /
1!
#39815009
0!
#39820009
b100000 %
b1010 '
b1010 /
1!
#39825009
0!
#39830009
b0 %
0&
b1011 '
b1011 /
1!
#39835009
0!
#39840009
1#
b10001011 %
1&
1!
#39845009
0!
#39850009
0#
b0 %
b1000 (
b1100 '
b1000 .
b1111 -
b1100 /
1!
#39855009
0!
#39860009
b11011110 %
b1101 '
b1101 /
1!
#39865009
0!
#39870009
b0 %
0&
b1110 '
b1110 /
1!
#39875009
0!
#39880009
1#
1!
#39885009
0!
#39890009
0#
b1010011 %
1&
b1001 (
b1001 .
b11000001 -
1!
#39895009
0!
#39900009
b0 %
0&
b1111 '
b1111 /
1!
#39905009
0!
#39910009
b11010000 %
1&
1!
#39915009
0!
#39920009
1#
b10110001 %
b0 '
b10000 /
1!
#39925009
0!
#39930009
0#
b11111101 %
b1010 (
b1 '
b1010 .
b11010011 -
b10001 /
1!
#39935009
0!
#39940009
b101100 %
b10 '
b10010 /
1!
#39945009
0!
#39950009
1#
b0 %
0&
b11 '
b10011 /
1!
#39955009
0!
#39960009
0#
b1010100 %
1&
b1011 (
b1011 .
b100000 -
1!
#39965009
0!
#39970009
b1001010 %
b100 '
b10100 /
1!
#39975009
0!
#39980009
b0 %
0&
b101 '
b10101 /
1!
#39985009
0!
#39990009
1#
1!
#39995009
0!
#40000009
0#
b101001 %
1&
b1100 (
b1100 .
b10001011 -
1!
#40005009
0!
#40010009
b0 %
0&
b110 '
b10110 /
1!
#40015009
0!
#40020009
1!
#40025009
0!
#40030009
1!
#40035009
0!
#40040009
1!
#40045009
0!
#40050009
b10111111 %
1&
1!
#40055009
0!
#40060009
b11001001 %
b111 '
b10111 /
1!
#40065009
0!
#40070009
1#
b110110 %
b1000 '
b11000 /
1!
#40075009
0!
#40080009
b0 %
0&
b1001 '
b1101 (
b11001 /
b1101 .
b0 -
1!
#40085009
0!
#40090009
0#
b1110 (
b1110 .
b11011110 -
1!
#40095009
0!
#40100009
1!
#40105009
0!
#40110009
1!
#40115009
0!
#40120009
1#
1!
#40125009
0!
#40130009
0#
b1111 (
b1111 .
b1010011 -
1!
#40135009
0!
#40140009
1#
b1101010 %
1&
1!
#40145009
0!
#40150009
b0 %
0&
b0 (
b1010 '
b10000 .
b11010000 -
b11010 /
1!
#40155009
0!
#40160009
b1 (
b10001 .
b10110001 -
1!
#40165009
0!
#40170009
0#
b10011001 %
1&
b10 (
b10010 .
b11111101 -
1!
#40175009
0!
#40180009
1#
b11110100 %
b1011 '
b11011 /
1!
#40185009
0!
#40190009
0#
b0 %
0&
b11 (
b1100 '
b10011 .
b101100 -
b11100 /
1!
#40195009
0!
#40200009
1#
b10000010 %
1&
1!
#40205009
0!
#40210009
b0 %
0&
b100 (
b1101 '
b10100 .
b1010100 -
b11101 /
1!
#40215009
0!
#40220009
0#
b10110011 %
1&
b101 (
b10101 .
b1001010 -
1!
#40225009
0!
#40230009
b0 %
0&
b1110 '
b11110 /
1!
#40235009
0!
#40240009
1!
#40245009
0!
#40250009
1#
b1111101 %
1&
1!
#40255009
0!
#40260009
0#
b0 %
0&
b1111 '
b110 (
b11111 /
b10110 .
b101001 -
1!
#40265009
0!
#40270009
1#
1!
#40275009
0!
#40280009
b11100111 %
1&
b111 (
b10111 .
b10111111 -
1!
#40285009
0!
#40290009
b1000001 %
b1000 (
b0 '
b11000 .
b11001001 -
b0 /
1!
#40295009
0!
#40300009
b0 %
0&
b1 '
b1001 (
b1 /
b11001 .
b110110 -
1!
#40305009
0!
#40310009
b10001100 %
1&
b1010 (
b11010 .
b1101010 -
1!
#40315009
0!
#40320009
0#
b11000 %
b10 '
b1011 (
b10 /
b11011 .
b10011001 -
1!
#40325009
0!
#40330009
b1011001 %
b11 '
b11 /
1!
#40335009
0!
#40340009
1#
b10010100 %
b100 '
b100 /
1!
#40345009
0!
#40350009
0#
b100111 %
b1100 (
b101 '
b11100 .
b11110100 -
b101 /
1!
#40355009
0!
#40360009
1#
b1011010 %
b110 '
b110 /
1!
#40365009
0!
#40370009
b10101110 %
b1101 (
b111 '
b11101 .
b10000010 -
b111 /
1!
#40375009
0!
#40380009
b0 %
0&
b1000 '
b1110 (
b1000 /
b11110 .
b10110011 -
1!
#40385009
0!
#40390009
0#
b1111 (
b11111 .
b1111101 -
1!
#40395009
0!
#40400009
1#
b1100 %
1&
1!
#40405009
0!
#40410009
0#
b1010 %
b0 (
b1001 '
b0 .
b11100111 -
b1001 /
1!
#40415009
0!
#40420009
1#
b0 %
0&
b1010 '
b1010 /
1!
#40425009
0!
#40430009
b11011111 %
1&
b1 (
b1 .
b1000001 -
1!
#40435009
0!
#40440009
b10000110 %
b1011 '
b10 (
b1011 /
b10 .
b10001100 -
1!
#40445009
0!
#40450009
b0 %
0&
b11 (
b1100 '
b11 .
b11000 -
b1100 /
1!
#40455009
0!
#40460009
0#
b1000110 %
1&
b100 (
b100 .
b1011001 -
1!
#40465009
0!
#40470009
b1100100 %
b1101 '
b1101 /
1!
#40475009
0!
#40480009
1#
b0 %
0&
b1110 '
b1110 /
1!
#40485009
0!
#40490009
0#
b1011110 %
1&
b101 (
b101 .
b10010100 -
1!
#40495009
0!
#40500009
1#
b1100111 %
b1111 '
b1111 /
1!
#40505009
0!
#40510009
0#
b101 %
b110 (
b0 '
b110 .
b100111 -
b10000 /
1!
#40515009
0!
#40520009
1#
b0 %
0&
b1 '
b10001 /
1!
#40525009
0!
#40530009
0#
b10011011 %
1&
b111 (
b111 .
b1011010 -
1!
#40535009
0!
#40540009
b11110101 %
b10 '
b10010 /
1!
#40545009
0!
#40550009
1#
b11 '
b10011 /
1!
#40555009
0!
#40560009
0#
b100100 %
b100 '
b1000 (
b10100 /
b1000 .
b10101110 -
1!
#40565009
0!
#40570009
b100010 %
b101 '
b10101 /
1!
#40575009
0!
#40580009
1#
b0 %
0&
b110 '
b10110 /
1!
#40585009
0!
#40590009
b1001 (
b1001 .
b1100 -
1!
#40595009
0!
#40600009
0#
b1010 (
b1010 .
b1010 -
1!
#40605009
0!
#40610009
1#
1!
#40615009
0!
#40620009
b10111111 %
1&
b1011 (
b1011 .
b11011111 -
1!
#40625009
0!
#40630009
0#
b0 %
0&
b1100 (
b111 '
b1100 .
b10000110 -
b10111 /
1!
#40635009
0!
#40640009
b11010000 %
1&
1!
#40645009
0!
#40650009
1#
b0 %
0&
b1000 '
b11000 /
1!
#40655009
0!
#40660009
0#
b11011101 %
1&
b1101 (
b1101 .
b1000110 -
1!
#40665009
0!
#40670009
b1001010 %
b1001 '
b11001 /
1!
#40675009
0!
#40680009
1#
b10001111 %
b1010 '
b11010 /
1!
#40685009
0!
#40690009
0#
b0 %
0&
b1110 (
b1011 '
b1110 .
b1100100 -
b11011 /
1!
#40695009
0!
#40700009
1#
1!
#40705009
0!
#40710009
0#
b1111 (
b1111 .
b1011110 -
1!
#40715009
0!
#40720009
1!
#40725009
0!
#40730009
1!
#40735009
0!
#40740009
1#
1!
#40745009
0!
#40750009
b100000 %
1&
b0 (
b10000 .
b1100111 -
1!
#40755009
0!
#40760009
b10010011 %
b1100 '
b1 (
b11100 /
b10001 .
b101 -
1!
#40765009
0!
#40770009
0#
b10100101 %
b10 (
b1101 '
b10010 .
b10011011 -
b11101 /
1!
#40775009
0!
#40780009
1#
b0 %
0&
b1110 '
b11110 /
1!
#40785009
0!
#40790009
0#
b11 (
b10011 .
b11110101 -
1!
#40795009
0!
#40800009
1#
b1100000 %
1&
1!
#40805009
0!
#40810009
b0 %
0&
b100 (
b1111 '
b10100 .
b11111 /
1!
#40815009
0!
#40820009
0#
b10111001 %
1&
b101 (
b10101 .
b100100 -
1!
#40825009
0!
#40830009
1#
b0 %
0&
b0 '
b0 /
1!
#40835009
0!
#40840009
b110 (
b10110 .
b100010 -
1!
#40845009
0!
#40850009
b10101100 %
1&
b111 (
b10111 .
b10111111 -
1!
#40855009
0!
#40860009
b0 %
0&
b1 '
b1000 (
b1 /
b11000 .
b11010000 -
1!
#40865009
0!
#40870009
b11101011 %
1&
b1001 (
b11001 .
b11011101 -
1!
#40875009
0!
#40880009
0#
b10000001 %
b10 '
b1010 (
b10 /
b11010 .
b1001010 -
1!
#40885009
0!
#40890009
b11001001 %
b11 '
b11 /
1!
#40895009
0!
#40900009
0&
0$
b100 '
b100 /
1!
#40905009
0!
#40910009
b0 %
1$
b0 (
b0 '
b0 -
1)
b0 .
b0 /
1!
#40915009
0!
#40920009
1!
#40925009
0!
#40930009
1#
1!
#40935009
0!
#40940009
0#
b110111 %
1&
1!
#40945009
0!
#40950009
1#
b1011100 %
b1 '
0)
b1 /
1!
#40955009
0!
#40960009
0#
b0 %
0&
b10 '
b1 (
b10 /
0)
b1 .
b110111 -
1!
#40965009
0!
#40970009
1#
b10001001 %
1&
1!
#40975009
0!
#40980009
0#
b11011000 %
b11 '
b10 (
b11 /
0)
b10 .
b1011100 -
1!
#40985009
0!
#40990009
b0 %
0&
b100 '
b100 /
1!
#40995009
0!
#41000009
0$
1!
#41005009
0!
#41010009
1#
1$
b0 (
b0 '
b0 -
1)
b0 .
b0 /
1!
#41015009
0!
#41020009
0#
b10001000 %
1&
1!
#41025009
0!
#41030009
1#
b1011 %
b1 '
0)
b1 /
1!
#41035009
0!
#41040009
b11000100 %
b10 '
b1 (
b10 /
0)
b1 .
b10001000 -
1!
#41045009
0!
#41050009
0#
b0 %
0&
b10 (
b11 '
b10 .
b1011 -
b11 /
1!
#41055009
0!
#41060009
1!
#41065009
0!
#41070009
1#
b11010000 %
1&
1!
#41075009
0!
#41080009
b1011000 %
b100 '
b11 (
b100 /
0)
b11 .
b11000100 -
1!
#41085009
0!
#41090009
b10011101 %
b100 (
b101 '
b100 .
b11010000 -
b101 /
1!
#41095009
0!
#41100009
0#
b0 %
0&
b110 '
b101 (
b110 /
0)
b101 .
b1011000 -
1!
#41105009
0!
#41110009
b11010001 %
1&
1!
#41115009
0!
#41120009
b11000100 %
b111 '
b111 /
1!
#41125009
0!
#41130009
1#
b0 %
0&
b1000 '
b1000 /
1!
#41135009
0!
#41140009
0#
b11011111 %
1&
b110 (
b110 .
b10011101 -
1!
#41145009
0!
#41150009
1#
b0 %
0&
b1001 '
b1001 /
1!
#41155009
0!
#41160009
0#
b111 (
b111 .
b11010001 -
1!
#41165009
0!
#41170009
b11000001 %
1&
1!
#41175009
0!
#41180009
1#
b10110100 %
b1010 '
b1010 /
1!
#41185009
0!
#41190009
b1110110 %
b1000 (
b1011 '
b1000 .
b11000100 -
b1011 /
1!
#41195009
0!
#41200009
0#
b0 %
0&
b1100 '
b1001 (
b1100 /
b1001 .
b11011111 -
1!
#41205009
0!
#41210009
1!
#41215009
0!
#41220009
1#
1!
#41225009
0!
#41230009
b11011111 %
1&
b1010 (
b1010 .
b11000001 -
1!
#41235009
0!
#41240009
b0 %
0&
b1101 '
b1011 (
b1101 /
b1011 .
b10110100 -
1!
#41245009
0!
#41250009
b10000101 %
1&
b1100 (
b1100 .
b1110110 -
1!
#41255009
0!
#41260009
0#
b1100100 %
b1110 '
b1101 (
b1110 /
0)
b1101 .
b11011111 -
1!
#41265009
0!
#41270009
1#
b0 %
0&
b1111 '
b1111 /
1!
#41275009
0!
#41280009
0#
b101111 %
1&
b1110 (
b1110 .
b10000101 -
1!
#41285009
0!
#41290009
1#
b0 %
0&
b0 '
b10000 /
1!
#41295009
0!
#41300009
b1001000 %
1&
b1111 (
b1111 .
b1100100 -
1!
#41305009
0!
#41310009
0#
b1110101 %
b0 (
b1 '
b10000 .
b101111 -
b10001 /
1!
#41315009
0!
#41320009
1#
b101111 %
b10 '
b10010 /
1!
#41325009
0!
#41330009
0#
b0 %
0&
b1 (
b11 '
b10001 .
b1001000 -
b10011 /
1!
#41335009
0!
#41340009
1!
#41345009
0!
#41350009
1#
b1010101 %
1&
1!
#41355009
0!
#41360009
b0 %
0&
b100 '
b10 (
b10100 /
b10010 .
b1110101 -
1!
#41365009
0!
#41370009
b1011011 %
1&
b11 (
b10011 .
b101111 -
1!
#41375009
0!
#41380009
0#
b0 %
0&
b101 '
b100 (
b10101 /
0)
b10100 .
b1010101 -
1!
#41385009
0!
#41390009
b1011111 %
1&
1!
#41395009
0!
#41400009
b10001011 %
b110 '
b10110 /
1!
#41405009
0!
#41410009
b11101 %
b111 '
b10111 /
1!
#41415009
0!
#41420009
1#
b1000011 %
b1000 '
b11000 /
1!
#41425009
0!
#41430009
b0 %
0&
b101 (
b1001 '
b10101 .
b1011011 -
b11001 /
1!
#41435009
0!
#41440009
b111000 %
1&
b110 (
b10110 .
b1011111 -
1!
#41445009
0!
#41450009
0#
b10101 %
b111 (
b1010 '
b10111 .
b10001011 -
b11010 /
1!
#41455009
0!
#41460009
1#
b11101011 %
b1011 '
b11011 /
1!
#41465009
0!
#41470009
0#
b11001110 %
b1000 (
b1100 '
b11000 .
b11101 -
b11100 /
1!
#41475009
0!
#41480009
b10110101 %
b1101 '
b11101 /
1!
#41485009
0!
#41490009
b0 %
0&
b1110 '
b11110 /
1!
#41495009
0!
#41500009
b1010101 %
1&
1!
#41505009
0!
#41510009
b1101001 %
b1111 '
b11111 /
1!
#41515009
0!
#41520009
b0 %
0&
b0 '
b0 /
1!
#41525009
0!
#41530009
1#
1!
#41535009
0!
#41540009
b1000 %
1&
b1001 (
b11001 .
b1000011 -
1!
#41545009
0!
#41550009
0#
b0 %
0&
b1010 (
b1 '
b11010 .
b111000 -
b1 /
1!
#41555009
0!
#41560009
1!
#41565009
0!
#41570009
1#
1!
#41575009
0!
#41580009
0#
b1011 (
b11011 .
b10101 -
1!
#41585009
0!
#41590009
b10111110 %
1&
1!
#41595009
0!
#41600009
1#
b11010 %
b10 '
b10 /
1!
#41605009
0!
#41610009
0#
b110011 %
b1100 (
b11 '
b11100 .
b11101011 -
b11 /
1!
#41615009
0!
#41620009
1#
b11000101 %
b100 '
b100 /
1!
#41625009
0!
#41630009
b0 %
0&
b1101 (
b101 '
b11101 .
b11001110 -
b101 /
1!
#41635009
0!
#41640009
0#
b1110 (
b11110 .
b10110101 -
1!
#41645009
0!
#41650009
1!
#41655009
0!
#41660009
1#
b1010100 %
1&
1!
#41665009
0!
#41670009
0#
0&
0$
b1111 (
b110 '
b11111 .
b1010101 -
b110 /
1!
#41675009
0!
#41680009
b0 %
1$
b0 '
b0 (
1)
b0 /
b0 -
b0 .
1!
#41685009
0!
#41690009
1!
#41695009
0!
#41700009
1#
b11101011 %
1&
1!
#41705009
0!
#41710009
b111111 %
b1 '
0)
b1 /
1!
#41715009
0!
#41720009
b0 %
0&
b10 '
b1 (
b10 /
0)
b1 .
b11101011 -
1!
#41725009
0!
#41730009
0#
b10 (
1)
b10 .
b111111 -
1!
#41735009
0!
#41740009
1!
#41745009
0!
#41750009
1#
1!
#41755009
0!
#41760009
0#
1!
#41765009
0!
#41770009
1#
1!
#41775009
0!
#41780009
b10110 %
1&
1!
#41785009
0!
#41790009
b0 %
0&
b11 '
0)
b11 /
1!
#41795009
0!
#41800009
0#
b1001101 %
1&
b11 (
1)
b11 .
b10110 -
1!
#41805009
0!
#41810009
b0 %
0&
b100 '
0)
b100 /
1!
#41815009
0!
#41820009
1#
1!
#41825009
0!
#41830009
0#
b100 (
1)
b100 .
b1001101 -
1!
#41835009
0!
#41840009
1#
1!
#41845009
0!
#41850009
0#
b10101111 %
1&
1!
#41855009
0!
#41860009
b0 %
0&
b101 '
0)
b101 /
1!
#41865009
0!
#41870009
b10101001 %
1&
1!
#41875009
0!
#41880009
1#
b10001110 %
b110 '
b110 /
1!
#41885009
0!
#41890009
b0 %
0&
b101 (
b111 '
b101 .
b10101111 -
b111 /
1!
#41895009
0!
#41900009
b10011001 %
1&
b110 (
b110 .
b10101001 -
1!
#41905009
0!
#41910009
b0 %
0&
b111 (
b1000 '
b111 .
b10001110 -
b1000 /
1!
#41915009
0!
#41920009
0#
b110110 %
1&
b1000 (
1)
b1000 .
b10011001 -
1!
#41925009
0!
#41930009
b0 %
0&
b1001 '
0)
b1001 /
1!
#41935009
0!
#41940009
1#
1!
#41945009
0!
#41950009
0#
b10111001 %
1&
b1001 (
1)
b1001 .
b110110 -
1!
#41955009
0!
#41960009
b10011001 %
b1010 '
0)
b1010 /
1!
#41965009
0!
#41970009
1#
b100001 %
b1011 '
b1011 /
1!
#41975009
0!
#41980009
b0 %
0&
b1100 '
b1010 (
b1100 /
b1010 .
b10111001 -
1!
#41985009
0!
#41990009
b1111 %
1&
b1011 (
b1011 .
b10011001 -
1!
#41995009
0!
#42000009
b11111001 %
b1101 '
b1100 (
b1101 /
0)
b1100 .
b100001 -
1!
#42005009
0!
#42010009
0#
b1101101 %
b1101 (
b1110 '
b1101 .
b1111 -
b1110 /
1!
#42015009
0!
#42020009
1#
b0 %
0&
b1111 '
b1111 /
1!
#42025009
0!
#42030009
b10100111 %
1&
b1110 (
b1110 .
b11111001 -
1!
#42035009
0!
#42040009
b0 %
0&
b0 '
b1111 (
b10000 /
0)
b1111 .
b1101101 -
1!
#42045009
0!
#42050009
b0 (
1)
b10000 .
b10100111 -
1!
#42055009
0!
#42060009
0#
1!
#42065009
0!
#42070009
1#
1!
#42075009
0!
#42080009
b10010101 %
1&
1!
#42085009
0!
#42090009
0#
b10110110 %
b1 '
0)
b10001 /
1!
#42095009
0!
#42100009
1#
b10011110 %
b10 '
b10010 /
1!
#42105009
0!
#42110009
0#
b10100 %
b1 (
b11 '
b10001 .
b10010101 -
b10011 /
1!
#42115009
0!
#42120009
1#
b0 %
0&
b100 '
b10100 /
1!
#42125009
0!
#42130009
0#
b110111 %
1&
b10 (
b10010 .
b10110110 -
1!
#42135009
0!
#42140009
b100100 %
b101 '
b10101 /
1!
#42145009
0!
#42150009
1#
b10000101 %
b110 '
b10110 /
1!
#42155009
0!
#42160009
0#
b0 %
0&
b111 '
b11 (
b10111 /
b10011 .
b10011110 -
1!
#42165009
0!
#42170009
1#
b11001001 %
1&
1!
#42175009
0!
#42180009
0#
b0 %
0&
b1000 '
b100 (
b11000 /
b10100 .
b10100 -
1!
#42185009
0!
#42190009
b10010110 %
1&
1!
#42195009
0!
#42200009
1#
b0 %
0&
b1001 '
b11001 /
1!
#42205009
0!
#42210009
0#
b101 (
b10101 .
b110111 -
1!
#42215009
0!
#42220009
1#
b1001111 %
1&
1!
#42225009
0!
#42230009
0#
b1001011 %
b110 (
b1010 '
b10110 .
b100100 -
b11010 /
1!
#42235009
0!
#42240009
1#
b100101 %
b1011 '
b11011 /
1!
#42245009
0!
#42250009
b1111010 %
b111 (
b1100 '
b10111 .
b10000101 -
b11100 /
1!
#42255009
0!
#42260009
b10011010 %
b1101 '
b1000 (
b11101 /
b11000 .
b11001001 -
1!
#42265009
0!
#42270009
b10001 %
b1001 (
b1110 '
b11001 .
b10010110 -
b11110 /
1!
#42275009
0!
#42280009
b11001 %
b1111 '
b1010 (
b11111 /
b11010 .
b1001111 -
1!
#42285009
0!
#42290009
b0 %
0&
b1011 (
b0 '
b11011 .
b1001011 -
b0 /
1!
#42295009
0!
#42300009
0#
b11001011 %
1&
b1100 (
b11100 .
b100101 -
1!
#42305009
0!
#42310009
1#
b0 %
0&
b1 '
b1 /
1!
#42315009
0!
#42320009
0#
b1101 (
b11101 .
b1111010 -
1!
#42325009
0!
#42330009
1!
#42335009
0!
#42340009
b1010100 %
1&
1!
#42345009
0!
#42350009
1#
b10101011 %
b10 '
b10 /
1!
#42355009
0!
#42360009
b0 %
0&
b11 '
b1110 (
b11 /
b11110 .
b10011010 -
1!
#42365009
0!
#42370009
0#
b1111 (
b11111 .
b10001 -
1!
#42375009
0!
#42380009
b10111000 %
1&
1!
#42385009
0!
#42390009
1#
b0 %
0&
b100 '
b100 /
1!
#42395009
0!
#42400009
0#
0$
b0 (
b0 .
b11001 -
1!
#42405009
0!
#42410009
1$
b0 '
b0 -
1)
b0 /
1!
#42415009
0!
#42420009
b10001100 %
1&
1!
#42425009
0!
#42430009
b0 %
0&
b1 '
0)
b1 /
1!
#42435009
0!
#42440009
1#
1!
#42445009
0!
#42450009
b1 (
1)
b1 .
b10001100 -
1!
#42455009
0!
#42460009
0#
1!
#42465009
0!
#42470009
1#
b11010000 %
1&
1!
#42475009
0!
#42480009
b0 %
0&
b10 '
0)
b10 /
1!
#42485009
0!
#42490009
b1110110 %
1&
b10 (
1)
b10 .
b11010000 -
1!
#42495009
0!
#42500009
b0 %
0&
b11 '
0)
b11 /
1!
#42505009
0!
#42510009
0#
b11 (
1)
b11 .
b1110110 -
1!
#42515009
0!
#42520009
1!
#42525009
0!
#42530009
1#
b1110001 %
1&
1!
#42535009
0!
#42540009
b11011100 %
b100 '
0)
b100 /
1!
#42545009
0!
#42550009
0#
b11010101 %
b100 (
b101 '
b100 .
b1110001 -
b101 /
1!
#42555009
0!
#42560009
0&
0$
b110 '
b110 /
1!
#42565009
0!
#42570009
b0 %
1$
b0 (
b0 '
b0 -
1)
b0 .
b0 /
1!
#42575009
0!
#42580009
1!
#42585009
0!
#42590009
1!
#42595009
0!
#42600009
1!
#42605009
0!
#42610009
b1011010 %
1&
1!
#42615009
0!
#42620009
b101000 %
b1 '
0)
b1 /
1!
#42625009
0!
#42630009
1#
b110010 %
b10 '
b10 /
1!
#42635009
0!
#42640009
b0 %
0&
b11 '
b1 (
b11 /
b1 .
b1011010 -
1!
#42645009
0!
#42650009
b10 (
b10 .
b101000 -
1!
#42655009
0!
#42660009
b110001 %
1&
b11 (
1)
b11 .
b110010 -
1!
#42665009
0!
#42670009
0#
b100011 %
b100 '
0)
b100 /
1!
#42675009
0!
#42680009
1#
b1 %
b101 '
b101 /
1!
#42685009
0!
#42690009
0#
b10001010 %
b100 (
b110 '
b100 .
b110001 -
b110 /
1!
#42695009
0!
#42700009
1#
b111110 %
b111 '
b111 /
1!
#42705009
0!
#42710009
0#
b0 %
0&
b101 (
b1000 '
b101 .
b100011 -
b1000 /
1!
#42715009
0!
#42720009
b101010 %
1&
1!
#42725009
0!
#42730009
1#
b1100000 %
b1001 '
b1001 /
1!
#42735009
0!
#42740009
b101100 %
b1010 '
b110 (
b1010 /
b110 .
b1 -
1!
#42745009
0!
#42750009
b1100011 %
b111 (
b1011 '
b111 .
b10001010 -
b1011 /
1!
#42755009
0!
#42760009
0#
b0 %
0&
b1100 '
b1000 (
b1100 /
b1000 .
b111110 -
1!
#42765009
0!
#42770009
1!
#42775009
0!
#42780009
1!
#42785009
0!
#42790009
b11110111 %
1&
1!
#42795009
0!
#42800009
1#
b0 %
0&
b1101 '
b1101 /
1!
#42805009
0!
#42810009
0#
b11111101 %
1&
b1001 (
b1001 .
b101010 -
1!
#42815009
0!
#42820009
1#
b10111100 %
b1110 '
b1110 /
1!
#42825009
0!
#42830009
b1 %
b1010 (
b1111 '
b1010 .
b1100000 -
b1111 /
1!
#42835009
0!
#42840009
0#
b10111110 %
b0 '
b1011 (
b10000 /
b1011 .
b101100 -
1!
#42845009
0!
#42850009
b10100001 %
b1 '
b10001 /
1!
#42855009
0!
#42860009
b111011 %
b10 '
b10010 /
1!
#42865009
0!
#42870009
b10101110 %
b11 '
b10011 /
1!
#42875009
0!
#42880009
b0 %
0&
b100 '
b10100 /
1!
#42885009
0!
#42890009
b11011001 %
1&
1!
#42895009
0!
#42900009
1#
b0 %
0&
b101 '
b10101 /
1!
#42905009
0!
#42910009
b1100 (
b1100 .
b1100011 -
1!
#42915009
0!
#42920009
b10101110 %
1&
b1101 (
b1101 .
b11110111 -
1!
#42925009
0!
#42930009
0#
b0 %
0&
b1110 (
b110 '
b1110 .
b11111101 -
b10110 /
1!
#42935009
0!
#42940009
b11010000 %
1&
1!
#42945009
0!
#42950009
1#
b0 %
0&
b111 '
b10111 /
1!
#42955009
0!
#42960009
0#
b1111 (
b1111 .
b10111100 -
1!
#42965009
0!
#42970009
1#
1!
#42975009
0!
#42980009
b111111 %
1&
b0 (
b10000 .
b1 -
1!
#42985009
0!
#42990009
0#
b1110110 %
b1 (
b1000 '
b10001 .
b10111110 -
b11000 /
1!
#42995009
0!
#43000009
b101000 %
b1001 '
b11001 /
1!
#43005009
0!
#43010009
b0 %
0&
b1010 '
b11010 /
1!
#43015009
0!
#43020009
b10011000 %
1&
1!
#43025009
0!
#43030009
b10011111 %
b1011 '
b11011 /
1!
#43035009
0!
#43040009
b10001001 %
b1100 '
b11100 /
1!
#43045009
0!
#43050009
1#
b10 %
b1101 '
b11101 /
1!
#43055009
0!
#43060009
b10111000 %
b1110 '
b10 (
b11110 /
b10010 .
b10100001 -
1!
#43065009
0!
#43070009
b1111110 %
b11 (
b1111 '
b10011 .
b111011 -
b11111 /
1!
#43075009
0!
#43080009
0#
b110101 %
b0 '
b100 (
b0 /
b10100 .
b10101110 -
1!
#43085009
0!
#43090009
1#
b1000000 %
b1 '
b1 /
1!
#43095009
0!
#43100009
0#
b0 %
0&
b10 '
b101 (
b10 /
b10101 .
b11011001 -
1!
#43105009
0!
#43110009
1#
1!
#43115009
0!
#43120009
0#
b1100000 %
1&
b110 (
b10110 .
b10101110 -
1!
#43125009
0!
#43130009
1#
b11000110 %
b11 '
b11 /
1!
#43135009
0!
#43140009
b0 %
0&
b100 '
b111 (
b100 /
b10111 .
b11010000 -
1!
#43145009
0!
#43150009
0#
b1000 (
b11000 .
b111111 -
1!
#43155009
0!
#43160009
b111111 %
1&
1!
#43165009
0!
#43170009
b0 %
b101 '
b101 /
1!
#43175009
0!
#43180009
1#
b10000001 %
b110 '
b110 /
1!
#43185009
0!
#43190009
0#
b0 %
0&
b1001 (
b111 '
b11001 .
b1110110 -
b111 /
1!
#43195009
0!
#43200009
1#
1!
#43205009
0!
#43210009
b10111 %
1&
b1010 (
b11010 .
b101000 -
1!
#43215009
0!
#43220009
b0 %
0&
b1000 '
b1011 (
b1000 /
b11011 .
b10011000 -
1!
#43225009
0!
#43230009
0#
b1100 (
b11100 .
b10011111 -
1!
#43235009
0!
#43240009
1!
#43245009
0!
#43250009
0$
1!
#43255009
0!
#43260009
1#
b111111 %
1&
1$
b0 '
b0 (
1)
b0 /
b0 -
b0 .
1!
#43265009
0!
#43270009
b10001100 %
b1 '
0)
b1 /
1!
#43275009
0!
#43280009
0#
b1101001 %
b10 '
b1 (
b10 /
0)
b1 .
b111111 -
1!
#43285009
0!
#43290009
b1111100 %
b11 '
b11 /
1!
#43295009
0!
#43300009
1#
b0 %
0&
b100 '
b100 /
1!
#43305009
0!
#43310009
b11110 %
1&
b10 (
b10 .
b10001100 -
1!
#43315009
0!
#43320009
b0 %
0&
b101 '
b11 (
b101 /
b11 .
b1101001 -
1!
#43325009
0!
#43330009
b1011010 %
1&
b100 (
b100 .
b1111100 -
1!
#43335009
0!
#43340009
0#
b100001 %
b110 '
b101 (
b110 /
0)
b101 .
b11110 -
1!
#43345009
0!
#43350009
b11100110 %
b111 '
b111 /
1!
#43355009
0!
#43360009
b0 %
0&
b1000 '
b1000 /
1!
#43365009
0!
#43370009
1#
b11100000 %
1&
1!
#43375009
0!
#43380009
b11111000 %
b1001 '
b110 (
b1001 /
b110 .
b1011010 -
1!
#43385009
0!
#43390009
0#
b0 %
0&
b111 (
b1010 '
b111 .
b100001 -
b1010 /
1!
#43395009
0!
#43400009
1#
b10111101 %
1&
1!
#43405009
0!
#43410009
b0 %
0&
b1000 (
b1011 '
b1000 .
b11100110 -
b1011 /
1!
#43415009
0!
#43420009
0#
b1001 (
b1001 .
b11100000 -
1!
#43425009
0!
#43430009
1!
#43435009
0!
#43440009
b1011101 %
1&
1!
#43445009
0!
#43450009
1#
b0 %
0&
b1100 '
b1100 /
1!
#43455009
0!
#43460009
0#
b11010110 %
1&
b1010 (
b1010 .
b11111000 -
1!
#43465009
0!
#43470009
1#
b110111 %
b1101 '
b1101 /
1!
#43475009
0!
#43480009
b0 %
0&
b1110 '
b1011 (
b1110 /
b1011 .
b10111101 -
1!
#43485009
0!
#43490009
b11001101 %
1&
b1100 (
b1100 .
b1011101 -
1!
#43495009
0!
#43500009
0#
b0 %
0&
b1111 '
b1101 (
b1111 /
b1101 .
b11010110 -
1!
#43505009
0!
#43510009
b1111101 %
1&
1!
#43515009
0!
#43520009
1#
b0 %
0&
b0 '
b10000 /
1!
#43525009
0!
#43530009
b1110 (
b1110 .
b110111 -
1!
#43535009
0!
#43540009
0#
b1111 (
b1111 .
b11001101 -
1!
#43545009
0!
#43550009
1#
1!
#43555009
0!
#43560009
b100101 %
1&
b0 (
1)
b10000 .
b1111101 -
1!
#43565009
0!
#43570009
0#
b0 %
0&
b1 '
0)
b10001 /
1!
#43575009
0!
#43580009
1#
b10111101 %
1&
1!
#43585009
0!
#43590009
0#
b11010001 %
b1 (
b10 '
b10001 .
b100101 -
b10010 /
1!
#43595009
0!
#43600009
b11100110 %
b11 '
b10011 /
1!
#43605009
0!
#43610009
b111100 %
b100 '
b10100 /
1!
#43615009
0!
#43620009
b1111011 %
b101 '
b10101 /
1!
#43625009
0!
#43630009
b0 %
0&
b110 '
b10110 /
1!
#43635009
0!
#43640009
1#
1!
#43645009
0!
#43650009
b10 (
b10010 .
b10111101 -
1!
#43655009
0!
#43660009
b1110101 %
1&
b11 (
b10011 .
b11010001 -
1!
#43665009
0!
#43670009
b10110010 %
b100 (
b111 '
b10100 .
b11100110 -
b10111 /
1!
#43675009
0!
#43680009
0#
b0 %
0&
b1000 '
b101 (
b11000 /
b10101 .
b111100 -
1!
#43685009
0!
#43690009
1!
#43695009
0!
#43700009
1#
1!
#43705009
0!
#43710009
b1011011 %
1&
b110 (
b10110 .
b1111011 -
1!
#43715009
0!
#43720009
b11101011 %
b1001 '
b111 (
b11001 /
b10111 .
b1110101 -
1!
#43725009
0!
#43730009
0#
b10000 %
b1000 (
b1010 '
b11000 .
b10110010 -
b11010 /
1!
#43735009
0!
#43740009
1#
b0 %
0&
b1011 '
b11011 /
1!
#43745009
0!
#43750009
b1001 (
b11001 .
b1011011 -
1!
#43755009
0!
#43760009
b1010001 %
1&
b1010 (
b11010 .
b11101011 -
1!
#43765009
0!
#43770009
b1011001 %
b1011 (
b1100 '
b11011 .
b10000 -
b11100 /
1!
#43775009
0!
#43780009
b0 %
0&
b1101 '
b1100 (
b11101 /
0)
b11100 .
b1010001 -
1!
#43785009
0!
#43790009
b110111 %
1&
b1101 (
1)
b11101 .
b1011001 -
1!
#43795009
0!
#43800009
b0 %
0&
b1110 '
0)
b11110 /
1!
#43805009
0!
#43810009
0#
b1110 (
1)
b11110 .
b110111 -
1!
#43815009
0!
#43820009
1!
#43825009
0!
#43830009
1#
1!
#43835009
0!
#43840009
0#
1!
#43845009
0!
#43850009
1#
b1011000 %
1&
1!
#43855009
0!
#43860009
b0 %
0&
b1111 '
0)
b11111 /
1!
#43865009
0!
#43870009
0#
b1010 %
1&
b1111 (
1)
b11111 .
b1011000 -
1!
#43875009
0!
#43880009
b11101110 %
b0 '
0)
b0 /
1!
#43885009
0!
#43890009
1#
b0 %
0&
b1 '
b1 /
1!
#43895009
0!
#43900009
b0 (
b0 .
b1010 -
1!
#43905009
0!
#43910009
b1 (
1)
b1 .
b11101110 -
1!
#43915009
0!
#43920009
0#
1!
#43925009
0!
#43930009
b1110110 %
1&
1!
#43935009
0!
#43940009
1#
b100101 %
b10 '
0)
b10 /
1!
#43945009
0!
#43950009
b0 %
0&
b10 (
b11 '
b10 .
b1110110 -
b11 /
1!
#43955009
0!
#43960009
b1000101 %
1&
b11 (
1)
b11 .
b100101 -
1!
#43965009
0!
#43970009
b1101001 %
b100 '
0)
b100 /
1!
#43975009
0!
#43980009
0#
b0 %
0&
b101 '
b100 (
b101 /
0)
b100 .
b1000101 -
1!
#43985009
0!
#43990009
1#
b11011000 %
1&
1!
#43995009
0!
#44000009
0#
b0 %
0&
b110 '
b101 (
b110 /
0)
b101 .
b1101001 -
1!
#44005009
0!
#44010009
1#
b10101100 %
1&
1!
#44015009
0!
#44020009
0#
b0 %
0&
b111 '
b110 (
b111 /
0)
b110 .
b11011000 -
1!
#44025009
0!
#44030009
1!
#44035009
0!
#44040009
1#
b101001 %
1&
1!
#44045009
0!
#44050009
0#
b110010 %
b111 (
b1000 '
b111 .
b10101100 -
b1000 /
1!
#44055009
0!
#44060009
b0 %
0&
b1001 '
b1001 /
1!
#44065009
0!
#44070009
1!
#44075009
0!
#44080009
1#
b11000010 %
1&
1!
#44085009
0!
#44090009
0#
b0 %
0&
b1000 (
b1010 '
b1000 .
b101001 -
b1010 /
1!
#44095009
0!
#44100009
1#
b1001011 %
1&
1!
#44105009
0!
#44110009
b0 %
0&
b1001 (
b1011 '
b1001 .
b110010 -
b1011 /
1!
#44115009
0!
#44120009
b1010 (
b1010 .
b11000010 -
1!
#44125009
0!
#44130009
0#
b1011 (
1)
b1011 .
b1001011 -
1!
#44135009
0!
#44140009
1#
b11011110 %
1&
1!
#44145009
0!
#44150009
b10000101 %
b1100 '
0)
b1100 /
1!
#44155009
0!
#44160009
0#
b101101 %
b1101 '
b1100 (
b1101 /
0)
b1100 .
b11011110 -
1!
#44165009
0!
#44170009
b0 %
0&
b1110 '
b1110 /
1!
#44175009
0!
#44180009
1#
1!
#44185009
0!
#44190009
b10100100 %
1&
b1101 (
b1101 .
b10000101 -
1!
#44195009
0!
#44200009
b1010111 %
b1111 '
b1110 (
b1111 /
0)
b1110 .
b101101 -
1!
#44205009
0!
#44210009
b10100 %
b1111 (
b0 '
b1111 .
b10100100 -
b10000 /
1!
#44215009
0!
#44220009
b11010010 %
b1 '
b0 (
b10001 /
0)
b10000 .
b1010111 -
1!
#44225009
0!
#44230009
b0 %
0&
b1 (
b10 '
b10001 .
b10100 -
b10010 /
1!
#44235009
0!
#44240009
0#
b10 (
1)
b10010 .
b11010010 -
1!
#44245009
0!
#44250009
1!
#44255009
0!
#44260009
1#
b11000 %
1&
1!
#44265009
0!
#44270009
b0 %
0&
b11 '
0)
b10011 /
1!
#44275009
0!
#44280009
0#
b11 (
1)
b10011 .
b11000 -
1!
#44285009
0!
#44290009
b1011010 %
1&
1!
#44295009
0!
#44300009
b1111111 %
b100 '
0)
b10100 /
1!
#44305009
0!
#44310009
b100000 %
b101 '
b10101 /
1!
#44315009
0!
#44320009
b1001000 %
b110 '
b10110 /
1!
#44325009
0!
#44330009
1#
b0 %
0&
b111 '
b10111 /
1!
#44335009
0!
#44340009
0#
b100 (
b10100 .
b1011010 -
1!
#44345009
0!
#44350009
1#
b1111100 %
1&
1!
#44355009
0!
#44360009
b0 %
0&
b1000 '
b101 (
b11000 /
b10101 .
b1111111 -
1!
#44365009
0!
#44370009
b110 (
b10110 .
b100000 -
1!
#44375009
0!
#44380009
b111 (
b10111 .
b1001000 -
1!
#44385009
0!
#44390009
b11000111 %
1&
b1000 (
1)
b11000 .
b1111100 -
1!
#44395009
0!
#44400009
b0 %
0&
b1001 '
0)
b11001 /
1!
#44405009
0!
#44410009
b1001 (
1)
b11001 .
b11000111 -
1!
#44415009
0!
#44420009
1!
#44425009
0!
#44430009
b1011 %
1&
1!
#44435009
0!
#44440009
b10001111 %
b1010 '
0)
b11010 /
1!
#44445009
0!
#44450009
0#
b0 %
0&
b1010 (
b1011 '
b11010 .
b1011 -
b11011 /
1!
#44455009
0!
#44460009
1#
1!
#44465009
0!
#44470009
b1011011 %
1&
b1011 (
1)
b11011 .
b10001111 -
1!
#44475009
0!
#44480009
0#
b1000100 %
b1100 '
0)
b11100 /
1!
#44485009
0!
#44490009
1#
b0 %
0&
b1101 '
b11101 /
1!
#44495009
0!
#44500009
0#
b11101 %
1&
b1100 (
b11100 .
b1011011 -
1!
#44505009
0!
#44510009
1#
b1101110 %
b1110 '
b11110 /
1!
#44515009
0!
#44520009
b0 %
0&
b1111 '
b1101 (
b11111 /
b11101 .
b1000100 -
1!
#44525009
0!
#44530009
b111110 %
1&
b1110 (
b11110 .
b11101 -
1!
#44535009
0!
#44540009
b110100 %
b0 '
b1111 (
b0 /
0)
b11111 .
b1101110 -
1!
#44545009
0!
#44550009
b0 %
0&
b0 (
b1 '
b0 .
b111110 -
b1 /
1!
#44555009
0!
#44560009
b1 (
1)
b1 .
b110100 -
1!
#44565009
0!
#44570009
1!
#44575009
0!
#44580009
1!
#44585009
0!
#44590009
0#
1!
#44595009
0!
#44600009
1#
b100111 %
1&
1!
#44605009
0!
#44610009
0#
b0 %
0&
b10 '
0)
b10 /
1!
#44615009
0!
#44620009
1#
1!
#44625009
0!
#44630009
0#
b11010000 %
1&
b10 (
1)
b10 .
b100111 -
1!
#44635009
0!
#44640009
b0 %
0&
b11 '
0)
b11 /
1!
#44645009
0!
#44650009
0$
1!
#44655009
0!
#44660009
1#
b1111 %
1&
1$
b0 '
b0 (
1)
b0 /
b0 -
b0 .
1!
#44665009
0!
#44670009
b1000001 %
b1 '
0)
b1 /
1!
#44675009
0!
#44680009
b0 %
0&
b10 '
b1 (
b10 /
0)
b1 .
b1111 -
1!
#44685009
0!
#44690009
0#
b11111110 %
1&
b10 (
1)
b10 .
b1000001 -
1!
#44695009
0!
#44700009
b111101 %
b11 '
0)
b11 /
1!
#44705009
0!
#44710009
b0 %
0&
b100 '
b100 /
1!
#44715009
0!
#44720009
1#
1!
#44725009
0!
#44730009
0#
b100111 %
1&
b11 (
b11 .
b11111110 -
1!
#44735009
0!
#44740009
1#
b10010010 %
b101 '
b101 /
1!
#44745009
0!
#44750009
b11110100 %
b100 (
b110 '
b100 .
b111101 -
b110 /
1!
#44755009
0!
#44760009
b11010000 %
b111 '
b101 (
b111 /
b101 .
b100111 -
1!
#44765009
0!
#44770009
b0 %
0&
b110 (
b1000 '
b110 .
b10010010 -
b1000 /
1!
#44775009
0!
#44780009
b111 (
b111 .
b11110100 -
1!
#44785009
0!
#44790009
b100111 %
1&
b1000 (
1)
b1000 .
b11010000 -
1!
#44795009
0!
#44800009
0#
b0 %
0&
b1001 '
0)
b1001 /
1!
#44805009
0!
#44810009
b11010000 %
1&
1!
#44815009
0!
#44820009
1#
b1010 %
b1010 '
b1010 /
1!
#44825009
0!
#44830009
b11001010 %
b1001 (
b1011 '
b1001 .
b100111 -
b1011 /
1!
#44835009
0!
#44840009
0#
b0 %
0&
b1100 '
b1010 (
b1100 /
b1010 .
b11010000 -
1!
#44845009
0!
#44850009
b11011010 %
1&
1!
#44855009
0!
#44860009
1#
b1100010 %
b1101 '
b1101 /
1!
#44865009
0!
#44870009
0#
b10111000 %
b1011 (
b1110 '
b1011 .
b1010 -
b1110 /
1!
#44875009
0!
#44880009
1#
b0 %
0&
b1111 '
b1111 /
1!
#44885009
0!
#44890009
b11101001 %
1&
b1100 (
b1100 .
b11001010 -
1!
#44895009
0!
#44900009
b0 %
0&
b0 '
b1101 (
b10000 /
b1101 .
b11011010 -
1!
#44905009
0!
#44910009
b1110 (
b1110 .
b1100010 -
1!
#44915009
0!
#44920009
b1011101 %
1&
b1111 (
b1111 .
b10111000 -
1!
#44925009
0!
#44930009
0#
b11111000 %
b0 (
b1 '
b10000 .
b11101001 -
b10001 /
1!
#44935009
0!
#44940009
b0 %
0&
b10 '
b10010 /
1!
#44945009
0!
#44950009
1!
#44955009
0!
#44960009
1#
1!
#44965009
0!
#44970009
0#
b1 (
b10001 .
b1011101 -
1!
#44975009
0!
#44980009
1#
1!
#44985009
0!
#44990009
0#
b10 (
1)
b10010 .
b11111000 -
1!
#44995009
0!
#45000009
1#
1!
#45005009
0!
#45010009
0#
1!
#45015009
0!
#45020009
1#
b1001 %
1&
1!
#45025009
0!
#45030009
b100001 %
b11 '
0)
b10011 /
1!
#45035009
0!
#45040009
b1000 %
b100 '
b11 (
b10100 /
0)
b10011 .
b1001 -
1!
#45045009
0!
#45050009
b1010100 %
b100 (
b101 '
b10100 .
b100001 -
b10101 /
1!
#45055009
0!
#45060009
0#
b0 %
0&
b110 '
b101 (
b10110 /
0)
b10101 .
b1000 -
1!
#45065009
0!
#45070009
b11000000 %
1&
1!
#45075009
0!
#45080009
b0 %
0&
b111 '
b10111 /
1!
#45085009
0!
#45090009
1!
#45095009
0!
#45100009
1!
#45105009
0!
#45110009
1#
1!
#45115009
0!
#45120009
0#
b110 (
b10110 .
b1010100 -
1!
#45125009
0!
#45130009
b10010110 %
1&
1!
#45135009
0!
#45140009
1#
b0 %
0&
b1000 '
b11000 /
1!
#45145009
0!
#45150009
b111 (
b10111 .
b11000000 -
1!
#45155009
0!
#45160009
b1110010 %
1&
b1000 (
1)
b11000 .
b10010110 -
1!
#45165009
0!
#45170009
0#
b11001110 %
b1001 '
0)
b11001 /
1!
#45175009
0!
#45180009
1#
b0 %
0&
b1010 '
b11010 /
1!
#45185009
0!
#45190009
0#
b1001111 %
1&
b1001 (
b11001 .
b1110010 -
1!
#45195009
0!
#45200009
b1111 %
b1011 '
b11011 /
1!
#45205009
0!
#45210009
1#
b1110100 %
b1100 '
b11100 /
1!
#45215009
0!
#45220009
0#
b10111001 %
b1101 '
b1010 (
b11101 /
b11010 .
b11001110 -
1!
#45225009
0!
#45230009
b0 %
0&
b1110 '
b11110 /
1!
#45235009
0!
#45240009
1#
1!
#45245009
0!
#45250009
b10110000 %
1&
b1011 (
b11011 .
b1001111 -
1!
#45255009
0!
#45260009
b0 %
0&
b1111 '
b1100 (
b11111 /
b11100 .
b1111 -
1!
#45265009
0!
#45270009
0#
b1101 (
b11101 .
b1110100 -
1!
#45275009
0!
#45280009
1!
#45285009
0!
#45290009
1#
1!
#45295009
0!
#45300009
b11000011 %
1&
b1110 (
b11110 .
b10111001 -
1!
#45305009
0!
#45310009
0#
b1101110 %
b1111 (
b0 '
b11111 .
b10110000 -
b0 /
1!
#45315009
0!
#45320009
0&
0$
b1 '
b1 /
1!
#45325009
0!
#45330009
b1001010 %
1&
1$
b0 (
b0 '
b0 -
1)
b0 .
b0 /
1!
#45335009
0!
#45340009
1#
b0 %
0&
b1 '
0)
b1 /
1!
#45345009
0!
#45350009
b1 (
1)
b1 .
b1001010 -
1!
#45355009
0!
#45360009
1!
#45365009
0!
#45370009
0#
1!
#45375009
0!
#45380009
b1111 %
1&
1!
#45385009
0!
#45390009
b0 %
b10 '
0)
b10 /
1!
#45395009
0!
#45400009
0&
0$
b11 '
b11 /
1!
#45405009
0!
#45410009
1#
b11000111 %
1&
1$
b0 (
b0 '
b0 -
1)
b0 .
b0 /
1!
#45415009
0!
#45420009
0#
b11000110 %
b1 '
0)
b1 /
1!
#45425009
0!
#45430009
b10101011 %
b10 '
b10 /
1!
#45435009
0!
#45440009
1#
b0 %
0&
b11 '
b11 /
1!
#45445009
0!
#45450009
b10001110 %
1&
b1 (
b1 .
b11000111 -
1!
#45455009
0!
#45460009
b0 %
0&
b100 '
b10 (
b100 /
b10 .
b11000110 -
1!
#45465009
0!
#45470009
b1011010 %
1&
b11 (
b11 .
b10101011 -
1!
#45475009
0!
#45480009
0#
b0 %
0&
b101 '
b100 (
b101 /
0)
b100 .
b10001110 -
1!
#45485009
0!
#45490009
1!
#45495009
0!
#45500009
b10001010 %
1&
1!
#45505009
0!
#45510009
0&
0$
b110 '
b110 /
1!
#45515009
0!
#45520009
1#
b1010011 %
1&
1$
b0 '
b0 (
1)
b0 /
b0 -
b0 .
1!
#45525009
0!
#45530009
0#
b0 %
0&
b1 '
0)
b1 /
1!
#45535009
0!
#45540009
1#
1!
#45545009
0!
#45550009
b101111 %
1&
b1 (
1)
b1 .
b1010011 -
1!
#45555009
0!
#45560009
0#
b11110010 %
b10 '
0)
b10 /
1!
#45565009
0!
#45570009
b0 %
0&
b11 '
b11 /
1!
#45575009
0!
#45580009
1#
1!
#45585009
0!
#45590009
0#
b10000110 %
1&
b10 (
b10 .
b101111 -
1!
#45595009
0!
#45600009
1#
b1110110 %
b100 '
b100 /
1!
#45605009
0!
#45610009
0#
b10110111 %
b11 (
b101 '
b11 .
b11110010 -
b101 /
1!
#45615009
0!
#45620009
1#
b11001101 %
b110 '
b110 /
1!
#45625009
0!
#45630009
b0 %
0&
b100 (
b111 '
b100 .
b10000110 -
b111 /
1!
#45635009
0!
#45640009
0#
0$
b101 (
b101 .
b1110110 -
1!
#45645009
0!
#45650009
1#
1$
b0 (
b0 '
b0 -
1)
b0 .
b0 /
1!
#45655009
0!
#45660009
1!
#45665009
0!
#45670009
1!
#45675009
0!
#45680009
1!
#45685009
0!
#45690009
1!
#45695009
0!
#45700009
b10010111 %
1&
1!
#45705009
0!
#45710009
0#
b0 %
0&
b1 '
0)
b1 /
1!
#45715009
0!
#45720009
1#
1!
#45725009
0!
#45730009
b110000 %
1&
b1 (
1)
b1 .
b10010111 -
1!
#45735009
0!
#45740009
b11100111 %
b10 '
0)
b10 /
1!
#45745009
0!
#45750009
b11110000 %
b10 (
b11 '
b10 .
b110000 -
b11 /
1!
#45755009
0!
#45760009
0#
b0 %
0&
b100 '
b11 (
b100 /
0)
b11 .
b11100111 -
1!
#45765009
0!
#45770009
b1011111 %
1&
1!
#45775009
0!
#45780009
b0 %
0&
b101 '
b101 /
1!
#45785009
0!
#45790009
1!
#45795009
0!
#45800009
1#
b11010110 %
1&
1!
#45805009
0!
#45810009
0#
b0 %
0&
b100 (
b110 '
b100 .
b11110000 -
b110 /
1!
#45815009
0!
#45820009
1!
#45825009
0!
#45830009
b1111100 %
1&
1!
#45835009
0!
#45840009
1#
b0 %
0&
b111 '
b111 /
1!
#45845009
0!
#45850009
b1110101 %
1&
b101 (
b101 .
b1011111 -
1!
#45855009
0!
#45860009
0#
b11111100 %
b1000 '
b110 (
b1000 /
b110 .
b11010110 -
1!
#45865009
0!
#45870009
b0 %
0&
b1001 '
b1001 /
1!
#45875009
0!
#45880009
1!
#45885009
0!
#45890009
1#
1!
#45895009
0!
#45900009
b1001011 %
1&
b111 (
b111 .
b1111100 -
1!
#45905009
0!
#45910009
0#
b11000000 %
b1000 (
b1010 '
b1000 .
b1110101 -
b1010 /
1!
#45915009
0!
#45920009
b1011100 %
b1011 '
b1011 /
1!
#45925009
0!
#45930009
b101100 %
b1100 '
b1100 /
1!
#45935009
0!
#45940009
b0 %
0&
b1101 '
b1101 /
1!
#45945009
0!
#45950009
0$
1!
#45955009
0!
#45960009
1$
b0 '
b0 (
1)
b0 /
b0 -
b0 .
1!
#45965009
0!
#45970009
1#
b100101 %
1&
1!
#45975009
0!
#45980009
b0 %
0&
b1 '
0)
b1 /
1!
#45985009
0!
#45990009
0#
b11101001 %
1&
b1 (
1)
b1 .
b100101 -
1!
#45995009
0!
#46000009
b0 %
0&
b10 '
0)
b10 /
1!
#46005009
0!
#46010009
1#
1!
#46015009
0!
#46020009
0#
b10 (
1)
b10 .
b11101001 -
1!
#46025009
0!
#46030009
1#
1!
#46035009
0!
#46040009
0#
1!
#46045009
0!
#46050009
1#
1!
#46055009
0!
#46060009
0#
b10000000 %
1&
1!
#46065009
0!
#46070009
1#
b10101100 %
b11 '
0)
b11 /
1!
#46075009
0!
#46080009
0#
b0 %
0&
b100 '
b11 (
b100 /
0)
b11 .
b10000000 -
1!
#46085009
0!
#46090009
1#
b11101010 %
1&
1!
#46095009
0!
#46100009
b0 %
0&
b101 '
b100 (
b101 /
0)
b100 .
b10101100 -
1!
#46105009
0!
#46110009
0#
b1111000 %
1&
b101 (
1)
b101 .
b11101010 -
1!
#46115009
0!
#46120009
1#
b1100100 %
b110 '
0)
b110 /
1!
#46125009
0!
#46130009
b0 %
0&
b110 (
b111 '
b110 .
b1111000 -
b111 /
1!
#46135009
0!
#46140009
b100111 %
1&
b111 (
1)
b111 .
b1100100 -
1!
#46145009
0!
#46150009
0#
b11101100 %
b1000 '
0)
b1000 /
1!
#46155009
0!
#46160009
1#
b0 %
0&
b1001 '
b1001 /
1!
#46165009
0!
#46170009
0#
b1000 (
b1000 .
b100111 -
1!
#46175009
0!
#46180009
1#
1!
#46185009
0!
#46190009
0#
b11111100 %
1&
b1001 (
1)
b1001 .
b11101100 -
1!
#46195009
0!
#46200009
b10100010 %
b1010 '
0)
b1010 /
1!
#46205009
0!
#46210009
b1111001 %
b1011 '
b1011 /
1!
#46215009
0!
#46220009
b0 %
0&
b1100 '
b1100 /
1!
#46225009
0!
#46230009
1!
#46235009
0!
#46240009
1#
1!
#46245009
0!
#46250009
0#
b1010101 %
1&
b1010 (
b1010 .
b11111100 -
1!
#46255009
0!
#46260009
b0 %
0&
b1101 '
b1101 /
1!
#46265009
0!
#46270009
1#
b11001001 %
1&
1!
#46275009
0!
#46280009
b10010110 %
b1110 '
b1011 (
b1110 /
b1011 .
b10100010 -
1!
#46285009
0!
#46290009
0#
b10001001 %
b1100 (
b1111 '
b1100 .
b1111001 -
b1111 /
1!
#46295009
0!
#46300009
1#
b0 %
0&
b0 '
b10000 /
1!
#46305009
0!
#46310009
0#
b1101 (
b1101 .
b1010101 -
1!
#46315009
0!
#46320009
1#
b10000101 %
1&
1!
#46325009
0!
#46330009
b0 %
0&
b1110 (
b1 '
b1110 .
b11001001 -
b10001 /
1!
#46335009
0!
#46340009
0#
b11110111 %
1&
b1111 (
b1111 .
b10010110 -
1!
#46345009
0!
#46350009
1#
b0 %
0&
b10 '
b10010 /
1!
#46355009
0!
#46360009
0#
b1110001 %
1&
b0 (
b10000 .
b10001001 -
1!
#46365009
0!
#46370009
b10111101 %
b11 '
b10011 /
1!
#46375009
0!
#46380009
b0 %
0&
b100 '
b10100 /
1!
#46385009
0!
#46390009
1#
1!
#46395009
0!
#46400009
0#
b1 (
b10001 .
b10000101 -
1!
#46405009
0!
#46410009
1!
#46415009
0!
#46420009
0$
1!
#46425009
0!
#46430009
b10000101 %
1&
1$
b0 (
b0 '
b0 -
1)
b0 .
b0 /
1!
#46435009
0!
#46440009
b111101 %
b1 '
0)
b1 /
1!
#46445009
0!
#46450009
b0 %
0&
b10 '
b10 /
1!
#46455009
0!
#46460009
1!
#46465009
0!
#46470009
1#
b10101010 %
1&
1!
#46475009
0!
#46480009
b10111010 %
b11 '
b1 (
b11 /
b1 .
b10000101 -
1!
#46485009
0!
#46490009
b11101000 %
b10 (
b100 '
b10 .
b111101 -
b100 /
1!
#46495009
0!
#46500009
b0 %
0&
b101 '
b11 (
b101 /
b11 .
b10101010 -
1!
#46505009
0!
#46510009
0#
b1101101 %
1&
b100 (
b100 .
b10111010 -
1!
#46515009
0!
#46520009
b110001 %
b110 '
b110 /
1!
#46525009
0!
#46530009
b10111 %
b111 '
b111 /
1!
#46535009
0!
#46540009
0&
0$
b1000 '
b1000 /
1!
#46545009
0!
#46550009
1#
b0 %
1$
b0 (
b0 '
b0 -
1)
b0 .
b0 /
1!
#46555009
0!
#46560009
1!
#46565009
0!
#46570009
0#
b1011010 %
1&
1!
#46575009
0!
#46580009
b0 %
0&
b1 '
0)
b1 /
1!
#46585009
0!
#46590009
1#
1!
#46595009
0!
#46600009
b1 (
1)
b1 .
b1011010 -
1!
#46605009
0!
#46610009
b10110010 %
1&
1!
#46615009
0!
#46620009
0#
b0 %
0&
b10 '
0)
b10 /
1!
#46625009
0!
#46630009
1!
#46635009
0!
#46640009
1!
#46645009
0!
#46650009
b11100010 %
1&
1!
#46655009
0!
#46660009
1#
b0 %
0&
b11 '
b11 /
1!
#46665009
0!
#46670009
0#
b10 (
b10 .
b10110010 -
1!
#46675009
0!
#46680009
b11011000 %
1&
1!
#46685009
0!
#46690009
1#
b0 %
0&
b100 '
b100 /
1!
#46695009
0!
#46700009
b11 (
b11 .
b11100010 -
1!
#46705009
0!
#46710009
0#
b100 (
1)
b100 .
b11011000 -
1!
#46715009
0!
#46720009
1#
1!
#46725009
0!
#46730009
0#
b10100 %
1&
1!
#46735009
0!
#46740009
1#
b0 %
0&
b101 '
0)
b101 /
1!
#46745009
0!
#46750009
b101 (
1)
b101 .
b10100 -
1!
#46755009
0!
#46760009
0#
b111011 %
1&
1!
#46765009
0!
#46770009
1#
b0 %
0&
b110 '
0)
b110 /
1!
#46775009
0!
#46780009
0#
0$
b110 (
1)
b110 .
b111011 -
1!
#46785009
0!
#46790009
1#
b11011001 %
1&
1$
b0 (
b0 '
b0 -
b0 .
1)
b0 /
1!
#46795009
0!
#46800009
b10011011 %
b1 '
0)
b1 /
1!
#46805009
0!
#46810009
0#
b0 %
0&
b1 (
b10 '
b1 .
b11011001 -
b10 /
1!
#46815009
0!
#46820009
1!
#46825009
0!
#46830009
1!
#46835009
0!
#46840009
b11100001 %
1&
1!
#46845009
0!
#46850009
1#
b11 %
b11 '
b11 /
1!
#46855009
0!
#46860009
0#
b0 %
0&
b100 '
b10 (
b100 /
b10 .
b10011011 -
1!
#46865009
0!
#46870009
1#
1!
#46875009
0!
#46880009
b1011000 %
1&
b11 (
b11 .
b11100001 -
1!
#46885009
0!
#46890009
b0 %
0&
b100 (
b101 '
b100 .
b11 -
b101 /
1!
#46895009
0!
#46900009
b101 (
1)
b101 .
b1011000 -
1!
#46905009
0!
#46910009
0#
1!
#46915009
0!
#46920009
1#
1!
#46925009
0!
#46930009
0#
1!
#46935009
0!
#46940009
1#
b11101101 %
1&
1!
#46945009
0!
#46950009
0#
b0 %
0&
b110 '
0)
b110 /
1!
#46955009
0!
#46960009
1!
#46965009
0!
#46970009
1#
b11101101 %
1&
1!
#46975009
0!
#46980009
b0 %
0&
b111 '
b110 (
b111 /
0)
b110 .
b11101101 -
1!
#46985009
0!
#46990009
b10000 %
1&
b111 (
1)
b111 .
1!
#46995009
0!
#47000009
0#
b0 %
0&
b1000 '
0)
b1000 /
1!
#47005009
0!
#47010009
1#
1!
#47015009
0!
#47020009
0#
b1000 (
1)
b1000 .
b10000 -
1!
#47025009
0!
#47030009
1#
1!
#47035009
0!
#47040009
b100000 %
1&
1!
#47045009
0!
#47050009
b1101111 %
b1001 '
0)
b1001 /
1!
#47055009
0!
#47060009
0#
b0 %
0&
b1010 '
b1001 (
b1010 /
0)
b1001 .
b100000 -
1!
#47065009
0!
#47070009
1#
1!
#47075009
0!
#47080009
0#
b1010 (
1)
b1010 .
b1101111 -
1!
#47085009
0!
#47090009
1!
#47095009
0!
#47100009
1!
#47105009
0!
#47110009
1!
#47115009
0!
#47120009
1#
1!
#47125009
0!
#47130009
0#
1!
#47135009
0!
#47140009
1!
#47145009
0!
#47150009
1#
1!
#47155009
0!
#47160009
0#
b11111100 %
1&
1!
#47165009
0!
#47170009
1#
b0 %
0&
b1011 '
0)
b1011 /
1!
#47175009
0!
#47180009
b1011 (
1)
b1011 .
b11111100 -
1!
#47185009
0!
#47190009
0#
1!
#47195009
0!
#47200009
1#
1!
#47205009
0!
#47210009
0#
1!
#47215009
0!
#47220009
1#
b100011 %
1&
1!
#47225009
0!
#47230009
0#
b11101111 %
b1100 '
0)
b1100 /
1!
#47235009
0!
#47240009
b0 %
0&
b1101 '
b1101 /
1!
#47245009
0!
#47250009
1!
#47255009
0!
#47260009
1!
#47265009
0!
#47270009
1#
b110010 %
1&
1!
#47275009
0!
#47280009
0#
b11011 %
b1110 '
b1100 (
b1110 /
b1100 .
b100011 -
1!
#47285009
0!
#47290009
b10000111 %
b1111 '
b1111 /
1!
#47295009
0!
#47300009
b11101110 %
b0 '
b10000 /
1!
#47305009
0!
#47310009
b0 %
0&
b1 '
b10001 /
1!
#47315009
0!
#47320009
b10111110 %
1&
1!
#47325009
0!
#47330009
1#
b11001001 %
b10 '
b10010 /
1!
#47335009
0!
#47340009
0#
b0 %
0&
b11 '
b1101 (
b10011 /
b1101 .
b11101111 -
1!
#47345009
0!
#47350009
1#
1!
#47355009
0!
#47360009
0#
0$
b1110 (
b1110 .
b110010 -
1!
#47365009
0!
#47370009
1#
b101001 %
1&
1$
b0 (
b0 '
b0 -
1)
b0 .
b0 /
1!
#47375009
0!
#47380009
0#
b0 %
0&
b1 '
0)
b1 /
1!
#47385009
0!
#47390009
b1010011 %
1&
1!
#47395009
0!
#47400009
b0 %
0&
b10 '
b10 /
1!
#47405009
0!
#47410009
b1010101 %
1&
1!
#47415009
0!
#47420009
b0 %
0&
b11 '
b11 /
1!
#47425009
0!
#47430009
1#
b11110100 %
1&
1!
#47435009
0!
#47440009
0#
b0 %
0&
b100 '
b1 (
b100 /
b1 .
b101001 -
1!
#47445009
0!
#47450009
1!
#47455009
0!
#47460009
1#
1!
#47465009
0!
#47470009
0#
b111010 %
1&
b10 (
b10 .
b1010011 -
1!
#47475009
0!
#47480009
1#
b1001101 %
b101 '
b101 /
1!
#47485009
0!
#47490009
0#
b11101011 %
b11 (
b110 '
b11 .
b1010101 -
b110 /
1!
#47495009
0!
#47500009
1#
b0 %
0&
b111 '
b111 /
1!
#47505009
0!
#47510009
0#
b100 (
b100 .
b11110100 -
1!
#47515009
0!
#47520009
1#
b1011100 %
1&
1!
#47525009
0!
#47530009
b0 %
0&
b101 (
b1000 '
b101 .
b111010 -
b1000 /
1!
#47535009
0!
#47540009
0#
b11100000 %
1&
b110 (
b110 .
b1001101 -
1!
#47545009
0!
#47550009
b1101101 %
b1001 '
b1001 /
1!
#47555009
0!
#47560009
1#
b0 %
0&
b1010 '
b1010 /
1!
#47565009
0!
#47570009
0#
b111 (
b111 .
b11101011 -
1!
#47575009
0!
#47580009
1!
#47585009
0!
#47590009
b10010000 %
1&
1!
#47595009
0!
#47600009
1#
b11001010 %
b1011 '
b1011 /
1!
#47605009
0!
#47610009
b100 %
b1000 (
b1100 '
b1000 .
b1011100 -
b1100 /
1!
#47615009
0!
#47620009
b10010010 %
b1101 '
b1001 (
b1101 /
b1001 .
b11100000 -
1!
#47625009
0!
#47630009
0#
b1100011 %
b1010 (
b1110 '
b1010 .
b1101101 -
b1110 /
1!
#47635009
0!
#47640009
b11000010 %
b1111 '
b1111 /
1!
#47645009
0!
#47650009
b0 %
b0 '
b10000 /
1!
#47655009
0!
#47660009
b10110000 %
b1 '
b10001 /
1!
#47665009
0!
#47670009
1#
b0 %
0&
b10 '
b10010 /
1!
#47675009
0!
#47680009
0#
0$
b1011 (
b1011 .
b10010000 -
1!
#47685009
0!
#47690009
1#
1$
b0 (
b0 '
b0 -
1)
b0 .
b0 /
1!
#47695009
0!
#47700009
b10100111 %
1&
1!
#47705009
0!
#47710009
0#
b1000010 %
b1 '
0)
b1 /
1!
#47715009
0!
#47720009
b1001111 %
b10 '
b10 /
1!
#47725009
0!
#47730009
b0 %
0&
b11 '
b11 /
1!
#47735009
0!
#47740009
1#
b1110110 %
1&
1!
#47745009
0!
#47750009
b11111 %
b1 (
b100 '
b1 .
b10100111 -
b100 /
1!
#47755009
0!
#47760009
b0 %
0&
b101 '
b10 (
b101 /
b10 .
b1000010 -
1!
#47765009
0!
#47770009
b11 (
b11 .
b1001111 -
1!
#47775009
0!
#47780009
0#
b100 (
b100 .
b1110110 -
1!
#47785009
0!
#47790009
1#
b1010001 %
1&
1!
#47795009
0!
#47800009
0#
b0 %
0&
b110 '
b101 (
b110 /
0)
b101 .
b11111 -
1!
#47805009
0!
#47810009
1#
1!
#47815009
0!
#47820009
0#
b11001111 %
1&
b110 (
1)
b110 .
b1010001 -
1!
#47825009
0!
#47830009
b0 %
0&
b111 '
0)
b111 /
1!
#47835009
0!
#47840009
b100001 %
1&
1!
#47845009
0!
#47850009
b0 %
0&
b1000 '
b1000 /
1!
#47855009
0!
#47860009
b1111110 %
1&
1!
#47865009
0!
#47870009
1#
b0 %
0&
b1001 '
b1001 /
1!
#47875009
0!
#47880009
b10110 %
1&
b111 (
b111 .
b11001111 -
1!
#47885009
0!
#47890009
0#
b0 %
0&
b1000 (
b1010 '
b1000 .
b100001 -
b1010 /
1!
#47895009
0!
#47900009
1#
b11010011 %
1&
1!
#47905009
0!
#47910009
b101110 %
b1001 (
b1011 '
b1001 .
b1111110 -
b1011 /
1!
#47915009
0!
#47920009
b110 %
b1100 '
b1010 (
b1100 /
b1010 .
b10110 -
1!
#47925009
0!
#47930009
0#
b0 %
0&
b1011 (
b1101 '
b1011 .
b11010011 -
b1101 /
1!
#47935009
0!
#47940009
1#
b110111 %
1&
1!
#47945009
0!
#47950009
b0 %
0&
b1100 (
b1110 '
b1100 .
b101110 -
b1110 /
1!
#47955009
0!
#47960009
b1111110 %
1&
b1101 (
b1101 .
b110 -
1!
#47965009
0!
#47970009
b0 %
0&
b1110 (
b1111 '
b1110 .
b110111 -
b1111 /
1!
#47975009
0!
#47980009
b1111 (
1)
b1111 .
b1111110 -
1!
#47985009
0!
#47990009
1!
#47995009
0!
#48000009
b1100100 %
1&
1!
#48005009
0!
#48010009
b0 %
0&
b0 '
0)
b10000 /
1!
#48015009
0!
#48020009
b0 (
1)
b10000 .
b1100100 -
1!
#48025009
0!
#48030009
b1111 %
1&
1!
#48035009
0!
#48040009
b0 %
0&
b1 '
0)
b10001 /
1!
#48045009
0!
#48050009
0#
b1 (
1)
b10001 .
b1111 -
1!
#48055009
0!
#48060009
b11100001 %
1&
1!
#48065009
0!
#48070009
b0 %
0&
b10 '
0)
b10010 /
1!
#48075009
0!
#48080009
1#
b100000 %
1&
1!
#48085009
0!
#48090009
0#
b0 %
0&
b10 (
b11 '
b10010 .
b11100001 -
b10011 /
1!
#48095009
0!
#48100009
b11001110 %
1&
1!
#48105009
0!
#48110009
b1100 %
b100 '
b10100 /
1!
#48115009
0!
#48120009
1#
b0 %
0&
b101 '
b10101 /
1!
#48125009
0!
#48130009
b11 (
b10011 .
b100000 -
1!
#48135009
0!
#48140009
0#
b1111000 %
1&
b100 (
b10100 .
b11001110 -
1!
#48145009
0!
#48150009
1#
b0 %
0&
b110 '
b10110 /
1!
#48155009
0!
#48160009
0#
b101 (
b10101 .
b1100 -
1!
#48165009
0!
#48170009
1#
b1111111 %
1&
1!
#48175009
0!
#48180009
b0 %
0&
b111 '
b110 (
b10111 /
0)
b10110 .
b1111000 -
1!
#48185009
0!
#48190009
0#
b10011 %
1&
b111 (
1)
b10111 .
b1111111 -
1!
#48195009
0!
#48200009
b11111110 %
b1000 '
0)
b11000 /
1!
#48205009
0!
#48210009
b11111100 %
b1001 '
b11001 /
1!
#48215009
0!
#48220009
1#
b0 %
0&
b1010 '
b11010 /
1!
#48225009
0!
#48230009
0#
b1000 (
b11000 .
b10011 -
1!
#48235009
0!
#48240009
1#
1!
#48245009
0!
#48250009
b1101110 %
1&
b1001 (
b11001 .
b11111110 -
1!
#48255009
0!
#48260009
b0 %
0&
b1011 '
b1010 (
b11011 /
0)
b11010 .
b11111100 -
1!
#48265009
0!
#48270009
0#
b10100101 %
1&
b1011 (
1)
b11011 .
b1101110 -
1!
#48275009
0!
#48280009
b10010100 %
b1100 '
0)
b11100 /
1!
#48285009
0!
#48290009
b0 %
0&
b1101 '
b11101 /
1!
#48295009
0!
#48300009
b10000111 %
1&
1!
#48305009
0!
#48310009
b1000111 %
b1110 '
b11110 /
1!
#48315009
0!
#48320009
b1010111 %
b1111 '
b11111 /
1!
#48325009
0!
#48330009
b1110 %
b0 '
b0 /
1!
#48335009
0!
#48340009
1#
b0 %
0&
b1 '
b1 /
1!
#48345009
0!
#48350009
0#
b1100 (
b11100 .
b10100101 -
1!
#48355009
0!
#48360009
1#
b11100101 %
1&
1!
#48365009
0!
#48370009
b0 %
0&
b1101 (
b10 '
b11101 .
b10010100 -
b10 /
1!
#48375009
0!
#48380009
0#
b10010100 %
1&
b1110 (
b11110 .
b10000111 -
1!
#48385009
0!
#48390009
b0 %
0&
b11 '
b11 /
1!
#48395009
0!
#48400009
1!
#48405009
0!
#48410009
1#
b111101 %
1&
1!
#48415009
0!
#48420009
b0 %
0&
b100 '
b1111 (
b100 /
b11111 .
b1000111 -
1!
#48425009
0!
#48430009
0#
b0 (
b0 .
b1010111 -
1!
#48435009
0!
#48440009
1#
1!
#48445009
0!
#48450009
0#
0$
b1 (
b1 .
b1110 -
1!
#48455009
0!
#48460009
1#
1$
b0 '
b0 (
1)
b0 /
b0 -
b0 .
1!
#48465009
0!
#48470009
b101111 %
1&
1!
#48475009
0!
#48480009
b101011 %
b1 '
0)
b1 /
1!
#48485009
0!
#48490009
0#
b1 (
b10 '
b1 .
b101111 -
b10 /
1!
#48495009
0!
#48500009
1#
b0 %
0&
b11 '
b11 /
1!
#48505009
0!
#48510009
b11011000 %
1&
b10 (
b10 .
b101011 -
1!
#48515009
0!
#48520009
b0 %
0&
b100 '
b11 (
b100 /
0)
b11 .
1!
#48525009
0!
#48530009
0#
b100 (
1)
b100 .
b11011000 -
1!
#48535009
0!
#48540009
b10001000 %
1&
1!
#48545009
0!
#48550009
b10000100 %
b101 '
0)
b101 /
1!
#48555009
0!
#48560009
b111001 %
b110 '
b110 /
1!
#48565009
0!
#48570009
b1111111 %
b111 '
b111 /
1!
#48575009
0!
#48580009
b1110010 %
b1000 '
b1000 /
1!
#48585009
0!
#48590009
1#
b11101011 %
b1001 '
b1001 /
1!
#48595009
0!
#48600009
0#
b0 %
0&
b1010 '
b101 (
b1010 /
b101 .
b10001000 -
1!
#48605009
0!
#48610009
b11010111 %
1&
1!
#48615009
0!
#48620009
b11000100 %
b1011 '
b1011 /
1!
#48625009
0!
#48630009
b0 %
0&
b1100 '
b1100 /
1!
#48635009
0!
#48640009
b1001101 %
1&
1!
#48645009
0!
#48650009
b110100 %
b1101 '
b1101 /
1!
#48655009
0!
#48660009
b1111100 %
b1110 '
b1110 /
1!
#48665009
0!
#48670009
b1000000 %
b1111 '
b1111 /
1!
#48675009
0!
#48680009
0&
0$
b0 '
b10000 /
1!
#48685009
0!
#48690009
b0 %
1$
b0 (
b0 -
1)
b0 .
b0 /
1!
#48695009
0!
#48700009
b1110100 %
1&
1!
#48705009
0!
#48710009
1#
b0 %
0&
b1 '
0)
b1 /
1!
#48715009
0!
#48720009
0#
b11100011 %
1&
b1 (
1)
b1 .
b1110100 -
1!
#48725009
0!
#48730009
1#
b100000 %
b10 '
0)
b10 /
1!
#48735009
0!
#48740009
0#
b111001 %
b11 '
b10 (
b11 /
0)
b10 .
b11100011 -
1!
#48745009
0!
#48750009
b0 %
0&
b100 '
b100 /
1!
#48755009
0!
#48760009
1!
#48765009
0!
#48770009
1!
#48775009
0!
#48780009
1#
b11010000 %
1&
1!
#48785009
0!
#48790009
0#
b10110 %
b11 (
b101 '
b11 .
b100000 -
b101 /
1!
#48795009
0!
#48800009
b11001101 %
b110 '
b110 /
1!
#48805009
0!
#48810009
1#
b0 %
0&
b111 '
b111 /
1!
#48815009
0!
#48820009
b100 (
b100 .
b111001 -
1!
#48825009
0!
#48830009
b110001 %
1&
b101 (
b101 .
b11010000 -
1!
#48835009
0!
#48840009
0#
b0 %
0&
b1000 '
b110 (
b1000 /
b110 .
b10110 -
1!
#48845009
0!
#48850009
b11010101 %
1&
1!
#48855009
0!
#48860009
b11110111 %
b1001 '
b1001 /
1!
#48865009
0!
#48870009
1#
b0 %
0&
b1010 '
b1010 /
1!
#48875009
0!
#48880009
0#
b111 (
b111 .
b11001101 -
1!
#48885009
0!
#48890009
1#
1!
#48895009
0!
#48900009
b1000 (
b1000 .
b110001 -
1!
#48905009
0!
#48910009
b1001 (
b1001 .
b11010101 -
1!
#48915009
0!
#48920009
b110101 %
1&
b1010 (
1)
b1010 .
b11110111 -
1!
#48925009
0!
#48930009
0#
b0 %
0&
b1011 '
0)
b1011 /
1!
#48935009
0!
#48940009
1!
#48945009
0!
#48950009
1!
#48955009
0!
#48960009
b11001010 %
1&
1!
#48965009
0!
#48970009
1#
b0 %
0&
b1100 '
b1100 /
1!
#48975009
0!
#48980009
0#
b1011 (
b1011 .
b110101 -
1!
#48985009
0!
#48990009
b10100000 %
1&
1!
#48995009
0!
#49000009
1#
b1000101 %
b1101 '
b1101 /
1!
#49005009
0!
#49010009
b0 %
0&
b1100 (
b1110 '
b1100 .
b11001010 -
b1110 /
1!
#49015009
0!
#49020009
b11000011 %
1&
b1101 (
b1101 .
b10100000 -
1!
#49025009
0!
#49030009
b11110010 %
b1110 (
b1111 '
b1110 .
b1000101 -
b1111 /
1!
#49035009
0!
#49040009
b0 %
0&
b0 '
b1111 (
b10000 /
0)
b1111 .
b11000011 -
1!
#49045009
0!
#49050009
0#
b0 (
1)
b10000 .
b11110010 -
1!
#49055009
0!
#49060009
1#
b11010010 %
1&
1!
#49065009
0!
#49070009
b0 %
0&
b1 '
0)
b10001 /
1!
#49075009
0!
#49080009
0#
b11000010 %
1&
b1 (
1)
b10001 .
b11010010 -
1!
#49085009
0!
#49090009
b10011010 %
b10 '
0)
b10010 /
1!
#49095009
0!
#49100009
b10000000 %
b11 '
b10011 /
1!
#49105009
0!
#49110009
1#
b11000000 %
b100 '
b10100 /
1!
#49115009
0!
#49120009
0#
b11011110 %
b101 '
b10 (
b10101 /
b10010 .
b11000010 -
1!
#49125009
0!
#49130009
1#
b11011111 %
b110 '
b10110 /
1!
#49135009
0!
#49140009
0#
b10011111 %
b111 '
b11 (
b10111 /
b10011 .
b10011010 -
1!
#49145009
0!
#49150009
1#
b0 %
0&
b1000 '
b11000 /
1!
#49155009
0!
#49160009
b100 (
b10100 .
b10000000 -
1!
#49165009
0!
#49170009
0#
b101 (
b10101 .
b11000000 -
1!
#49175009
0!
#49180009
b1110 %
1&
1!
#49185009
0!
#49190009
b10000100 %
b1001 '
b11001 /
1!
#49195009
0!
#49200009
b0 %
0&
b1010 '
b11010 /
1!
#49205009
0!
#49210009
1#
b10010100 %
1&
1!
#49215009
0!
#49220009
b10110001 %
b1011 '
b110 (
b11011 /
b10110 .
b11011110 -
1!
#49225009
0!
#49230009
0#
b11011001 %
b111 (
b1100 '
b10111 .
b11011111 -
b11100 /
1!
#49235009
0!
#49240009
1#
b10010110 %
b1101 '
b11101 /
1!
#49245009
0!
#49250009
b0 %
0&
b1000 (
b1110 '
b11000 .
b10011111 -
b11110 /
1!
#49255009
0!
#49260009
0#
b10011111 %
1&
b1001 (
b11001 .
b1110 -
1!
#49265009
0!
#49270009
b0 %
0&
b1111 '
b11111 /
1!
#49275009
0!
#49280009
1#
b110011 %
1&
1!
#49285009
0!
#49290009
0#
b0 %
0&
b1010 (
b0 '
b11010 .
b10000100 -
b0 /
1!
#49295009
0!
#49300009
b11000110 %
1&
1!
#49305009
0!
#49310009
b111 %
b1 '
b1 /
1!
#49315009
0!
#49320009
b0 %
0&
b10 '
b10 /
1!
#49325009
0!
#49330009
b1100100 %
1&
1!
#49335009
0!
#49340009
b10110111 %
b11 '
b11 /
1!
#49345009
0!
#49350009
1#
b0 %
0&
b100 '
b100 /
1!
#49355009
0!
#49360009
0#
b11010001 %
1&
b1011 (
b11011 .
b10010100 -
1!
#49365009
0!
#49370009
b0 %
0&
b101 '
b101 /
1!
#49375009
0!
#49380009
1#
b1010100 %
1&
1!
#49385009
0!
#49390009
b0 %
0&
b1100 (
b110 '
b11100 .
b10110001 -
b110 /
1!
#49395009
0!
#49400009
b10110001 %
1&
b1101 (
b11101 .
b11011001 -
1!
#49405009
0!
#49410009
0#
b0 %
0&
b1110 (
b111 '
b11110 .
b10010110 -
b111 /
1!
#49415009
0!
#49420009
1#
b1010110 %
1&
1!
#49425009
0!
#49430009
0#
b10011110 %
b1111 (
b1000 '
b11111 .
b10011111 -
b1000 /
1!
#49435009
0!
#49440009
b0 %
0&
b1001 '
b1001 /
1!
#49445009
0!
#49450009
1#
b10001001 %
1&
1!
#49455009
0!
#49460009
b0 %
0&
b1010 '
b0 (
b1010 /
b0 .
b110011 -
1!
#49465009
0!
#49470009
0#
b10101101 %
1&
b1 (
b1 .
b11000110 -
1!
#49475009
0!
#49480009
b0 %
0&
b1011 '
b1011 /
1!
#49485009
0!
#49490009
1#
b11100101 %
1&
1!
#49495009
0!
#49500009
0#
b0 %
0&
b1100 '
b10 (
b1100 /
b10 .
b111 -
1!
#49505009
0!
#49510009
b101011 %
1&
1!
#49515009
0!
#49520009
1#
b0 %
0&
b1101 '
b1101 /
1!
#49525009
0!
#49530009
0#
b11 (
b11 .
b1100100 -
1!
#49535009
0!
#49540009
1#
b1100010 %
1&
1!
#49545009
0!
#49550009
b0 %
0&
b100 (
b1110 '
b100 .
b10110111 -
b1110 /
1!
#49555009
0!
#49560009
b110 %
1&
b101 (
b101 .
b11010001 -
1!
#49565009
0!
#49570009
0#
b11000110 %
b110 (
b1111 '
b110 .
b1010100 -
b1111 /
1!
#49575009
0!
#49580009
1#
b0 %
0&
b0 '
b10000 /
1!
#49585009
0!
#49590009
b1110101 %
1&
b111 (
b111 .
b10110001 -
1!
#49595009
0!
#49600009
0#
b0 %
0&
b1 '
b1000 (
b10001 /
b1000 .
b1010110 -
1!
#49605009
0!
#49610009
1#
1!
#49615009
0!
#49620009
b110101 %
1&
b1001 (
b1001 .
b10011110 -
1!
#49625009
0!
#49630009
b0 %
0&
b1010 (
b10 '
b1010 .
b10001001 -
b10010 /
1!
#49635009
0!
#49640009
0#
b11011001 %
1&
b1011 (
b1011 .
b10101101 -
1!
#49645009
0!
#49650009
1#
b10111000 %
b11 '
b10011 /
1!
#49655009
0!
#49660009
0#
b1101011 %
b100 '
b1100 (
b10100 /
b1100 .
b11100101 -
1!
#49665009
0!
#49670009
b0 %
0&
b101 '
b10101 /
1!
#49675009
0!
#49680009
1#
1!
#49685009
0!
#49690009
0#
b10100100 %
1&
b1101 (
b1101 .
b101011 -
1!
#49695009
0!
#49700009
1#
b0 %
0&
b110 '
b10110 /
1!
#49705009
0!
#49710009
0#
b1110 (
b1110 .
b1100010 -
1!
#49715009
0!
#49720009
1!
#49725009
0!
#49730009
b1001111 %
1&
1!
#49735009
0!
#49740009
b0 %
0&
b111 '
b10111 /
1!
#49745009
0!
#49750009
1#
1!
#49755009
0!
#49760009
b1111 (
b1111 .
b110 -
1!
#49765009
0!
#49770009
b0 (
b10000 .
b11000110 -
1!
#49775009
0!
#49780009
0#
b1 (
b10001 .
b1110101 -
1!
#49785009
0!
#49790009
1!
#49795009
0!
#49800009
1#
b1101000 %
1&
1!
#49805009
0!
#49810009
0#
b0 %
0&
b10 (
b1000 '
b10010 .
b110101 -
b11000 /
1!
#49815009
0!
#49820009
b110100 %
1&
1!
#49825009
0!
#49830009
b11111111 %
b1001 '
b11001 /
1!
#49835009
0!
#49840009
1#
b0 %
0&
b1010 '
b11010 /
1!
#49845009
0!
#49850009
b11001 %
1&
b11 (
b10011 .
b11011001 -
1!
#49855009
0!
#49860009
b0 %
0&
b1011 '
b100 (
b11011 /
b10100 .
b10111000 -
1!
#49865009
0!
#49870009
b1011110 %
1&
b101 (
b10101 .
b1101011 -
1!
#49875009
0!
#49880009
b0 %
0&
b1100 '
b110 (
b11100 /
b10110 .
b10100100 -
1!
#49885009
0!
#49890009
b111010 %
1&
b111 (
b10111 .
b1001111 -
1!
#49895009
0!
#49900009
0#
b11110110 %
b1101 '
b1000 (
b11101 /
b11000 .
b1101000 -
1!
#49905009
0!
#49910009
b10010111 %
b1110 '
b11110 /
1!
#49915009
0!
#49920009
1#
b11111 %
b1111 '
b11111 /
1!
#49925009
0!
#49930009
0#
b10100011 %
b1001 (
b0 '
b11001 .
b110100 -
b0 /
1!
#49935009
0!
#49940009
1#
b0 %
0&
b1 '
b1 /
1!
#49945009
0!
#49950009
b11010111 %
1&
b1010 (
b11010 .
b11111111 -
1!
#49955009
0!
#49960009
0#
b0 %
0&
b10 '
b1011 (
b10 /
b11011 .
b11001 -
1!
#49965009
0!
#49970009
1#
b10100001 %
1&
1!
#49975009
0!
#49980009
b0 %
0&
b11 '
b1100 (
b11 /
b11100 .
b1011110 -
1!
#49985009
0!
#49990009
b1101 (
b11101 .
b111010 -
1!
#49995009
0!
#50000009
b10111101 %
1&
b1110 (
b11110 .
b11110110 -
1!
#50005009
0!
#50010009
b11000010 %
b1111 (
b100 '
b11111 .
b10010111 -
b100 /
1!
#50015009
0!
#50020009
b10111 %
b101 '
b0 (
b101 /
b0 .
b11111 -
1!
#50025009
0!
#50030009
0#
b0 %
0&
b1 (
b110 '
b1 .
b10100011 -
b110 /
1!
#50035009
0!
#50040009
1#
b11001001 %
1&
1!
#50045009
0!
#50050009
b101110 %
b10 (
b111 '
b10 .
b11010111 -
b111 /
1!
#50055009
0!
#50060009
0#
b0 %
0&
b1000 '
b11 (
b1000 /
b11 .
b10100001 -
1!
#50065009
0!
#50070009
1#
b10100101 %
1&
1!
#50075009
0!
#50080009
0#
b0 %
0&
b1001 '
b100 (
b1001 /
b100 .
b10111101 -
1!
#50085009
0!
#50090009
1#
1!
#50095009
0!
#50100009
0#
b1100011 %
1&
b101 (
b101 .
b11000010 -
1!
#50105009
0!
#50110009
1#
b0 %
0&
b1010 '
b1010 /
1!
#50115009
0!
#50120009
0#
b110 (
b110 .
b10111 -
1!
#50125009
0!
#50130009
b111 %
1&
1!
#50135009
0!
#50140009
b0 %
0&
b1011 '
b1011 /
1!
#50145009
0!
#50150009
1#
1!
#50155009
0!
#50160009
0#
b111 (
b111 .
b11001001 -
1!
#50165009
0!
#50170009
1#
b11011011 %
1&
1!
#50175009
0!
#50180009
b11101000 %
b1100 '
b1000 (
b1100 /
b1000 .
b101110 -
1!
#50185009
0!
#50190009
0#
b1000000 %
b1001 (
b1101 '
b1001 .
b10100101 -
b1101 /
1!
#50195009
0!
#50200009
1#
b10110111 %
b1110 '
b1110 /
1!
#50205009
0!
#50210009
0#
b0 %
0&
b1010 (
b1111 '
b1010 .
b1100011 -
b1111 /
1!
#50215009
0!
#50220009
1#
1!
#50225009
0!
#50230009
0#
b10111100 %
1&
b1011 (
b1011 .
b111 -
1!
#50235009
0!
#50240009
b0 %
0&
b0 '
b10000 /
1!
#50245009
0!
#50250009
1!
#50255009
0!
#50260009
1#
b101110 %
1&
1!
#50265009
0!
#50270009
b1011110 %
b1100 (
b1 '
b1100 .
b11011011 -
b10001 /
1!
#50275009
0!
#50280009
0#
b1001010 %
b10 '
b1101 (
b10010 /
b1101 .
b11101000 -
1!
#50285009
0!
#50290009
b0 %
0&
b11 '
b10011 /
1!
#50295009
0!
#50300009
1#
b1001000 %
1&
1!
#50305009
0!
#50310009
0#
b100110 %
b1110 (
b100 '
b1110 .
b1000000 -
b10100 /
1!
#50315009
0!
#50320009
b0 %
0&
b101 '
b10101 /
1!
#50325009
0!
#50330009
b10001000 %
1&
1!
#50335009
0!
#50340009
b10010110 %
b110 '
b10110 /
1!
#50345009
0!
#50350009
1#
b0 %
0&
b111 '
b10111 /
1!
#50355009
0!
#50360009
b1111 (
b1111 .
b10110111 -
1!
#50365009
0!
#50370009
0#
b11111110 %
1&
b0 (
b10000 .
b10111100 -
1!
#50375009
0!
#50380009
1#
b0 %
0&
b1000 '
b11000 /
1!
#50385009
0!
#50390009
b10101111 %
1&
b1 (
b10001 .
b101110 -
1!
#50395009
0!
#50400009
b0 %
0&
b1001 '
b10 (
b11001 /
b10010 .
b1011110 -
1!
#50405009
0!
#50410009
0#
b11110000 %
1&
b11 (
b10011 .
b1001010 -
1!
#50415009
0!
#50420009
b0 %
0&
b1010 '
b11010 /
1!
#50425009
0!
#50430009
1!
#50435009
0!
#50440009
1#
b1011101 %
1&
1!
#50445009
0!
#50450009
b101110 %
b100 (
b1011 '
b10100 .
b1001000 -
b11011 /
1!
#50455009
0!
#50460009
b10111111 %
b1100 '
b101 (
b11100 /
b10101 .
b100110 -
1!
#50465009
0!
#50470009
0#
0&
0$
b110 (
b1101 '
b10110 .
b10001000 -
b11101 /
1!
#50475009
0!
#50480009
b0 %
1$
b0 '
b0 (
1)
b0 /
b0 -
b0 .
1!
#50485009
0!
#50490009
1#
1!
#50495009
0!
#50500009
b1011011 %
1&
1!
#50505009
0!
#50510009
b0 %
0&
b1 '
0)
b1 /
1!
#50515009
0!
#50520009
b101001 %
1&
b1 (
1)
b1 .
b1011011 -
1!
#50525009
0!
#50530009
b11100001 %
b10 '
0)
b10 /
1!
#50535009
0!
#50540009
b0 %
0&
b11 '
b10 (
b11 /
0)
b10 .
b101001 -
1!
#50545009
0!
#50550009
b10100000 %
1&
b11 (
1)
b11 .
b11100001 -
1!
#50555009
0!
#50560009
b101100 %
b100 '
0)
b100 /
1!
#50565009
0!
#50570009
b0 %
0&
b100 (
b101 '
b100 .
b10100000 -
b101 /
1!
#50575009
0!
#50580009
b101 (
1)
b101 .
b101100 -
1!
#50585009
0!
#50590009
0#
1!
#50595009
0!
#50600009
1#
1!
#50605009
0!
#50610009
0#
b10001110 %
1&
1!
#50615009
0!
#50620009
1#
b0 %
0&
b110 '
0)
b110 /
1!
#50625009
0!
#50630009
0#
b110 (
1)
b110 .
b10001110 -
1!
#50635009
0!
#50640009
1#
b10011111 %
1&
1!
#50645009
0!
#50650009
0#
b100100 %
b111 '
0)
b111 /
1!
#50655009
0!
#50660009
1#
b11001110 %
b1000 '
b1000 /
1!
#50665009
0!
#50670009
b10010111 %
b111 (
b1001 '
b111 .
b10011111 -
b1001 /
1!
#50675009
0!
#50680009
0#
b0 %
0&
b1010 '
b1000 (
b1010 /
b1000 .
b100100 -
1!
#50685009
0!
#50690009
b1111011 %
1&
1!
#50695009
0!
#50700009
1#
b0 %
0&
b1011 '
b1011 /
1!
#50705009
0!
#50710009
0#
b1001 (
b1001 .
b11001110 -
1!
#50715009
0!
#50720009
1#
1!
#50725009
0!
#50730009
0#
b10000000 %
1&
b1010 (
b1010 .
b10010111 -
1!
#50735009
0!
#50740009
b0 %
0&
b1100 '
b1100 /
1!
#50745009
0!
#50750009
1#
1!
#50755009
0!
#50760009
0#
b1011 (
b1011 .
b1111011 -
1!
#50765009
0!
#50770009
1#
1!
#50775009
0!
#50780009
b11100100 %
1&
b1100 (
1)
b1100 .
b10000000 -
1!
#50785009
0!
#50790009
0#
b0 %
0&
b1101 '
0)
b1101 /
1!
#50795009
0!
#50800009
1#
b101000 %
1&
1!
#50805009
0!
#50810009
b1011101 %
b1101 (
b1110 '
b1101 .
b11100100 -
b1110 /
1!
#50815009
0!
#50820009
b10101010 %
b1111 '
b1110 (
b1111 /
0)
b1110 .
b101000 -
1!
#50825009
0!
#50830009
b10011110 %
b1111 (
b0 '
b1111 .
b1011101 -
b10000 /
1!
#50835009
0!
#50840009
0#
b0 %
0&
b1 '
b0 (
b10001 /
0)
b10000 .
b10101010 -
1!
#50845009
0!
#50850009
1#
b110011 %
1&
1!
#50855009
0!
#50860009
b0 %
0&
b10 '
b1 (
b10010 /
0)
b10001 .
b10011110 -
1!
#50865009
0!
#50870009
b10 (
1)
b10010 .
b110011 -
1!
#50875009
0!
#50880009
1!
#50885009
0!
#50890009
1!
#50895009
0!
#50900009
0#
b1110111 %
1&
1!
#50905009
0!
#50910009
1#
b0 %
0&
b11 '
0)
b10011 /
1!
#50915009
0!
#50920009
0#
b11 (
1)
b10011 .
b1110111 -
1!
#50925009
0!
#50930009
1#
1!
#50935009
0!
#50940009
0#
1!
#50945009
0!
#50950009
1#
1!
#50955009
0!
#50960009
0#
1!
#50965009
0!
#50970009
1#
b1011101 %
1&
1!
#50975009
0!
#50980009
0#
b10000100 %
b100 '
0)
b10100 /
1!
#50985009
0!
#50990009
1#
b0 %
0&
b101 '
b10101 /
1!
#50995009
0!
#51000009
0#
b110011 %
1&
b100 (
b10100 .
b1011101 -
1!
#51005009
0!
#51010009
b0 %
0&
b110 '
b10110 /
1!
#51015009
0!
#51020009
1!
#51025009
0!
#51030009
1#
1!
#51035009
0!
#51040009
0#
b100001 %
1&
b101 (
b10101 .
b10000100 -
1!
#51045009
0!
#51050009
1#
b0 %
0&
b111 '
b10111 /
1!
#51055009
0!
#51060009
b110 %
1&
b110 (
b10110 .
b110011 -
1!
#51065009
0!
#51070009
b0 %
0&
b111 (
b1000 '
b10111 .
b100001 -
b11000 /
1!
#51075009
0!
#51080009
b1101101 %
1&
b1000 (
1)
b11000 .
b110 -
1!
#51085009
0!
#51090009
0#
b0 %
0&
b1001 '
0)
b11001 /
1!
#51095009
0!
#51100009
b110000 %
1&
1!
#51105009
0!
#51110009
1#
b0 %
0&
b1010 '
b11010 /
1!
#51115009
0!
#51120009
0#
b1001 (
b11001 .
b1101101 -
1!
#51125009
0!
#51130009
1#
1!
#51135009
0!
#51140009
b1010 (
1)
b11010 .
b110000 -
1!
#51145009
0!
#51150009
b11111001 %
1&
1!
#51155009
0!
#51160009
0#
b0 %
0&
b1011 '
0)
b11011 /
1!
#51165009
0!
#51170009
b11110 %
1&
1!
#51175009
0!
#51180009
1#
b10000110 %
b1100 '
b11100 /
1!
#51185009
0!
#51190009
b0 %
0&
b1011 (
b1101 '
b11011 .
b11111001 -
b11101 /
1!
#51195009
0!
#51200009
0#
b1101111 %
1&
b1100 (
b11100 .
b11110 -
1!
#51205009
0!
#51210009
1#
b0 %
0&
b1110 '
b11110 /
1!
#51215009
0!
#51220009
b1101 (
b11101 .
b10000110 -
1!
#51225009
0!
#51230009
b11000001 %
1&
b1110 (
1)
b11110 .
b1101111 -
1!
#51235009
0!
#51240009
b0 %
0&
b1111 '
0)
b11111 /
1!
#51245009
0!
#51250009
0#
0$
b1111 (
1)
b11111 .
b11000001 -
1!
#51255009
0!
#51260009
1#
b11111100 %
1&
1$
b0 '
b0 (
b0 /
b0 -
1)
b0 .
1!
#51265009
0!
#51270009
b11001000 %
b1 '
0)
b1 /
1!
#51275009
0!
#51280009
0#
b1011110 %
b10 '
b1 (
b10 /
0)
b1 .
b11111100 -
1!
#51285009
0!
#51290009
b0 %
0&
b11 '
b11 /
1!
#51295009
0!
#51300009
1#
1!
#51305009
0!
#51310009
b111 %
1&
b10 (
b10 .
b11001000 -
1!
#51315009
0!
#51320009
b11010111 %
b100 '
b11 (
b100 /
0)
b11 .
b1011110 -
1!
#51325009
0!
#51330009
b11010011 %
b100 (
b101 '
b100 .
b111 -
b101 /
1!
#51335009
0!
#51340009
b111011 %
b110 '
b101 (
b110 /
0)
b101 .
b11010111 -
1!
#51345009
0!
#51350009
b1000101 %
b110 (
b111 '
b110 .
b11010011 -
b111 /
1!
#51355009
0!
#51360009
0#
b10101011 %
b1000 '
b111 (
b1000 /
0)
b111 .
b111011 -
1!
#51365009
0!
#51370009
1#
b0 %
0&
b1001 '
b1001 /
1!
#51375009
0!
#51380009
0#
b1000 (
b1000 .
b1000101 -
1!
#51385009
0!
#51390009
b1011111 %
1&
1!
#51395009
0!
#51400009
b0 %
0&
b1010 '
b1010 /
1!
#51405009
0!
#51410009
1#
b1111011 %
1&
1!
#51415009
0!
#51420009
b0 %
0&
b1011 '
b1001 (
b1011 /
b1001 .
b10101011 -
1!
#51425009
0!
#51430009
0#
0$
b1010 (
b1010 .
b1011111 -
1!
#51435009
0!
#51440009
1#
b1011111 %
1&
1$
b0 '
b0 (
1)
b0 /
b0 -
b0 .
1!
#51445009
0!
#51450009
b1100 %
b1 '
0)
b1 /
1!
#51455009
0!
#51460009
0#
b111010 %
b10 '
b1 (
b10 /
0)
b1 .
b1011111 -
1!
#51465009
0!
#51470009
1#
b11 %
b11 '
b11 /
1!
#51475009
0!
#51480009
0#
b110010 %
b100 '
b10 (
b100 /
b10 .
b1100 -
1!
#51485009
0!
#51490009
b0 %
0&
b101 '
b101 /
1!
#51495009
0!
#51500009
1!
#51505009
0!
#51510009
1#
1!
#51515009
0!
#51520009
0#
0$
b11 (
b11 .
b111010 -
1!
#51525009
0!
#51530009
1#
b111001 %
1&
1$
b0 (
b0 '
b0 -
1)
b0 .
b0 /
1!
#51535009
0!
#51540009
b101001 %
b1 '
0)
b1 /
1!
#51545009
0!
#51550009
0#
b0 %
0&
b1 (
b10 '
b1 .
b111001 -
b10 /
1!
#51555009
0!
#51560009
1#
1!
#51565009
0!
#51570009
0#
b11001 %
1&
b10 (
1)
b10 .
b101001 -
1!
#51575009
0!
#51580009
b0 %
0&
b11 '
0)
b11 /
1!
#51585009
0!
#51590009
1!
#51595009
0!
#51600009
b1001111 %
1&
1!
#51605009
0!
#51610009
b0 %
0&
b100 '
b100 /
1!
#51615009
0!
#51620009
b10011111 %
1&
1!
#51625009
0!
#51630009
b0 %
0&
b101 '
b101 /
1!
#51635009
0!
#51640009
1#
1!
#51645009
0!
#51650009
0#
0$
b11 (
b11 .
b11001 -
1!
#51655009
0!
#51660009
1#
b1000001 %
1&
1$
b0 '
b0 (
1)
b0 /
b0 -
b0 .
1!
#51665009
0!
#51670009
b0 %
0&
b1 '
0)
b1 /
1!
#51675009
0!
#51680009
b10001110 %
1&
b1 (
1)
b1 .
b1000001 -
1!
#51685009
0!
#51690009
0#
b0 %
0&
b10 '
0)
b10 /
1!
#51695009
0!
#51700009
1!
#51705009
0!
#51710009
b10111000 %
1&
1!
#51715009
0!
#51720009
b0 %
0&
b11 '
b11 /
1!
#51725009
0!
#51730009
1!
#51735009
0!
#51740009
1!
#51745009
0!
#51750009
1#
1!
#51755009
0!
#51760009
b10110111 %
1&
b10 (
b10 .
b10001110 -
1!
#51765009
0!
#51770009
0#
b1111100 %
b11 (
b100 '
b11 .
b10111000 -
b100 /
1!
#51775009
0!
#51780009
b1000010 %
b101 '
b101 /
1!
#51785009
0!
#51790009
b11010000 %
b110 '
b110 /
1!
#51795009
0!
#51800009
b11101 %
b111 '
b111 /
1!
#51805009
0!
#51810009
1#
b0 %
0&
b1000 '
b1000 /
1!
#51815009
0!
#51820009
b110001 %
1&
b100 (
b100 .
b10110111 -
1!
#51825009
0!
#51830009
0#
b1011 %
b101 (
b1001 '
b101 .
b1111100 -
b1001 /
1!
#51835009
0!
#51840009
1#
b0 %
0&
b1010 '
b1010 /
1!
#51845009
0!
#51850009
0#
b110 (
b110 .
b1000010 -
1!
#51855009
0!
#51860009
b10100 %
1&
1!
#51865009
0!
#51870009
b1101111 %
b1011 '
b1011 /
1!
#51875009
0!
#51880009
0&
b1100 '
b1100 /
1!
